regime,seed,data_seed,model_seed,n_samples,n_features,n_classes,activation,optimizer,learning_rate,method,epoch,train_loss,train_accuracy,val_loss,val_accuracy,test_loss,test_accuracy
medium,0,100000,1000,6000,32,5,relu,sgd,0.03,ECED,0,1.6308375476655506,0.1626190476190476,1.635405486424764,0.14888888888888888,1.6301036092970107,0.16333333333333333
medium,0,100000,1000,6000,32,5,relu,sgd,0.03,ECED,1,0.6530205445062547,0.8285714285714286,0.6616916743914286,0.8211111111111111,0.6782364988327027,0.81
medium,0,100000,1000,6000,32,5,relu,sgd,0.03,ECED,2,0.37647003173828125,0.9,0.4072965346442329,0.8877777777777778,0.4615200397703383,0.8711111111111111
medium,0,100000,1000,6000,32,5,relu,sgd,0.03,ECED,3,0.3430974251883371,0.9116666666666666,0.38279579586452905,0.8922222222222222,0.4451334873835246,0.8777777777777778
medium,0,100000,1000,6000,32,5,relu,sgd,0.03,ECED,4,0.3101966835203625,0.9226190476190477,0.3709206387731764,0.9,0.42756583213806154,0.89
medium,0,100000,1000,6000,32,5,relu,sgd,0.03,ECED,5,0.28332112130664644,0.9330952380952381,0.3672702196571562,0.9077777777777778,0.42182329204347396,0.8933333333333333
medium,0,100000,1000,6000,32,5,relu,sgd,0.03,ECED,6,0.26009877000536236,0.9378571428571428,0.3583343027697669,0.9033333333333333,0.4136962774064806,0.8955555555555555
medium,0,100000,1000,6000,32,5,relu,sgd,0.03,ECED,7,0.2413966433207194,0.9471428571428572,0.3558335770501031,0.9044444444444445,0.41459644582536487,0.9055555555555556
medium,0,100000,1000,6000,32,5,relu,sgd,0.03,ECED,8,0.22466475509461903,0.9514285714285714,0.3620033197270499,0.9033333333333333,0.4258725849787394,0.8888888888888888
medium,0,100000,1000,6000,32,5,relu,sgd,0.03,ECED,9,0.20609963099161785,0.9564285714285714,0.35863203128178917,0.9011111111111111,0.4140748612085978,0.9
medium,0,100000,1000,6000,32,5,relu,sgd,0.03,ECED,10,0.19117768900735038,0.9602380952380952,0.3598217311170366,0.9011111111111111,0.4268961893187629,0.8933333333333333
medium,0,100000,1000,6000,32,5,relu,sgd,0.03,ECED,11,0.18523134753817605,0.9592857142857143,0.372735940085517,0.9033333333333333,0.43767858452267117,0.8944444444444445
medium,0,100000,1000,6000,32,5,relu,sgd,0.03,ECED,12,0.16623366605667841,0.965952380952381,0.37193693253729077,0.9011111111111111,0.4291941081153022,0.8966666666666666
medium,0,100000,1000,6000,32,5,relu,sgd,0.03,ECED,13,0.15415289583660308,0.9697619047619047,0.38023795392778187,0.9,0.462704283396403,0.8833333333333333
medium,0,100000,1000,6000,32,5,relu,sgd,0.03,ECED,14,0.1433677541641962,0.9695238095238096,0.38675930354330273,0.8955555555555555,0.4547712508837382,0.8855555555555555
medium,0,100000,1000,6000,32,5,relu,sgd,0.03,ECED,15,0.12415726321084158,0.9757142857142858,0.38958351214726766,0.8988888888888888,0.47165418571896023,0.8866666666666667
medium,0,100000,1000,6000,32,5,relu,sgd,0.03,ECED,16,0.1125326917285011,0.9764285714285714,0.4100723297066159,0.8933333333333333,0.47675546142790054,0.8922222222222222
medium,0,100000,1000,6000,32,5,relu,sgd,0.03,ECED,17,0.10388877448581514,0.979047619047619,0.4015066914425956,0.9,0.4783174949222141,0.8855555555555555
medium,0,100000,1000,6000,32,5,relu,sgd,0.03,ECED,18,0.09592571383430844,0.9816666666666667,0.43747781687312653,0.8922222222222222,0.4979796091715495,0.8822222222222222
medium,0,100000,1000,6000,32,5,relu,sgd,0.03,ECED,19,0.08045049695741563,0.9852380952380952,0.4256551387574938,0.8944444444444445,0.5154224157333374,0.88
medium,0,100000,1000,6000,32,5,relu,sgd,0.03,ECED,20,0.0754761220727648,0.9842857142857143,0.4704549094041189,0.8944444444444445,0.5350017356872558,0.8766666666666667
medium,0,100000,1000,6000,32,5,relu,sgd,0.03,He,0,2.0608871023995534,0.1626190476190476,2.0992424721188017,0.14888888888888888,2.0465383932325576,0.16333333333333333
medium,0,100000,1000,6000,32,5,relu,sgd,0.03,He,1,0.4449260984148298,0.8716666666666667,0.46646888468000625,0.8588888888888889,0.5320990795559354,0.8444444444444444
medium,0,100000,1000,6000,32,5,relu,sgd,0.03,He,2,0.34779889015924365,0.9107142857142857,0.4189857761065165,0.8833333333333333,0.46860894600550335,0.8711111111111111
medium,0,100000,1000,6000,32,5,relu,sgd,0.03,He,3,0.32553870609828406,0.9119047619047619,0.4042903253104952,0.8888888888888888,0.4817138968573676,0.8666666666666667
medium,0,100000,1000,6000,32,5,relu,sgd,0.03,He,4,0.28121675355093817,0.930952380952381,0.38870836814244586,0.8955555555555555,0.45792956034342447,0.8855555555555555
medium,0,100000,1000,6000,32,5,relu,sgd,0.03,He,5,0.2573423412867955,0.940952380952381,0.3968049218919542,0.8933333333333333,0.46227437098821006,0.8744444444444445
medium,0,100000,1000,6000,32,5,relu,sgd,0.03,He,6,0.23093359402247837,0.9469047619047619,0.3848361376921336,0.8955555555555555,0.4608266909917196,0.89
medium,0,100000,1000,6000,32,5,relu,sgd,0.03,He,7,0.21357296830131894,0.9511904761904761,0.390473560889562,0.8988888888888888,0.46744730048709443,0.8911111111111111
medium,0,100000,1000,6000,32,5,relu,sgd,0.03,He,8,0.19348368803660074,0.9576190476190476,0.39223287906911636,0.8966666666666666,0.4742804500791762,0.88
medium,0,100000,1000,6000,32,5,relu,sgd,0.03,He,9,0.17207960878099715,0.9614285714285714,0.4015673757923974,0.8944444444444445,0.4697950988345676,0.88
medium,0,100000,1000,6000,32,5,relu,sgd,0.03,He,10,0.15380127781913394,0.965952380952381,0.40087880214055377,0.8955555555555555,0.4815137232674493,0.8788888888888889
medium,0,100000,1000,6000,32,5,relu,sgd,0.03,He,11,0.14651651450565883,0.9666666666666667,0.41567690438694427,0.8966666666666666,0.49872748692830404,0.8811111111111111
medium,0,100000,1000,6000,32,5,relu,sgd,0.03,He,12,0.12553106682641166,0.9721428571428572,0.4179849670992957,0.8933333333333333,0.49903389083014593,0.88
medium,0,100000,1000,6000,32,5,relu,sgd,0.03,He,13,0.11550283761251541,0.9754761904761905,0.4252860950099097,0.8977777777777778,0.5377071905136108,0.87
medium,0,100000,1000,6000,32,5,relu,sgd,0.03,He,14,0.10214942546117874,0.9778571428571429,0.4443134125073751,0.8877777777777778,0.5285703961054484,0.88
medium,0,100000,1000,6000,32,5,relu,sgd,0.03,He,15,0.08447623502640497,0.9833333333333333,0.4518353348970413,0.8888888888888888,0.5426431359185113,0.8766666666666667
medium,0,100000,1000,6000,32,5,relu,sgd,0.03,He,16,0.07392235517501831,0.9840476190476191,0.4696451591120826,0.8877777777777778,0.5535896052254571,0.88
medium,0,100000,1000,6000,32,5,relu,sgd,0.03,He,17,0.06500170457930791,0.9873809523809524,0.4778572255373001,0.89,0.5798720682991876,0.8766666666666667
medium,0,100000,1000,6000,32,5,relu,sgd,0.03,He,18,0.059871505896250406,0.9897619047619047,0.5044254944059584,0.8822222222222222,0.5976260916392009,0.8733333333333333
medium,0,100000,1000,6000,32,5,relu,sgd,0.03,He,19,0.047256720236369544,0.9911904761904762,0.5144002457459768,0.8911111111111111,0.6334652190738254,0.87
medium,0,100000,1000,6000,32,5,relu,sgd,0.03,He,20,0.04666589271454584,0.991904761904762,0.5321064813931783,0.8888888888888888,0.6507049338022868,0.8655555555555555
medium,0,100000,1000,6000,32,5,relu,sgd,0.03,Xavier,0,1.9519480968656995,0.1626190476190476,1.9839753156238131,0.14888888888888888,1.9407494195302328,0.16333333333333333
medium,0,100000,1000,6000,32,5,relu,sgd,0.03,Xavier,1,0.4471157895951044,0.8733333333333333,0.4618104518784417,0.8711111111111111,0.5233186557557847,0.8411111111111111
medium,0,100000,1000,6000,32,5,relu,sgd,0.03,Xavier,2,0.33336231140863326,0.9164285714285715,0.40548443608813817,0.8855555555555555,0.4498673091994392,0.8744444444444445
medium,0,100000,1000,6000,32,5,relu,sgd,0.03,Xavier,3,0.3034558391571045,0.9221428571428572,0.3849016808138953,0.8955555555555555,0.4581475143962436,0.8766666666666667
medium,0,100000,1000,6000,32,5,relu,sgd,0.03,Xavier,4,0.2641427825746082,0.9345238095238095,0.3805866320927938,0.8955555555555555,0.4349797519048055,0.8866666666666667
medium,0,100000,1000,6000,32,5,relu,sgd,0.03,Xavier,5,0.2502693539574033,0.9402380952380952,0.39017116645971933,0.8966666666666666,0.4615477360619439,0.8755555555555555
medium,0,100000,1000,6000,32,5,relu,sgd,0.03,Xavier,6,0.22192218349093482,0.9473809523809524,0.3811385511027442,0.8922222222222222,0.4457664879163106,0.8933333333333333
medium,0,100000,1000,6000,32,5,relu,sgd,0.03,Xavier,7,0.19586197308131625,0.9580952380952381,0.37791731741693285,0.9022222222222223,0.4501344161563449,0.8911111111111111
medium,0,100000,1000,6000,32,5,relu,sgd,0.03,Xavier,8,0.17994815599350703,0.9623809523809523,0.382403162850274,0.8955555555555555,0.4536536447207133,0.8822222222222222
medium,0,100000,1000,6000,32,5,relu,sgd,0.03,Xavier,9,0.15887486548650834,0.9647619047619047,0.389233732091056,0.8955555555555555,0.4551070661014981,0.8855555555555555
medium,0,100000,1000,6000,32,5,relu,sgd,0.03,Xavier,10,0.1428204261688959,0.969047619047619,0.39458725187513566,0.8911111111111111,0.46737258328331843,0.8866666666666667
medium,0,100000,1000,6000,32,5,relu,sgd,0.03,Xavier,11,0.13323502517881847,0.97,0.40635400182671017,0.8944444444444445,0.4855170112186008,0.8866666666666667
medium,0,100000,1000,6000,32,5,relu,sgd,0.03,Xavier,12,0.11303578433536347,0.9754761904761905,0.42051740401320986,0.8977777777777778,0.48585452212227714,0.8877777777777778
medium,0,100000,1000,6000,32,5,relu,sgd,0.03,Xavier,13,0.10130234082539877,0.979047619047619,0.428451599544949,0.9022222222222223,0.5263214455710516,0.8755555555555555
medium,0,100000,1000,6000,32,5,relu,sgd,0.03,Xavier,14,0.08653749386469523,0.9842857142857143,0.43898610717720454,0.8922222222222222,0.5088131931093004,0.8777777777777778
medium,0,100000,1000,6000,32,5,relu,sgd,0.03,Xavier,15,0.07290831492060706,0.9859523809523809,0.45288006338808273,0.8844444444444445,0.5386175616582235,0.8733333333333333
medium,0,100000,1000,6000,32,5,relu,sgd,0.03,Xavier,16,0.06325460717791603,0.9883333333333333,0.46649919268157747,0.8888888888888888,0.5440701206525167,0.8822222222222222
medium,0,100000,1000,6000,32,5,relu,sgd,0.03,Xavier,17,0.053932700951894126,0.9914285714285714,0.47420448674096,0.8855555555555555,0.5645956092410618,0.8733333333333333
medium,0,100000,1000,6000,32,5,relu,sgd,0.03,Xavier,18,0.048418971129826134,0.9930952380952381,0.5067393665677972,0.88,0.5774224434958564,0.8722222222222222
medium,0,100000,1000,6000,32,5,relu,sgd,0.03,Xavier,19,0.03959581681660244,0.9940476190476191,0.5112410965727435,0.8855555555555555,0.6157481617397732,0.8677777777777778
medium,0,100000,1000,6000,32,5,relu,sgd,0.03,Xavier,20,0.03430697094826471,0.996904761904762,0.5217125302718746,0.8833333333333333,0.6232880216174655,0.8688888888888889
medium,0,100000,1000,6000,32,5,relu,sgd,0.03,Orthogonal,0,1.697706033615839,0.1730952380952381,1.6953521103329128,0.17666666666666667,1.6824608739217122,0.19
medium,0,100000,1000,6000,32,5,relu,sgd,0.03,Orthogonal,1,0.4498049999418713,0.8721428571428571,0.437371549738778,0.8822222222222222,0.5068593676884969,0.8455555555555555
medium,0,100000,1000,6000,32,5,relu,sgd,0.03,Orthogonal,2,0.33883636202131,0.9119047619047619,0.3887188492880927,0.8866666666666667,0.43245576196246677,0.88
medium,0,100000,1000,6000,32,5,relu,sgd,0.03,Orthogonal,3,0.3004435498373849,0.9238095238095239,0.36736760391129386,0.9066666666666666,0.42338494194878473,0.8877777777777778
medium,0,100000,1000,6000,32,5,relu,sgd,0.03,Orthogonal,4,0.2731444767543248,0.9335714285714286,0.36898382676972286,0.9088888888888889,0.4168589962853326,0.8955555555555555
medium,0,100000,1000,6000,32,5,relu,sgd,0.03,Orthogonal,5,0.25280403772989907,0.9414285714285714,0.36885145518514845,0.9011111111111111,0.4268352476755778,0.8866666666666667
medium,0,100000,1000,6000,32,5,relu,sgd,0.03,Orthogonal,6,0.22306832109178815,0.9519047619047619,0.35706847416030035,0.9133333333333333,0.41373732884724934,0.9
medium,0,100000,1000,6000,32,5,relu,sgd,0.03,Orthogonal,7,0.20225393613179524,0.9592857142857143,0.3611660972568724,0.92,0.41342186662885877,0.9011111111111111
medium,0,100000,1000,6000,32,5,relu,sgd,0.03,Orthogonal,8,0.18193818637302944,0.9614285714285714,0.3618795497549905,0.9088888888888889,0.42123240841759574,0.8977777777777778
medium,0,100000,1000,6000,32,5,relu,sgd,0.03,Orthogonal,9,0.16175709951491582,0.9664285714285714,0.3740785446431902,0.9166666666666666,0.4175222990247938,0.9
medium,0,100000,1000,6000,32,5,relu,sgd,0.03,Orthogonal,10,0.14510404768444243,0.9702380952380952,0.373537748058637,0.9144444444444444,0.43073277526431614,0.8988888888888888
medium,0,100000,1000,6000,32,5,relu,sgd,0.03,Orthogonal,11,0.13361297403063094,0.9709523809523809,0.3875392524401347,0.91,0.4355681000815497,0.8955555555555555
medium,0,100000,1000,6000,32,5,relu,sgd,0.03,Orthogonal,12,0.11954388118925549,0.9738095238095238,0.41841422968440584,0.9088888888888889,0.452481255531311,0.8977777777777778
medium,0,100000,1000,6000,32,5,relu,sgd,0.03,Orthogonal,13,0.10837488787514823,0.975,0.43630446791648864,0.8955555555555555,0.4742930385801527,0.8855555555555555
medium,0,100000,1000,6000,32,5,relu,sgd,0.03,Orthogonal,14,0.08658590044294084,0.9821428571428571,0.4292163681652811,0.9022222222222223,0.47515452888276843,0.8955555555555555
medium,0,100000,1000,6000,32,5,relu,sgd,0.03,Orthogonal,15,0.07395597264880226,0.9845238095238096,0.44501512275801763,0.8911111111111111,0.5000126051902771,0.8855555555555555
medium,0,100000,1000,6000,32,5,relu,sgd,0.03,Orthogonal,16,0.06340944960003807,0.9871428571428571,0.46543072905805377,0.9,0.5110988505681355,0.8933333333333333
medium,0,100000,1000,6000,32,5,relu,sgd,0.03,Orthogonal,17,0.05610050769079299,0.9873809523809524,0.4831732694307963,0.8966666666666666,0.5211299329333835,0.89
medium,0,100000,1000,6000,32,5,relu,sgd,0.03,Orthogonal,18,0.047401529323487054,0.9928571428571429,0.4996476039621565,0.8877777777777778,0.540438887808058,0.8911111111111111
medium,0,100000,1000,6000,32,5,relu,sgd,0.03,Orthogonal,19,0.03687636806851342,0.9921428571428571,0.5157882947391934,0.8966666666666666,0.5687947638829549,0.89
medium,0,100000,1000,6000,32,5,relu,sgd,0.03,Orthogonal,20,0.03671024708520799,0.9935714285714285,0.5505154391129812,0.89,0.5920412980185614,0.8844444444444445
medium,1,100001,1001,6000,32,5,relu,sgd,0.03,ECED,0,1.6087573641822452,0.24285714285714285,1.6113704744974773,0.24444444444444444,1.6099298159281412,0.25333333333333335
medium,1,100001,1001,6000,32,5,relu,sgd,0.03,ECED,1,1.0755495580037435,0.6090476190476191,1.1028114933437771,0.6022222222222222,1.081979989475674,0.6122222222222222
medium,1,100001,1001,6000,32,5,relu,sgd,0.03,ECED,2,0.3949988842010498,0.8942857142857142,0.47732922090424434,0.8677777777777778,0.4469738335079617,0.8777777777777778
medium,1,100001,1001,6000,32,5,relu,sgd,0.03,ECED,3,0.3028491133735293,0.9288095238095239,0.3782485827472475,0.9088888888888889,0.3645292928483751,0.9055555555555556
medium,1,100001,1001,6000,32,5,relu,sgd,0.03,ECED,4,0.2782643433979579,0.9366666666666666,0.36596505648559996,0.91,0.3489799422522386,0.9166666666666666
medium,1,100001,1001,6000,32,5,relu,sgd,0.03,ECED,5,0.26236971196674164,0.9433333333333334,0.3622278380725119,0.9155555555555556,0.34746669066449004,0.9144444444444444
medium,1,100001,1001,6000,32,5,relu,sgd,0.03,ECED,6,0.24591153303782146,0.9471428571428572,0.358499872121546,0.9177777777777778,0.3430663624405861,0.9155555555555556
medium,1,100001,1001,6000,32,5,relu,sgd,0.03,ECED,7,0.23284538677760533,0.949047619047619,0.3551947667863634,0.9188888888888889,0.3386392386588785,0.9177777777777778
medium,1,100001,1001,6000,32,5,relu,sgd,0.03,ECED,8,0.21955635411398752,0.955,0.35631999909877776,0.9222222222222223,0.3426657896074984,0.9188888888888889
medium,1,100001,1001,6000,32,5,relu,sgd,0.03,ECED,9,0.21076866899217878,0.9561904761904761,0.3569092744506068,0.93,0.3507776063473688,0.9144444444444444
medium,1,100001,1001,6000,32,5,relu,sgd,0.03,ECED,10,0.1956028227579026,0.9607142857142857,0.3572090235021379,0.9244444444444444,0.3356294671818614,0.92
medium,1,100001,1001,6000,32,5,relu,sgd,0.03,ECED,11,0.18372150012425015,0.9628571428571429,0.3621614002850321,0.9244444444444444,0.34699120229731,0.9177777777777778
medium,1,100001,1001,6000,32,5,relu,sgd,0.03,ECED,12,0.17648855811073666,0.9635714285714285,0.3716898051235411,0.9177777777777778,0.34691944882273673,0.9222222222222223
medium,1,100001,1001,6000,32,5,relu,sgd,0.03,ECED,13,0.16013473340443202,0.9692857142857143,0.37184968315892747,0.92,0.3517400341439578,0.92
medium,1,100001,1001,6000,32,5,relu,sgd,0.03,ECED,14,0.1498175971848624,0.9721428571428572,0.3798389099041621,0.9211111111111111,0.361355150124679,0.9155555555555556
medium,1,100001,1001,6000,32,5,relu,sgd,0.03,ECED,15,0.13973736728940692,0.9730952380952381,0.38792250501612824,0.92,0.3697889729589224,0.9133333333333333
medium,1,100001,1001,6000,32,5,relu,sgd,0.03,ECED,16,0.12725694463366555,0.9757142857142858,0.3978211165799035,0.9133333333333333,0.3692050535625054,0.9133333333333333
medium,1,100001,1001,6000,32,5,relu,sgd,0.03,ECED,17,0.12106768869218372,0.9752380952380952,0.4089487859027253,0.9133333333333333,0.38586036402318213,0.9111111111111111
medium,1,100001,1001,6000,32,5,relu,sgd,0.03,ECED,18,0.10896280969892229,0.9792857142857143,0.4244021175470617,0.9066666666666666,0.378443159237504,0.9111111111111111
medium,1,100001,1001,6000,32,5,relu,sgd,0.03,ECED,19,0.09975062824430919,0.9802380952380952,0.43565942630999616,0.9066666666666666,0.41640791763655016,0.9022222222222223
medium,1,100001,1001,6000,32,5,relu,sgd,0.03,ECED,20,0.0898342926729293,0.981904761904762,0.4462702719618877,0.9011111111111111,0.4040597131020493,0.9033333333333333
medium,1,100001,1001,6000,32,5,relu,sgd,0.03,He,0,2.0816793605259485,0.24285714285714285,2.1331437789069283,0.24444444444444444,2.0909556198120116,0.25333333333333335
medium,1,100001,1001,6000,32,5,relu,sgd,0.03,He,1,0.40496309416634696,0.8940476190476191,0.46346972909238604,0.8744444444444445,0.44683764333526294,0.8855555555555555
medium,1,100001,1001,6000,32,5,relu,sgd,0.03,He,2,0.34494940576099214,0.9066666666666666,0.44263185607062444,0.8777777777777778,0.4313931420776579,0.88
medium,1,100001,1001,6000,32,5,relu,sgd,0.03,He,3,0.28547177746182395,0.9297619047619048,0.3980753591325548,0.9044444444444445,0.39661987908184526,0.9033333333333333
medium,1,100001,1001,6000,32,5,relu,sgd,0.03,He,4,0.2502406633467901,0.9421428571428572,0.3850070159965091,0.9088888888888889,0.36484172826011974,0.9066666666666666
medium,1,100001,1001,6000,32,5,relu,sgd,0.03,He,5,0.22882936795552572,0.950952380952381,0.387533579799864,0.9144444444444444,0.3657446696360906,0.91
medium,1,100001,1001,6000,32,5,relu,sgd,0.03,He,6,0.2082883371625628,0.9542857142857143,0.38248254974683127,0.9188888888888889,0.36845676529738636,0.9044444444444445
medium,1,100001,1001,6000,32,5,relu,sgd,0.03,He,7,0.19613517852056594,0.9561904761904761,0.39196429590384163,0.91,0.37607992331600854,0.9111111111111111
medium,1,100001,1001,6000,32,5,relu,sgd,0.03,He,8,0.1753286463873727,0.9616666666666667,0.39986896435419717,0.9144444444444444,0.38048100125872425,0.9011111111111111
medium,1,100001,1001,6000,32,5,relu,sgd,0.03,He,9,0.15727002666110085,0.9669047619047619,0.40698238333066306,0.9133333333333333,0.37350523252040146,0.91
medium,1,100001,1001,6000,32,5,relu,sgd,0.03,He,10,0.1457466761271159,0.9704761904761905,0.4140381320317586,0.9122222222222223,0.39545923120445675,0.9022222222222223
medium,1,100001,1001,6000,32,5,relu,sgd,0.03,He,11,0.12995283353896367,0.9738095238095238,0.4271677654319339,0.9033333333333333,0.3901733185309503,0.9022222222222223
medium,1,100001,1001,6000,32,5,relu,sgd,0.03,He,12,0.11913306974229358,0.9742857142857143,0.4484234462844001,0.9,0.41431479550277195,0.8977777777777778
medium,1,100001,1001,6000,32,5,relu,sgd,0.03,He,13,0.11382085618518648,0.9752380952380952,0.4653563540842798,0.9,0.43075513543975025,0.8833333333333333
medium,1,100001,1001,6000,32,5,relu,sgd,0.03,He,14,0.09217465287163144,0.9788095238095238,0.46553671134842767,0.9022222222222223,0.42706917151498297,0.8966666666666666
medium,1,100001,1001,6000,32,5,relu,sgd,0.03,He,15,0.08556530776477995,0.98,0.5069785834352175,0.9011111111111111,0.4620320141563813,0.8933333333333333
medium,1,100001,1001,6000,32,5,relu,sgd,0.03,He,16,0.06945050881022499,0.9826190476190476,0.50662232293023,0.8955555555555555,0.45140715895945,0.8922222222222222
medium,1,100001,1001,6000,32,5,relu,sgd,0.03,He,17,0.068815628914606,0.9852380952380952,0.5262168134583367,0.8911111111111111,0.4784284933925503,0.8866666666666667
medium,1,100001,1001,6000,32,5,relu,sgd,0.03,He,18,0.0529429262592679,0.9885714285714285,0.5549806873003642,0.8922222222222222,0.4835737759599255,0.8855555555555555
medium,1,100001,1001,6000,32,5,relu,sgd,0.03,He,19,0.043319389734949386,0.9923809523809524,0.5706206361452738,0.8933333333333333,0.5154966493240661,0.8844444444444445
medium,1,100001,1001,6000,32,5,relu,sgd,0.03,He,20,0.03815178419862475,0.9921428571428571,0.5808742739094628,0.8855555555555555,0.5140357613429013,0.8844444444444445
medium,1,100001,1001,6000,32,5,relu,sgd,0.03,Xavier,0,1.9489672197614398,0.24285714285714285,1.9915257681740655,0.24444444444444444,1.9579873741997613,0.25333333333333335
medium,1,100001,1001,6000,32,5,relu,sgd,0.03,Xavier,1,0.4042195774260021,0.8926190476190476,0.45947164684534075,0.8855555555555555,0.4419683714128203,0.8933333333333333
medium,1,100001,1001,6000,32,5,relu,sgd,0.03,Xavier,2,0.3128750882829939,0.9254761904761905,0.40543333027097916,0.8911111111111111,0.40037834895981683,0.8977777777777778
medium,1,100001,1001,6000,32,5,relu,sgd,0.03,Xavier,3,0.2660450092951457,0.9411904761904762,0.3817453752623664,0.9144444444444444,0.3747091080662277,0.91
medium,1,100001,1001,6000,32,5,relu,sgd,0.03,Xavier,4,0.2424281138465518,0.9454761904761905,0.3748569722970327,0.91,0.35850237684117425,0.9111111111111111
medium,1,100001,1001,6000,32,5,relu,sgd,0.03,Xavier,5,0.22121352104913622,0.9511904761904761,0.3765430378748311,0.9177777777777778,0.3611723369194402,0.9144444444444444
medium,1,100001,1001,6000,32,5,relu,sgd,0.03,Xavier,6,0.19813256218319847,0.9583333333333334,0.3715919385353724,0.9166666666666666,0.35681251853704454,0.9144444444444444
medium,1,100001,1001,6000,32,5,relu,sgd,0.03,Xavier,7,0.18598363740103585,0.9573809523809523,0.3846209931042459,0.9111111111111111,0.36494290581593913,0.91
medium,1,100001,1001,6000,32,5,relu,sgd,0.03,Xavier,8,0.16778892959867206,0.965952380952381,0.3897975676589542,0.9077777777777778,0.3744176246722539,0.9088888888888889
medium,1,100001,1001,6000,32,5,relu,sgd,0.03,Xavier,9,0.14834713708786737,0.9697619047619047,0.39691138493518036,0.9188888888888889,0.37155595821638904,0.91
medium,1,100001,1001,6000,32,5,relu,sgd,0.03,Xavier,10,0.13494969447453817,0.9716666666666667,0.4056371442062987,0.9155555555555556,0.3829808921698067,0.9066666666666666
medium,1,100001,1001,6000,32,5,relu,sgd,0.03,Xavier,11,0.12030810957863217,0.9752380952380952,0.419026364783446,0.9077777777777778,0.39525632177790004,0.9055555555555556
medium,1,100001,1001,6000,32,5,relu,sgd,0.03,Xavier,12,0.11002119450342088,0.9761904761904762,0.4382398678527938,0.9022222222222223,0.4140137106883857,0.9033333333333333
medium,1,100001,1001,6000,32,5,relu,sgd,0.03,Xavier,13,0.09878079879851569,0.9788095238095238,0.4535730808393823,0.9,0.4326155384961102,0.9022222222222223
medium,1,100001,1001,6000,32,5,relu,sgd,0.03,Xavier,14,0.08298553466796875,0.9802380952380952,0.46332213580608367,0.9055555555555556,0.4258400486740801,0.9033333333333333
medium,1,100001,1001,6000,32,5,relu,sgd,0.03,Xavier,15,0.07562701917829967,0.9840476190476191,0.4874476022935576,0.9,0.4625232954819997,0.8977777777777778
medium,1,100001,1001,6000,32,5,relu,sgd,0.03,Xavier,16,0.06236767643973941,0.9861904761904762,0.4870719149460395,0.8933333333333333,0.45080303147435186,0.9033333333333333
medium,1,100001,1001,6000,32,5,relu,sgd,0.03,Xavier,17,0.058560002588090444,0.9897619047619047,0.5145754287536773,0.8933333333333333,0.4747782899356551,0.8977777777777778
medium,1,100001,1001,6000,32,5,relu,sgd,0.03,Xavier,18,0.04935410022735596,0.9895238095238095,0.5385743227021562,0.89,0.47418931134872966,0.8955555555555555
medium,1,100001,1001,6000,32,5,relu,sgd,0.03,Xavier,19,0.04052461382888612,0.991904761904762,0.5462946993526485,0.8911111111111111,0.4983631692619787,0.8877777777777778
medium,1,100001,1001,6000,32,5,relu,sgd,0.03,Xavier,20,0.034778093269893104,0.9923809523809524,0.5686534113592158,0.8911111111111111,0.5094394117614461,0.8922222222222222
medium,1,100001,1001,6000,32,5,relu,sgd,0.03,Orthogonal,0,1.7334605916341146,0.21428571428571427,1.754130983352661,0.22,1.7452821646796333,0.22666666666666666
medium,1,100001,1001,6000,32,5,relu,sgd,0.03,Orthogonal,1,0.3898648334684826,0.905,0.4524064861403571,0.8888888888888888,0.4330872378498316,0.9088888888888889
medium,1,100001,1001,6000,32,5,relu,sgd,0.03,Orthogonal,2,0.3126137856074742,0.9233333333333333,0.3970211395290163,0.9044444444444445,0.3890970265534189,0.9
medium,1,100001,1001,6000,32,5,relu,sgd,0.03,Orthogonal,3,0.270261108761742,0.9373809523809524,0.3753142907884386,0.9111111111111111,0.35523120898339483,0.9155555555555556
medium,1,100001,1001,6000,32,5,relu,sgd,0.03,Orthogonal,4,0.25121982460930237,0.9428571428571428,0.3803669699695375,0.9044444444444445,0.3497179727587435,0.9155555555555556
medium,1,100001,1001,6000,32,5,relu,sgd,0.03,Orthogonal,5,0.23050853751954578,0.9502380952380952,0.36925073713064194,0.9188888888888889,0.34856981873512266,0.9211111111111111
medium,1,100001,1001,6000,32,5,relu,sgd,0.03,Orthogonal,6,0.21132988702683222,0.9542857142857143,0.36904341952668296,0.9166666666666666,0.3473906241522895,0.92
medium,1,100001,1001,6000,32,5,relu,sgd,0.03,Orthogonal,7,0.20040873709179105,0.9573809523809523,0.37495794451899,0.9111111111111111,0.35072150111198425,0.92
medium,1,100001,1001,6000,32,5,relu,sgd,0.03,Orthogonal,8,0.18253271443503244,0.9619047619047619,0.3737742571698295,0.9155555555555556,0.35661278021004467,0.9088888888888889
medium,1,100001,1001,6000,32,5,relu,sgd,0.03,Orthogonal,9,0.16676764022736323,0.965952380952381,0.3756775465607643,0.92,0.35490082495742376,0.92
medium,1,100001,1001,6000,32,5,relu,sgd,0.03,Orthogonal,10,0.1521248611949739,0.9709523809523809,0.3752498377859592,0.9211111111111111,0.35443784145017465,0.9177777777777778
medium,1,100001,1001,6000,32,5,relu,sgd,0.03,Orthogonal,11,0.13846276544389272,0.9735714285714285,0.39046038462056054,0.9111111111111111,0.3639171317550871,0.9166666666666666
medium,1,100001,1001,6000,32,5,relu,sgd,0.03,Orthogonal,12,0.12951250973201933,0.9742857142857143,0.4028069869677226,0.9077777777777778,0.362224560028149,0.9222222222222223
medium,1,100001,1001,6000,32,5,relu,sgd,0.03,Orthogonal,13,0.11960851135708037,0.9735714285714285,0.4051578708489736,0.92,0.37873417219354044,0.9144444444444444
medium,1,100001,1001,6000,32,5,relu,sgd,0.03,Orthogonal,14,0.10210641157059443,0.9788095238095238,0.4136611094408565,0.91,0.3821863301305307,0.9122222222222223
medium,1,100001,1001,6000,32,5,relu,sgd,0.03,Orthogonal,15,0.09393212295713879,0.9795238095238096,0.4292076044281324,0.9077777777777778,0.4062578592946132,0.9111111111111111
medium,1,100001,1001,6000,32,5,relu,sgd,0.03,Orthogonal,16,0.08100614848591033,0.9826190476190476,0.44179590953720943,0.9033333333333333,0.4119564583732022,0.9088888888888889
medium,1,100001,1001,6000,32,5,relu,sgd,0.03,Orthogonal,17,0.07526475219499497,0.9842857142857143,0.4449034348461363,0.9044444444444445,0.40732166670676734,0.9166666666666666
medium,1,100001,1001,6000,32,5,relu,sgd,0.03,Orthogonal,18,0.061818451370511736,0.986904761904762,0.4639646057287852,0.9022222222222223,0.4233829423454073,0.9111111111111111
medium,1,100001,1001,6000,32,5,relu,sgd,0.03,Orthogonal,19,0.05276757864725022,0.9876190476190476,0.4753317944208781,0.8988888888888888,0.44753023991982144,0.9033333333333333
medium,1,100001,1001,6000,32,5,relu,sgd,0.03,Orthogonal,20,0.04642260988553365,0.9892857142857143,0.4828895988066991,0.9033333333333333,0.4517348888930347,0.9066666666666666
medium,2,100002,1002,6000,32,5,relu,sgd,0.03,ECED,0,1.643588151477632,0.1926190476190476,1.6459936820136176,0.20666666666666667,1.6505603652530247,0.18777777777777777
medium,2,100002,1002,6000,32,5,relu,sgd,0.03,ECED,1,0.4786587506248837,0.8621428571428571,0.49740913020239935,0.83,0.5278727093007829,0.8422222222222222
medium,2,100002,1002,6000,32,5,relu,sgd,0.03,ECED,2,0.35111353283836727,0.9088095238095238,0.3911616407500373,0.89,0.44548743300967747,0.8822222222222222
medium,2,100002,1002,6000,32,5,relu,sgd,0.03,ECED,3,0.30915241877237953,0.9221428571428572,0.3668763690524631,0.8888888888888888,0.4228711833556493,0.8866666666666667
medium,2,100002,1002,6000,32,5,relu,sgd,0.03,ECED,4,0.29232830320085795,0.9276190476190476,0.38075550026363797,0.8788888888888889,0.4198251829379135,0.8833333333333333
medium,2,100002,1002,6000,32,5,relu,sgd,0.03,ECED,5,0.2619560348419916,0.9364285714285714,0.35265141619576346,0.89,0.4171470504668024,0.8955555555555555
medium,2,100002,1002,6000,32,5,relu,sgd,0.03,ECED,6,0.23847808133988152,0.9476190476190476,0.35099304172727797,0.8966666666666666,0.4169246489306291,0.8966666666666666
medium,2,100002,1002,6000,32,5,relu,sgd,0.03,ECED,7,0.21885910147712345,0.9523809523809523,0.3508546953731113,0.8944444444444445,0.4263343939516279,0.9022222222222223
medium,2,100002,1002,6000,32,5,relu,sgd,0.03,ECED,8,0.20704431874411447,0.9545238095238096,0.36083642906612823,0.8877777777777778,0.4387249405847655,0.8933333333333333
medium,2,100002,1002,6000,32,5,relu,sgd,0.03,ECED,9,0.20540374074663434,0.9530952380952381,0.39463322189119127,0.8855555555555555,0.4623543985022439,0.8855555555555555
medium,2,100002,1002,6000,32,5,relu,sgd,0.03,ECED,10,0.16939939158303396,0.9638095238095238,0.3649504572815365,0.8922222222222222,0.44098900735378266,0.8911111111111111
medium,2,100002,1002,6000,32,5,relu,sgd,0.03,ECED,11,0.15394543273108346,0.965952380952381,0.3610144111845228,0.8933333333333333,0.46588275826639597,0.8977777777777778
medium,2,100002,1002,6000,32,5,relu,sgd,0.03,ECED,12,0.13391833759489513,0.9707142857142858,0.3818681987126668,0.8877777777777778,0.4639344933629036,0.8955555555555555
medium,2,100002,1002,6000,32,5,relu,sgd,0.03,ECED,13,0.11903862044924782,0.9752380952380952,0.37896112124125164,0.8877777777777778,0.482145795557234,0.8922222222222222
medium,2,100002,1002,6000,32,5,relu,sgd,0.03,ECED,14,0.10690913949693952,0.9764285714285714,0.3928117309676276,0.8866666666666667,0.49364488813612195,0.8955555555555555
medium,2,100002,1002,6000,32,5,relu,sgd,0.03,ECED,15,0.0956506541797093,0.9807142857142858,0.4030523149172465,0.8833333333333333,0.5096266177296639,0.8911111111111111
medium,2,100002,1002,6000,32,5,relu,sgd,0.03,ECED,16,0.08397852420806885,0.9835714285714285,0.41271700541178385,0.8866666666666667,0.5457119521829817,0.8822222222222222
medium,2,100002,1002,6000,32,5,relu,sgd,0.03,ECED,17,0.07319385642097109,0.9845238095238096,0.44756522840923735,0.8722222222222222,0.5593729050291909,0.8833333333333333
medium,2,100002,1002,6000,32,5,relu,sgd,0.03,ECED,18,0.06698071207318987,0.9864285714285714,0.4454414831267463,0.8822222222222222,0.5944150180286831,0.8744444444444445
medium,2,100002,1002,6000,32,5,relu,sgd,0.03,ECED,19,0.054574820768265496,0.9895238095238095,0.47920253806644014,0.8733333333333333,0.6117185907893711,0.8844444444444445
medium,2,100002,1002,6000,32,5,relu,sgd,0.03,ECED,20,0.046955616644450596,0.9914285714285714,0.48255247367752924,0.8755555555555555,0.6298197799258762,0.8766666666666667
medium,2,100002,1002,6000,32,5,relu,sgd,0.03,He,0,2.3320440637497675,0.1926190476190476,2.345944752163357,0.20666666666666667,2.3744367959764268,0.18777777777777777
medium,2,100002,1002,6000,32,5,relu,sgd,0.03,He,1,0.46493116651262556,0.8652380952380953,0.5010249217351278,0.8433333333333334,0.5380895024206903,0.8444444444444444
medium,2,100002,1002,6000,32,5,relu,sgd,0.03,He,2,0.34331573622567313,0.9088095238095238,0.4110953659481472,0.8788888888888889,0.446130902270476,0.8844444444444445
medium,2,100002,1002,6000,32,5,relu,sgd,0.03,He,3,0.29598721890222457,0.9242857142857143,0.3989022962252299,0.8833333333333333,0.42637210958533817,0.8866666666666667
medium,2,100002,1002,6000,32,5,relu,sgd,0.03,He,4,0.27210105351039343,0.9328571428571428,0.4061674772368537,0.8788888888888889,0.4296545381347338,0.8755555555555555
medium,2,100002,1002,6000,32,5,relu,sgd,0.03,He,5,0.24110960778735932,0.9445238095238095,0.3828861583603753,0.8833333333333333,0.42763699538177913,0.8811111111111111
medium,2,100002,1002,6000,32,5,relu,sgd,0.03,He,6,0.2144922735577538,0.9530952380952381,0.3817516615655687,0.8833333333333333,0.42738261921538245,0.8911111111111111
medium,2,100002,1002,6000,32,5,relu,sgd,0.03,He,7,0.19132247765858967,0.959047619047619,0.3819908809661865,0.8788888888888889,0.44205568783813054,0.8833333333333333
medium,2,100002,1002,6000,32,5,relu,sgd,0.03,He,8,0.17612125010717483,0.9614285714285714,0.39032062504026627,0.8822222222222222,0.4622755213578542,0.8833333333333333
medium,2,100002,1002,6000,32,5,relu,sgd,0.03,He,9,0.1688307725815546,0.9607142857142857,0.4278330447938707,0.87,0.4826652765936322,0.8755555555555555
medium,2,100002,1002,6000,32,5,relu,sgd,0.03,He,10,0.13777800276165916,0.9704761904761905,0.4117690420150757,0.8777777777777778,0.4801218554708693,0.8866666666666667
medium,2,100002,1002,6000,32,5,relu,sgd,0.03,He,11,0.11958514724458967,0.9716666666666667,0.41274422327677407,0.8822222222222222,0.5124769173231389,0.8866666666666667
medium,2,100002,1002,6000,32,5,relu,sgd,0.03,He,12,0.10011073702857608,0.9771428571428571,0.4408782728513082,0.8844444444444445,0.5171343730886777,0.8811111111111111
medium,2,100002,1002,6000,32,5,relu,sgd,0.03,He,13,0.08487839233307612,0.9811904761904762,0.447964514626397,0.8733333333333333,0.5517483896182643,0.8788888888888889
medium,2,100002,1002,6000,32,5,relu,sgd,0.03,He,14,0.07190322211810521,0.9835714285714285,0.4593820317586263,0.8766666666666667,0.5605802044934697,0.8844444444444445
medium,2,100002,1002,6000,32,5,relu,sgd,0.03,He,15,0.06573684113366263,0.9876190476190476,0.4699935089217292,0.8677777777777778,0.5885446384218004,0.8777777777777778
medium,2,100002,1002,6000,32,5,relu,sgd,0.03,He,16,0.054854594071706134,0.9897619047619047,0.4853457906511095,0.8777777777777778,0.6288033104605145,0.8722222222222222
medium,2,100002,1002,6000,32,5,relu,sgd,0.03,He,17,0.04248921499365852,0.9923809523809524,0.5109912512037489,0.8766666666666667,0.6509084514776866,0.8822222222222222
medium,2,100002,1002,6000,32,5,relu,sgd,0.03,He,18,0.03947961401371729,0.9938095238095238,0.5031429862976075,0.8722222222222222,0.6775952683554756,0.87
medium,2,100002,1002,6000,32,5,relu,sgd,0.03,He,19,0.03275925454639253,0.9947619047619047,0.5270336495505439,0.8755555555555555,0.6953705577055613,0.8744444444444445
medium,2,100002,1002,6000,32,5,relu,sgd,0.03,He,20,0.024676934679349262,0.996904761904762,0.5433327727847629,0.8766666666666667,0.7206137777699364,0.8711111111111111
medium,2,100002,1002,6000,32,5,relu,sgd,0.03,Xavier,0,2.134212126958938,0.1926190476190476,2.1452662499745685,0.20666666666666667,2.167958575354682,0.18777777777777777
medium,2,100002,1002,6000,32,5,relu,sgd,0.03,Xavier,1,0.42610819816589357,0.883095238095238,0.4743879731496175,0.8522222222222222,0.5094108023246129,0.8622222222222222
medium,2,100002,1002,6000,32,5,relu,sgd,0.03,Xavier,2,0.320960172471546,0.920952380952381,0.39025596168306137,0.8822222222222222,0.43897631102138096,0.89
medium,2,100002,1002,6000,32,5,relu,sgd,0.03,Xavier,3,0.2770993339447748,0.9311904761904762,0.38636927127838133,0.8866666666666667,0.42995742907126744,0.8922222222222222
medium,2,100002,1002,6000,32,5,relu,sgd,0.03,Xavier,4,0.25334633554731095,0.9423809523809524,0.3866568162706163,0.8788888888888889,0.428733142895831,0.8866666666666667
medium,2,100002,1002,6000,32,5,relu,sgd,0.03,Xavier,5,0.22268246037619455,0.9492857142857143,0.36243827554914687,0.8866666666666667,0.42996420037415295,0.8911111111111111
medium,2,100002,1002,6000,32,5,relu,sgd,0.03,Xavier,6,0.19485408941904703,0.9588095238095238,0.36684108469221327,0.8977777777777778,0.42845110207796094,0.8977777777777778
medium,2,100002,1002,6000,32,5,relu,sgd,0.03,Xavier,7,0.1742776382537115,0.9633333333333334,0.369513525168101,0.89,0.4470130132469866,0.9011111111111111
medium,2,100002,1002,6000,32,5,relu,sgd,0.03,Xavier,8,0.15393157641092936,0.9683333333333334,0.3828089369667901,0.8877777777777778,0.4618408789734046,0.8922222222222222
medium,2,100002,1002,6000,32,5,relu,sgd,0.03,Xavier,9,0.14936182498931885,0.9664285714285714,0.41821317381329004,0.8822222222222222,0.498379213280148,0.8844444444444445
medium,2,100002,1002,6000,32,5,relu,sgd,0.03,Xavier,10,0.12187753121058147,0.9747619047619047,0.39445552799436784,0.8922222222222222,0.4971490583817164,0.8877777777777778
medium,2,100002,1002,6000,32,5,relu,sgd,0.03,Xavier,11,0.10260731844674974,0.9761904761904762,0.4036878063943651,0.8888888888888888,0.5244367643694083,0.8966666666666666
medium,2,100002,1002,6000,32,5,relu,sgd,0.03,Xavier,12,0.08903672048023768,0.9809523809523809,0.427180536058214,0.8844444444444445,0.5297465449323256,0.8911111111111111
medium,2,100002,1002,6000,32,5,relu,sgd,0.03,Xavier,13,0.07544440678187779,0.9840476190476191,0.43579388830396865,0.8877777777777778,0.5663759352597926,0.8833333333333333
medium,2,100002,1002,6000,32,5,relu,sgd,0.03,Xavier,14,0.06439267039299011,0.9878571428571429,0.45637663920720417,0.8811111111111111,0.5775678066743745,0.8788888888888889
medium,2,100002,1002,6000,32,5,relu,sgd,0.03,Xavier,15,0.05656725940250215,0.9892857142857143,0.46882690654860604,0.8855555555555555,0.6177025667164061,0.8766666666666667
medium,2,100002,1002,6000,32,5,relu,sgd,0.03,Xavier,16,0.043792557489304315,0.9923809523809524,0.47037936952379017,0.88,0.6254390837914414,0.8766666666666667
medium,2,100002,1002,6000,32,5,relu,sgd,0.03,Xavier,17,0.03455141490414029,0.9942857142857143,0.4916187980439928,0.8855555555555555,0.649183228082127,0.8755555555555555
medium,2,100002,1002,6000,32,5,relu,sgd,0.03,Xavier,18,0.03114951681523096,0.995,0.49345023261176213,0.88,0.687996652316716,0.8655555555555555
medium,2,100002,1002,6000,32,5,relu,sgd,0.03,Xavier,19,0.023708546417100088,0.9959523809523809,0.5142153857813941,0.8933333333333333,0.698074325422446,0.8822222222222222
medium,2,100002,1002,6000,32,5,relu,sgd,0.03,Xavier,20,0.019761202562422978,0.9966666666666667,0.5315852937433455,0.8855555555555555,0.7228670474472974,0.8755555555555555
medium,2,100002,1002,6000,32,5,relu,sgd,0.03,Orthogonal,0,1.8821835218157088,0.1619047619047619,1.8727997822231717,0.17333333333333334,1.901399474673801,0.17444444444444446
medium,2,100002,1002,6000,32,5,relu,sgd,0.03,Orthogonal,1,0.4139127749488467,0.8861904761904762,0.43814473152160643,0.8655555555555555,0.4981234909428491,0.8755555555555555
medium,2,100002,1002,6000,32,5,relu,sgd,0.03,Orthogonal,2,0.32672181265694755,0.919047619047619,0.3723950258890788,0.8966666666666666,0.44767127462559275,0.8833333333333333
medium,2,100002,1002,6000,32,5,relu,sgd,0.03,Orthogonal,3,0.28968965802873886,0.9271428571428572,0.3609448562728034,0.9033333333333333,0.43605504284302393,0.8866666666666667
medium,2,100002,1002,6000,32,5,relu,sgd,0.03,Orthogonal,4,0.26865739504496255,0.9354761904761905,0.36813250594668917,0.8922222222222222,0.4315726867980427,0.88
medium,2,100002,1002,6000,32,5,relu,sgd,0.03,Orthogonal,5,0.23740311531793504,0.9478571428571428,0.3349621966150072,0.9077777777777778,0.4269969811704424,0.8944444444444445
medium,2,100002,1002,6000,32,5,relu,sgd,0.03,Orthogonal,6,0.20938774721963066,0.9545238095238096,0.3469501445028517,0.9044444444444445,0.4244703624977006,0.8922222222222222
medium,2,100002,1002,6000,32,5,relu,sgd,0.03,Orthogonal,7,0.18821679069882347,0.9602380952380952,0.3435342523786757,0.9088888888888889,0.43383225993977653,0.8955555555555555
medium,2,100002,1002,6000,32,5,relu,sgd,0.03,Orthogonal,8,0.1677220598856608,0.964047619047619,0.34976425541771783,0.9022222222222223,0.4391004490190082,0.8955555555555555
medium,2,100002,1002,6000,32,5,relu,sgd,0.03,Orthogonal,9,0.15676067227409,0.9652380952380952,0.36140210151672364,0.9044444444444445,0.4564906174606747,0.8844444444444445
medium,2,100002,1002,6000,32,5,relu,sgd,0.03,Orthogonal,10,0.13426024539130074,0.9721428571428572,0.36268275048997667,0.8977777777777778,0.46500867598586615,0.8966666666666666
medium,2,100002,1002,6000,32,5,relu,sgd,0.03,Orthogonal,11,0.11640489521480742,0.9735714285714285,0.3563738711675008,0.9088888888888889,0.47431466543012196,0.89
medium,2,100002,1002,6000,32,5,relu,sgd,0.03,Orthogonal,12,0.10042386827014742,0.9773809523809524,0.37114884164598255,0.8988888888888888,0.4871393009689119,0.8966666666666666
medium,2,100002,1002,6000,32,5,relu,sgd,0.03,Orthogonal,13,0.09632156894320533,0.9778571428571429,0.38869254642062717,0.8988888888888888,0.5227442118525505,0.8811111111111111
medium,2,100002,1002,6000,32,5,relu,sgd,0.03,Orthogonal,14,0.0805267596244812,0.9821428571428571,0.41277164141337075,0.8922222222222222,0.5237498915857739,0.8922222222222222
medium,2,100002,1002,6000,32,5,relu,sgd,0.03,Orthogonal,15,0.06471734699748811,0.9873809523809524,0.409912748336792,0.8966666666666666,0.5502621531320943,0.8855555555555555
medium,2,100002,1002,6000,32,5,relu,sgd,0.03,Orthogonal,16,0.05309303561846415,0.9888095238095238,0.41115770392947726,0.9022222222222223,0.5756564608381854,0.8877777777777778
medium,2,100002,1002,6000,32,5,relu,sgd,0.03,Orthogonal,17,0.045336843331654865,0.99,0.4398124035199483,0.8877777777777778,0.5917393178906706,0.8922222222222222
medium,2,100002,1002,6000,32,5,relu,sgd,0.03,Orthogonal,18,0.03949041587965829,0.9928571428571429,0.44059768494632506,0.8988888888888888,0.6348358418212997,0.8844444444444445
medium,2,100002,1002,6000,32,5,relu,sgd,0.03,Orthogonal,19,0.028052851529348465,0.9954761904761905,0.45612348165776995,0.8911111111111111,0.6393152994579739,0.8866666666666667
medium,2,100002,1002,6000,32,5,relu,sgd,0.03,Orthogonal,20,0.023794967844372704,0.996904761904762,0.478786064684391,0.8933333333333333,0.6611999917692608,0.8922222222222222
medium,3,100003,1003,6000,32,5,relu,sgd,0.03,ECED,0,1.613723852975028,0.2330952380952381,1.6113763570785522,0.23777777777777778,1.6106979433695476,0.2222222222222222
medium,3,100003,1003,6000,32,5,relu,sgd,0.03,ECED,1,0.6734338742210751,0.8083333333333333,0.6891424126095242,0.8,0.6871821453836229,0.7922222222222223
medium,3,100003,1003,6000,32,5,relu,sgd,0.03,ECED,2,0.3992641194661458,0.8873809523809524,0.4935946909586589,0.8566666666666667,0.47452734337912666,0.8577777777777778
medium,3,100003,1003,6000,32,5,relu,sgd,0.03,ECED,3,0.34497469629560196,0.91,0.44107758455806306,0.8722222222222222,0.4345690245098538,0.8733333333333333
medium,3,100003,1003,6000,32,5,relu,sgd,0.03,ECED,4,0.3186253788357689,0.9169047619047619,0.4292394940720664,0.8822222222222222,0.43530729293823245,0.8777777777777778
medium,3,100003,1003,6000,32,5,relu,sgd,0.03,ECED,5,0.2906815342676072,0.9280952380952381,0.41555417935053507,0.8811111111111111,0.4205387149916755,0.8833333333333333
medium,3,100003,1003,6000,32,5,relu,sgd,0.03,ECED,6,0.2759920937674386,0.9314285714285714,0.41220970650513966,0.8811111111111111,0.42594361649619206,0.8777777777777778
medium,3,100003,1003,6000,32,5,relu,sgd,0.03,ECED,7,0.252242793128604,0.9426190476190476,0.40444339599874285,0.8877777777777778,0.42534919844733343,0.8788888888888889
medium,3,100003,1003,6000,32,5,relu,sgd,0.03,ECED,8,0.2388770037605649,0.9452380952380952,0.40414335356818304,0.8866666666666667,0.433086142539978,0.8811111111111111
medium,3,100003,1003,6000,32,5,relu,sgd,0.03,ECED,9,0.22148598330361502,0.9473809523809524,0.4230743212170071,0.8844444444444445,0.4362926530838013,0.8766666666666667
medium,3,100003,1003,6000,32,5,relu,sgd,0.03,ECED,10,0.20498572712852842,0.9542857142857143,0.41417940153015986,0.8888888888888888,0.4425893505414327,0.8777777777777778
medium,3,100003,1003,6000,32,5,relu,sgd,0.03,ECED,11,0.18831265494936988,0.9588095238095238,0.40387559162245856,0.8944444444444445,0.43075571748945446,0.8866666666666667
medium,3,100003,1003,6000,32,5,relu,sgd,0.03,ECED,12,0.18145966234661284,0.960952380952381,0.4359163681666056,0.8788888888888889,0.4568411864174737,0.8811111111111111
medium,3,100003,1003,6000,32,5,relu,sgd,0.03,ECED,13,0.16115041585195633,0.9661904761904762,0.4191707793209288,0.8933333333333333,0.4433825511402554,0.8844444444444445
medium,3,100003,1003,6000,32,5,relu,sgd,0.03,ECED,14,0.15018967412766956,0.9676190476190476,0.43967729227410424,0.8877777777777778,0.4984784613715278,0.8711111111111111
medium,3,100003,1003,6000,32,5,relu,sgd,0.03,ECED,15,0.12828913404828027,0.9719047619047619,0.4245621007349756,0.8822222222222222,0.4648668649461534,0.8811111111111111
medium,3,100003,1003,6000,32,5,relu,sgd,0.03,ECED,16,0.11949446905226935,0.9728571428571429,0.4536560141377979,0.8855555555555555,0.48698522673712835,0.8822222222222222
medium,3,100003,1003,6000,32,5,relu,sgd,0.03,ECED,17,0.10391607602437337,0.9788095238095238,0.4573008323046896,0.8877777777777778,0.49873778727319507,0.88
medium,3,100003,1003,6000,32,5,relu,sgd,0.03,ECED,18,0.09072478527114505,0.9792857142857143,0.47308713596728114,0.8822222222222222,0.5270725112491184,0.8766666666666667
medium,3,100003,1003,6000,32,5,relu,sgd,0.03,ECED,19,0.07999619495301019,0.9823809523809524,0.5001491941511631,0.8722222222222222,0.5289967756801182,0.8777777777777778
medium,3,100003,1003,6000,32,5,relu,sgd,0.03,ECED,20,0.07392767860775902,0.9845238095238096,0.5212518425782522,0.87,0.5633416835467021,0.8711111111111111
medium,3,100003,1003,6000,32,5,relu,sgd,0.03,He,0,2.225828534080869,0.2330952380952381,2.19878968556722,0.23777777777777778,2.204087585873074,0.2222222222222222
medium,3,100003,1003,6000,32,5,relu,sgd,0.03,He,1,0.5555633099873861,0.8226190476190476,0.6353599209255643,0.8177777777777778,0.6141030973858304,0.81
medium,3,100003,1003,6000,32,5,relu,sgd,0.03,He,2,0.37797848065694173,0.8928571428571429,0.47506421671973337,0.8533333333333334,0.48279830932617185,0.86
medium,3,100003,1003,6000,32,5,relu,sgd,0.03,He,3,0.32691779318309966,0.9126190476190477,0.45085903777016534,0.8655555555555555,0.455972777472602,0.8677777777777778
medium,3,100003,1003,6000,32,5,relu,sgd,0.03,He,4,0.29693443797883534,0.925,0.43578467845916746,0.8777777777777778,0.45843094057506983,0.8711111111111111
medium,3,100003,1003,6000,32,5,relu,sgd,0.03,He,5,0.265467160542806,0.9347619047619048,0.4253433076540629,0.8744444444444445,0.44619203276104397,0.8711111111111111
medium,3,100003,1003,6000,32,5,relu,sgd,0.03,He,6,0.2425344144730341,0.9419047619047619,0.42886359691619874,0.8755555555555555,0.4646660514672597,0.8655555555555555
medium,3,100003,1003,6000,32,5,relu,sgd,0.03,He,7,0.2157387181690761,0.9514285714285714,0.424011413719919,0.8711111111111111,0.45922765811284383,0.8633333333333333
medium,3,100003,1003,6000,32,5,relu,sgd,0.03,He,8,0.20336967808859688,0.9526190476190476,0.4317632351318995,0.8755555555555555,0.4787355218993293,0.86
medium,3,100003,1003,6000,32,5,relu,sgd,0.03,He,9,0.17832149119604201,0.9616666666666667,0.4492453881104787,0.8655555555555555,0.47401722961001924,0.8688888888888889
medium,3,100003,1003,6000,32,5,relu,sgd,0.03,He,10,0.16082426752362933,0.9657142857142857,0.439712892042266,0.8722222222222222,0.48243946446312796,0.87
medium,3,100003,1003,6000,32,5,relu,sgd,0.03,He,11,0.14261079243251257,0.9678571428571429,0.4517773724264569,0.8877777777777778,0.4887659692102008,0.8688888888888889
medium,3,100003,1003,6000,32,5,relu,sgd,0.03,He,12,0.14815254415784562,0.9602380952380952,0.5022504438956579,0.8666666666666667,0.5257984349462721,0.8588888888888889
medium,3,100003,1003,6000,32,5,relu,sgd,0.03,He,13,0.1303848950068156,0.9702380952380952,0.5151369686921438,0.8655555555555555,0.5261982257829773,0.8577777777777778
medium,3,100003,1003,6000,32,5,relu,sgd,0.03,He,14,0.0999315239134289,0.9769047619047619,0.49414773450957405,0.8677777777777778,0.5516521635320452,0.8677777777777778
medium,3,100003,1003,6000,32,5,relu,sgd,0.03,He,15,0.08433586063839141,0.9826190476190476,0.509583350552453,0.8733333333333333,0.5383818219105403,0.8688888888888889
medium,3,100003,1003,6000,32,5,relu,sgd,0.03,He,16,0.07360957196780614,0.9826190476190476,0.5279826188749738,0.8655555555555555,0.5596531852748658,0.8744444444444445
medium,3,100003,1003,6000,32,5,relu,sgd,0.03,He,17,0.06495325150943938,0.9866666666666667,0.5538347925742467,0.8633333333333333,0.5766391466226842,0.8655555555555555
medium,3,100003,1003,6000,32,5,relu,sgd,0.03,He,18,0.04760314544041951,0.9902380952380953,0.5590896027286848,0.8677777777777778,0.598687794374095,0.8655555555555555
medium,3,100003,1003,6000,32,5,relu,sgd,0.03,He,19,0.042167716650735765,0.9902380952380953,0.5887919029262331,0.8677777777777778,0.599192411005497,0.8666666666666667
medium,3,100003,1003,6000,32,5,relu,sgd,0.03,He,20,0.037841614598319646,0.9933333333333333,0.6090727359056473,0.8644444444444445,0.6121797491444482,0.87
medium,3,100003,1003,6000,32,5,relu,sgd,0.03,Xavier,0,2.0649710010346913,0.2330952380952381,2.0431932375166153,0.23777777777777778,2.0464020262824163,0.2222222222222222
medium,3,100003,1003,6000,32,5,relu,sgd,0.03,Xavier,1,0.5030342011224656,0.849047619047619,0.5759921007686191,0.8322222222222222,0.5757165601518419,0.8355555555555556
medium,3,100003,1003,6000,32,5,relu,sgd,0.03,Xavier,2,0.3721909032549177,0.8983333333333333,0.46805316713121203,0.8633333333333333,0.4862122768825955,0.8511111111111112
medium,3,100003,1003,6000,32,5,relu,sgd,0.03,Xavier,3,0.30513266518002463,0.920952380952381,0.4343086679114236,0.8711111111111111,0.4528854706552294,0.8655555555555555
medium,3,100003,1003,6000,32,5,relu,sgd,0.03,Xavier,4,0.27247044154575895,0.9371428571428572,0.4197360995080736,0.8777777777777778,0.450472502178616,0.8688888888888889
medium,3,100003,1003,6000,32,5,relu,sgd,0.03,Xavier,5,0.24415189357030959,0.9438095238095238,0.4142302733659744,0.8877777777777778,0.4374284699228075,0.8722222222222222
medium,3,100003,1003,6000,32,5,relu,sgd,0.03,Xavier,6,0.22367485341571627,0.9480952380952381,0.4162463256716728,0.8888888888888888,0.44933064116372,0.8711111111111111
medium,3,100003,1003,6000,32,5,relu,sgd,0.03,Xavier,7,0.20099316460745675,0.9566666666666667,0.41333252602153353,0.8866666666666667,0.44584126578436956,0.8788888888888889
medium,3,100003,1003,6000,32,5,relu,sgd,0.03,Xavier,8,0.1802954337710426,0.9616666666666667,0.4194437228308784,0.8822222222222222,0.4591898508866628,0.8777777777777778
medium,3,100003,1003,6000,32,5,relu,sgd,0.03,Xavier,9,0.16547466346195766,0.9638095238095238,0.4524661729070875,0.8688888888888889,0.4749751604927911,0.8744444444444445
medium,3,100003,1003,6000,32,5,relu,sgd,0.03,Xavier,10,0.14641174895422798,0.97,0.4420605488618215,0.8744444444444445,0.46967713435490926,0.8755555555555555
medium,3,100003,1003,6000,32,5,relu,sgd,0.03,Xavier,11,0.1300043593134199,0.9707142857142858,0.4515713964237107,0.8911111111111111,0.4767780776818593,0.8855555555555555
medium,3,100003,1003,6000,32,5,relu,sgd,0.03,Xavier,12,0.12921115398406982,0.9688095238095238,0.4948246396250195,0.8677777777777778,0.5104432765642802,0.8677777777777778
medium,3,100003,1003,6000,32,5,relu,sgd,0.03,Xavier,13,0.10091603188287644,0.9778571428571429,0.47515623331069945,0.8822222222222222,0.493286844558186,0.8877777777777778
medium,3,100003,1003,6000,32,5,relu,sgd,0.03,Xavier,14,0.09981876191638765,0.9761904761904762,0.5229477372765541,0.8722222222222222,0.5586024655236138,0.8777777777777778
medium,3,100003,1003,6000,32,5,relu,sgd,0.03,Xavier,15,0.0727765222958156,0.9854761904761905,0.5100778332849344,0.8744444444444445,0.5234288930892944,0.8777777777777778
medium,3,100003,1003,6000,32,5,relu,sgd,0.03,Xavier,16,0.0598818758555821,0.9876190476190476,0.5297198436326451,0.8711111111111111,0.5326230528619554,0.8866666666666667
medium,3,100003,1003,6000,32,5,relu,sgd,0.03,Xavier,17,0.05128426540465582,0.9911904761904762,0.5476699298040735,0.8666666666666667,0.555328894522455,0.8811111111111111
medium,3,100003,1003,6000,32,5,relu,sgd,0.03,Xavier,18,0.039199810709272115,0.9933333333333333,0.5680314892447657,0.8677777777777778,0.5756397263209025,0.88
medium,3,100003,1003,6000,32,5,relu,sgd,0.03,Xavier,19,0.03373730781532469,0.9926190476190476,0.5935884917113516,0.8677777777777778,0.6029251597325007,0.8788888888888889
medium,3,100003,1003,6000,32,5,relu,sgd,0.03,Xavier,20,0.030054019831475758,0.9947619047619047,0.6154484978173342,0.8722222222222222,0.6039138800568051,0.88
medium,3,100003,1003,6000,32,5,relu,sgd,0.03,Orthogonal,0,1.8354037584577287,0.21976190476190477,1.8479134633806016,0.22777777777777777,1.847711574236552,0.21
medium,3,100003,1003,6000,32,5,relu,sgd,0.03,Orthogonal,1,0.5016012346176874,0.8504761904761905,0.5443654492166308,0.83,0.5323483106825087,0.8355555555555556
medium,3,100003,1003,6000,32,5,relu,sgd,0.03,Orthogonal,2,0.3734768513270787,0.8957142857142857,0.4713471978902817,0.8622222222222222,0.45982853213946023,0.86
medium,3,100003,1003,6000,32,5,relu,sgd,0.03,Orthogonal,3,0.320588264465332,0.9138095238095238,0.42924209276835124,0.88,0.4325367779201931,0.87
medium,3,100003,1003,6000,32,5,relu,sgd,0.03,Orthogonal,4,0.28216304915291923,0.9333333333333333,0.420277904536989,0.8855555555555555,0.43061597214804753,0.8711111111111111
medium,3,100003,1003,6000,32,5,relu,sgd,0.03,Orthogonal,5,0.25612261454264323,0.9421428571428572,0.4086412931813134,0.8833333333333333,0.4218541595670912,0.8777777777777778
medium,3,100003,1003,6000,32,5,relu,sgd,0.03,Orthogonal,6,0.23817925612131755,0.9452380952380952,0.4153755721118715,0.8911111111111111,0.42897624439663357,0.8766666666666667
medium,3,100003,1003,6000,32,5,relu,sgd,0.03,Orthogonal,7,0.21535864625658308,0.9538095238095238,0.4011197353733911,0.8911111111111111,0.4250684621598985,0.88
medium,3,100003,1003,6000,32,5,relu,sgd,0.03,Orthogonal,8,0.19793203853425526,0.9569047619047619,0.40969368331962164,0.8911111111111111,0.4411077660984463,0.8877777777777778
medium,3,100003,1003,6000,32,5,relu,sgd,0.03,Orthogonal,9,0.1888704706373669,0.9578571428571429,0.44679921163452996,0.8822222222222222,0.46764211548699275,0.8811111111111111
medium,3,100003,1003,6000,32,5,relu,sgd,0.03,Orthogonal,10,0.16438992318652926,0.9616666666666667,0.42637066728538936,0.8855555555555555,0.4633099728160434,0.8822222222222222
medium,3,100003,1003,6000,32,5,relu,sgd,0.03,Orthogonal,11,0.14179687216168357,0.9685714285714285,0.42261361029413014,0.8877777777777778,0.4552534784211053,0.8911111111111111
medium,3,100003,1003,6000,32,5,relu,sgd,0.03,Orthogonal,12,0.1299747715677534,0.9721428571428572,0.45130577590730453,0.8844444444444445,0.4758400938245985,0.8822222222222222
medium,3,100003,1003,6000,32,5,relu,sgd,0.03,Orthogonal,13,0.11193555355072021,0.974047619047619,0.4508556181854672,0.8833333333333333,0.474621877140469,0.8877777777777778
medium,3,100003,1003,6000,32,5,relu,sgd,0.03,Orthogonal,14,0.10127962203252883,0.9735714285714285,0.49135351902908747,0.8733333333333333,0.5125278743108114,0.8855555555555555
medium,3,100003,1003,6000,32,5,relu,sgd,0.03,Orthogonal,15,0.07980211973190307,0.9835714285714285,0.4830266389581892,0.88,0.5175939151975844,0.8822222222222222
medium,3,100003,1003,6000,32,5,relu,sgd,0.03,Orthogonal,16,0.0651450933161236,0.9859523809523809,0.49277578287654455,0.8722222222222222,0.5103888379202949,0.8944444444444445
medium,3,100003,1003,6000,32,5,relu,sgd,0.03,Orthogonal,17,0.05858998678979419,0.9878571428571429,0.5351264237032997,0.8777777777777778,0.5524914655420515,0.88
medium,3,100003,1003,6000,32,5,relu,sgd,0.03,Orthogonal,18,0.04463880311875116,0.9909523809523809,0.5421130261818567,0.8744444444444445,0.5642686520682441,0.8844444444444445
medium,3,100003,1003,6000,32,5,relu,sgd,0.03,Orthogonal,19,0.03815864228066944,0.9926190476190476,0.5568944181998571,0.8733333333333333,0.5833384794659084,0.8833333333333333
medium,3,100003,1003,6000,32,5,relu,sgd,0.03,Orthogonal,20,0.029456570943196616,0.9952380952380953,0.5906080278423097,0.8666666666666667,0.6059082134564717,0.8833333333333333
medium,4,100004,1004,6000,32,5,relu,sgd,0.03,ECED,0,1.631057873680478,0.15714285714285714,1.6375996812184652,0.15222222222222223,1.626876990000407,0.15888888888888889
medium,4,100004,1004,6000,32,5,relu,sgd,0.03,ECED,1,0.6812605412801107,0.81,0.7173605926831563,0.8033333333333333,0.7070196686850654,0.7911111111111111
medium,4,100004,1004,6000,32,5,relu,sgd,0.03,ECED,2,0.35750647771926153,0.9114285714285715,0.41903374671936033,0.8911111111111111,0.40926245955129464,0.9033333333333333
medium,4,100004,1004,6000,32,5,relu,sgd,0.03,ECED,3,0.32365207354227704,0.9252380952380952,0.38872725857628715,0.9033333333333333,0.3861189655959606,0.9066666666666666
medium,4,100004,1004,6000,32,5,relu,sgd,0.03,ECED,4,0.2969923373631069,0.9319047619047619,0.38033458332220715,0.9055555555555556,0.3877569925122791,0.9122222222222223
medium,4,100004,1004,6000,32,5,relu,sgd,0.03,ECED,5,0.2728540783836728,0.9388095238095238,0.36547243853410083,0.9133333333333333,0.3695794695946905,0.9144444444444444
medium,4,100004,1004,6000,32,5,relu,sgd,0.03,ECED,6,0.2563892693746658,0.944047619047619,0.3752813806136449,0.9055555555555556,0.3691746963063876,0.9211111111111111
medium,4,100004,1004,6000,32,5,relu,sgd,0.03,ECED,7,0.23720264820825485,0.9495238095238095,0.3563255586557918,0.9144444444444444,0.3756522763768832,0.9133333333333333
medium,4,100004,1004,6000,32,5,relu,sgd,0.03,ECED,8,0.22932780243101575,0.9488095238095238,0.36870656801594626,0.9044444444444445,0.37601341899898316,0.9155555555555556
medium,4,100004,1004,6000,32,5,relu,sgd,0.03,ECED,9,0.20684048425583612,0.9580952380952381,0.3635559237996737,0.9088888888888889,0.36890533227059574,0.9222222222222223
medium,4,100004,1004,6000,32,5,relu,sgd,0.03,ECED,10,0.1934055859701974,0.9585714285714285,0.3614600827958849,0.9111111111111111,0.37702386806408567,0.9188888888888889
medium,4,100004,1004,6000,32,5,relu,sgd,0.03,ECED,11,0.17844744069235666,0.9645238095238096,0.3670677794350518,0.9133333333333333,0.3695180227027999,0.9222222222222223
medium,4,100004,1004,6000,32,5,relu,sgd,0.03,ECED,12,0.15997943015325636,0.9683333333333334,0.37215780657198694,0.91,0.37271379720005726,0.9255555555555556
medium,4,100004,1004,6000,32,5,relu,sgd,0.03,ECED,13,0.15045273689996627,0.9697619047619047,0.37614235313402283,0.9088888888888889,0.38622018752826587,0.9144444444444444
medium,4,100004,1004,6000,32,5,relu,sgd,0.03,ECED,14,0.13912376381102062,0.9707142857142858,0.3900936700238122,0.9055555555555556,0.3898565768533283,0.9166666666666666
medium,4,100004,1004,6000,32,5,relu,sgd,0.03,ECED,15,0.12195912588210334,0.9759523809523809,0.3936107417941093,0.8977777777777778,0.3895530945724911,0.9211111111111111
medium,4,100004,1004,6000,32,5,relu,sgd,0.03,ECED,16,0.10947688681738717,0.9773809523809524,0.39019293498661783,0.9011111111111111,0.4023657247631086,0.9144444444444444
medium,4,100004,1004,6000,32,5,relu,sgd,0.03,ECED,17,0.10518484161013648,0.9785714285714285,0.407640047909485,0.8988888888888888,0.4209585277777579,0.9122222222222223
medium,4,100004,1004,6000,32,5,relu,sgd,0.03,ECED,18,0.0899873979886373,0.9830952380952381,0.41313635417156747,0.8933333333333333,0.4109379485497872,0.9033333333333333
medium,4,100004,1004,6000,32,5,relu,sgd,0.03,ECED,19,0.07910705339340937,0.9830952380952381,0.4283778497080008,0.8988888888888888,0.4308981572505501,0.9088888888888889
medium,4,100004,1004,6000,32,5,relu,sgd,0.03,ECED,20,0.06725356879688445,0.985,0.43220158517360685,0.8944444444444445,0.4516101993372043,0.9066666666666666
medium,4,100004,1004,6000,32,5,relu,sgd,0.03,He,0,2.4008577473958335,0.15714285714285714,2.4534933757781983,0.15222222222222223,2.3311397737926907,0.15888888888888889
medium,4,100004,1004,6000,32,5,relu,sgd,0.03,He,1,0.4719555173601423,0.8704761904761905,0.554659960269928,0.8488888888888889,0.5191303970416387,0.8455555555555555
medium,4,100004,1004,6000,32,5,relu,sgd,0.03,He,2,0.3447758647373744,0.9085714285714286,0.4346274819638994,0.8777777777777778,0.4257388390103976,0.8933333333333333
medium,4,100004,1004,6000,32,5,relu,sgd,0.03,He,3,0.30233820506504605,0.9276190476190476,0.4153934748967489,0.8866666666666667,0.4121232184602155,0.8977777777777778
medium,4,100004,1004,6000,32,5,relu,sgd,0.03,He,4,0.2735694567362467,0.9364285714285714,0.4030165727933248,0.8922222222222222,0.4178928755554888,0.8988888888888888
medium,4,100004,1004,6000,32,5,relu,sgd,0.03,He,5,0.24526275952657065,0.9447619047619048,0.39073740190929834,0.9033333333333333,0.406078648964564,0.9066666666666666
medium,4,100004,1004,6000,32,5,relu,sgd,0.03,He,6,0.22296521368480865,0.9523809523809523,0.39457295689317917,0.8988888888888888,0.40722171623673703,0.9066666666666666
medium,4,100004,1004,6000,32,5,relu,sgd,0.03,He,7,0.20199994223458426,0.9569047619047619,0.3866538882255554,0.9022222222222223,0.42120148258904616,0.9055555555555556
medium,4,100004,1004,6000,32,5,relu,sgd,0.03,He,8,0.19246990589868454,0.9588095238095238,0.4025836127996445,0.9033333333333333,0.4379437552889188,0.8977777777777778
medium,4,100004,1004,6000,32,5,relu,sgd,0.03,He,9,0.16915065856206984,0.9654761904761905,0.40521685461203255,0.8966666666666666,0.43693555378251603,0.89
medium,4,100004,1004,6000,32,5,relu,sgd,0.03,He,10,0.1520435467220488,0.969047619047619,0.41188994036780463,0.89,0.44354791508780583,0.8955555555555555
medium,4,100004,1004,6000,32,5,relu,sgd,0.03,He,11,0.13827009746006558,0.9716666666666667,0.4113578973876105,0.8944444444444445,0.4471205082039038,0.89
medium,4,100004,1004,6000,32,5,relu,sgd,0.03,He,12,0.11683011827014742,0.9764285714285714,0.4229404214355681,0.8955555555555555,0.45978432320058343,0.8977777777777778
medium,4,100004,1004,6000,32,5,relu,sgd,0.03,He,13,0.10582857393083119,0.9783333333333334,0.43707853741115993,0.8866666666666667,0.4742917033450471,0.8866666666666667
medium,4,100004,1004,6000,32,5,relu,sgd,0.03,He,14,0.09255007630302793,0.9802380952380952,0.4418777675098843,0.8933333333333333,0.49280720649494064,0.8922222222222222
medium,4,100004,1004,6000,32,5,relu,sgd,0.03,He,15,0.08095278490157354,0.9821428571428571,0.4585454128848182,0.8944444444444445,0.5125135134346783,0.8833333333333333
medium,4,100004,1004,6000,32,5,relu,sgd,0.03,He,16,0.07226303940727598,0.985,0.46344552013609147,0.8877777777777778,0.5387771602223317,0.8811111111111111
medium,4,100004,1004,6000,32,5,relu,sgd,0.03,He,17,0.05944794314248221,0.9880952380952381,0.4944710964626736,0.89,0.5492199851862258,0.8822222222222222
medium,4,100004,1004,6000,32,5,relu,sgd,0.03,He,18,0.053174668096360705,0.9902380952380953,0.5062360366185507,0.8822222222222222,0.5698504202730126,0.8788888888888889
medium,4,100004,1004,6000,32,5,relu,sgd,0.03,He,19,0.04580898568743751,0.9895238095238095,0.5296716684765286,0.8922222222222222,0.6072480505032258,0.8788888888888889
medium,4,100004,1004,6000,32,5,relu,sgd,0.03,He,20,0.03533063008671715,0.9947619047619047,0.5287951268090142,0.8877777777777778,0.6125350572748317,0.8777777777777778
medium,4,100004,1004,6000,32,5,relu,sgd,0.03,Xavier,0,2.200225365048363,0.15714285714285714,2.2447525649600557,0.15222222222222223,2.1446541595458983,0.15888888888888889
medium,4,100004,1004,6000,32,5,relu,sgd,0.03,Xavier,1,0.450511238461449,0.878095238095238,0.5231213682889938,0.8611111111111112,0.5016216792994075,0.8611111111111112
medium,4,100004,1004,6000,32,5,relu,sgd,0.03,Xavier,2,0.3362948281424386,0.9135714285714286,0.4152420092953576,0.8933333333333333,0.4241798566116227,0.8911111111111111
medium,4,100004,1004,6000,32,5,relu,sgd,0.03,Xavier,3,0.2887940179734003,0.9302380952380952,0.3950391197866864,0.9022222222222223,0.39511928122904566,0.8977777777777778
medium,4,100004,1004,6000,32,5,relu,sgd,0.03,Xavier,4,0.25635918094998317,0.9414285714285714,0.3818478312095006,0.9066666666666666,0.40032519042491915,0.9
medium,4,100004,1004,6000,32,5,relu,sgd,0.03,Xavier,5,0.23866156373705183,0.9478571428571428,0.38738352649741703,0.9111111111111111,0.39232674591243266,0.9033333333333333
medium,4,100004,1004,6000,32,5,relu,sgd,0.03,Xavier,6,0.21254711809612456,0.9557142857142857,0.3817578420042992,0.9033333333333333,0.39384824901819226,0.9066666666666666
medium,4,100004,1004,6000,32,5,relu,sgd,0.03,Xavier,7,0.19699525333586193,0.9597619047619048,0.3746156450443798,0.9066666666666666,0.4060771713323063,0.9044444444444445
medium,4,100004,1004,6000,32,5,relu,sgd,0.03,Xavier,8,0.19086498601096016,0.9573809523809523,0.3987009518345197,0.9022222222222223,0.4240758371518718,0.9033333333333333
medium,4,100004,1004,6000,32,5,relu,sgd,0.03,Xavier,9,0.16124258677164713,0.9685714285714285,0.383567934135596,0.91,0.4123041234082646,0.9044444444444445
medium,4,100004,1004,6000,32,5,relu,sgd,0.03,Xavier,10,0.14708226748875208,0.9723809523809523,0.38557021419207255,0.9044444444444445,0.4250680514176687,0.9
medium,4,100004,1004,6000,32,5,relu,sgd,0.03,Xavier,11,0.1288009204183306,0.9761904761904762,0.38633667316701675,0.9033333333333333,0.42755837054716217,0.9011111111111111
medium,4,100004,1004,6000,32,5,relu,sgd,0.03,Xavier,12,0.11544987088158017,0.9788095238095238,0.4082363709972964,0.9033333333333333,0.4457940217190319,0.9033333333333333
medium,4,100004,1004,6000,32,5,relu,sgd,0.03,Xavier,13,0.103594183581216,0.9795238095238096,0.41853726380401185,0.8966666666666666,0.4558772453665733,0.8922222222222222
medium,4,100004,1004,6000,32,5,relu,sgd,0.03,Xavier,14,0.08979954992021834,0.9816666666666667,0.4142078738411268,0.8966666666666666,0.4607250349223614,0.8977777777777778
medium,4,100004,1004,6000,32,5,relu,sgd,0.03,Xavier,15,0.08159718377249582,0.9814285714285714,0.44278150874707434,0.8955555555555555,0.491619960375958,0.9055555555555556
medium,4,100004,1004,6000,32,5,relu,sgd,0.03,Xavier,16,0.07369265408742995,0.985,0.4479566611515151,0.8911111111111111,0.5082099819887016,0.8966666666666666
medium,4,100004,1004,6000,32,5,relu,sgd,0.03,Xavier,17,0.05952287895338876,0.9873809523809524,0.4549722709920671,0.8922222222222222,0.5078259284649458,0.8977777777777778
medium,4,100004,1004,6000,32,5,relu,sgd,0.03,Xavier,18,0.052428122872398016,0.9907142857142858,0.47404511604044175,0.8933333333333333,0.5156908965359132,0.8877777777777778
medium,4,100004,1004,6000,32,5,relu,sgd,0.03,Xavier,19,0.04492548928374336,0.9907142857142858,0.49726262393924925,0.89,0.5435298760959671,0.8922222222222222
medium,4,100004,1004,6000,32,5,relu,sgd,0.03,Xavier,20,0.03933078016553606,0.9923809523809524,0.49497403969367343,0.8944444444444445,0.5535552274642719,0.8888888888888888
medium,4,100004,1004,6000,32,5,relu,sgd,0.03,Orthogonal,0,1.795779771350679,0.1457142857142857,1.7981366713841755,0.1411111111111111,1.7593516900804307,0.15888888888888889
medium,4,100004,1004,6000,32,5,relu,sgd,0.03,Orthogonal,1,0.4473069822220575,0.8811904761904762,0.48066038184695775,0.8811111111111111,0.49196920520729487,0.8688888888888889
medium,4,100004,1004,6000,32,5,relu,sgd,0.03,Orthogonal,2,0.32509320395333424,0.9223809523809524,0.3939505534701877,0.9055555555555556,0.39968703733550176,0.9011111111111111
medium,4,100004,1004,6000,32,5,relu,sgd,0.03,Orthogonal,3,0.2928200658162435,0.9333333333333333,0.38471602982944914,0.91,0.3795856981807285,0.9077777777777778
medium,4,100004,1004,6000,32,5,relu,sgd,0.03,Orthogonal,4,0.2635176036471412,0.9404761904761905,0.3720354526572757,0.9155555555555556,0.382862062793639,0.9122222222222223
medium,4,100004,1004,6000,32,5,relu,sgd,0.03,Orthogonal,5,0.24630833603086927,0.9435714285714286,0.3751585404409303,0.91,0.37331669891874,0.9133333333333333
medium,4,100004,1004,6000,32,5,relu,sgd,0.03,Orthogonal,6,0.22025827839261009,0.9538095238095238,0.36974570665094586,0.9144444444444444,0.3732326464354992,0.9122222222222223
medium,4,100004,1004,6000,32,5,relu,sgd,0.03,Orthogonal,7,0.20279541901179723,0.959047619047619,0.3585872702466117,0.9144444444444444,0.3838399386074808,0.9066666666666666
medium,4,100004,1004,6000,32,5,relu,sgd,0.03,Orthogonal,8,0.19666256268819174,0.9564285714285714,0.38462014405263795,0.9088888888888889,0.3893352967003981,0.9122222222222223
medium,4,100004,1004,6000,32,5,relu,sgd,0.03,Orthogonal,9,0.16868195374806721,0.9647619047619047,0.3692711494697465,0.9144444444444444,0.3860869486629963,0.9133333333333333
medium,4,100004,1004,6000,32,5,relu,sgd,0.03,Orthogonal,10,0.1502949657894316,0.9685714285714285,0.3628350350591871,0.9188888888888889,0.3916690109587378,0.9144444444444444
medium,4,100004,1004,6000,32,5,relu,sgd,0.03,Orthogonal,11,0.13435190223512194,0.9730952380952381,0.3692049393057823,0.9166666666666666,0.3926892561962207,0.9144444444444444
medium,4,100004,1004,6000,32,5,relu,sgd,0.03,Orthogonal,12,0.12105106648944673,0.975,0.3845401009917259,0.9122222222222223,0.4063210603884525,0.9166666666666666
medium,4,100004,1004,6000,32,5,relu,sgd,0.03,Orthogonal,13,0.10826145751135689,0.9780952380952381,0.38739768006735376,0.9144444444444444,0.41443735954248245,0.91
medium,4,100004,1004,6000,32,5,relu,sgd,0.03,Orthogonal,14,0.09696058341435024,0.9804761904761905,0.39757109804285895,0.9111111111111111,0.42508722691279316,0.91
medium,4,100004,1004,6000,32,5,relu,sgd,0.03,Orthogonal,15,0.08486657585416521,0.9809523809523809,0.41074760161340235,0.9077777777777778,0.4384170964318845,0.9111111111111111
medium,4,100004,1004,6000,32,5,relu,sgd,0.03,Orthogonal,16,0.07483863007454646,0.9840476190476191,0.4173372109234333,0.9077777777777778,0.4549405019564761,0.9111111111111111
medium,4,100004,1004,6000,32,5,relu,sgd,0.03,Orthogonal,17,0.06371757416498093,0.9852380952380952,0.427361022018724,0.9022222222222223,0.46591314010322094,0.9088888888888889
medium,4,100004,1004,6000,32,5,relu,sgd,0.03,Orthogonal,18,0.05584720827284313,0.9902380952380953,0.43507704095708,0.9044444444444445,0.4667092222782473,0.9055555555555556
medium,4,100004,1004,6000,32,5,relu,sgd,0.03,Orthogonal,19,0.05026150345802307,0.9888095238095238,0.47045348174042173,0.9033333333333333,0.5060251937935957,0.9044444444444445
medium,4,100004,1004,6000,32,5,relu,sgd,0.03,Orthogonal,20,0.04529032939956302,0.991904761904762,0.4762390038371086,0.9011111111111111,0.5095626551725178,0.9022222222222223
medium,5,100005,1005,6000,32,5,relu,sgd,0.03,ECED,0,1.5974987102690197,0.20285714285714285,1.596795696152581,0.19111111111111112,1.5973764854007297,0.1922222222222222
medium,5,100005,1005,6000,32,5,relu,sgd,0.03,ECED,1,0.9683832713535854,0.7445238095238095,0.9863570774926079,0.7377777777777778,0.9697940974765353,0.7433333333333333
medium,5,100005,1005,6000,32,5,relu,sgd,0.03,ECED,2,0.3779832331339518,0.905,0.4557638875643412,0.8766666666666667,0.4009177234437731,0.88
medium,5,100005,1005,6000,32,5,relu,sgd,0.03,ECED,3,0.3092784141358875,0.924047619047619,0.39653389477067524,0.8933333333333333,0.3521551259358724,0.9066666666666666
medium,5,100005,1005,6000,32,5,relu,sgd,0.03,ECED,4,0.2906022003718785,0.9292857142857143,0.3874674567580223,0.9,0.34526844633950127,0.9066666666666666
medium,5,100005,1005,6000,32,5,relu,sgd,0.03,ECED,5,0.26354239372980026,0.9383333333333334,0.3816434118151665,0.9033333333333333,0.332826832930247,0.9222222222222223
medium,5,100005,1005,6000,32,5,relu,sgd,0.03,ECED,6,0.2459695343744187,0.9478571428571428,0.3709413613213433,0.9033333333333333,0.3289666096369425,0.9211111111111111
medium,5,100005,1005,6000,32,5,relu,sgd,0.03,ECED,7,0.23647371723538355,0.9471428571428572,0.3728134508762095,0.9088888888888889,0.32914151350657145,0.9188888888888889
medium,5,100005,1005,6000,32,5,relu,sgd,0.03,ECED,8,0.2182900247119722,0.9533333333333334,0.36803599970208273,0.9077777777777778,0.3306704028447469,0.9177777777777778
medium,5,100005,1005,6000,32,5,relu,sgd,0.03,ECED,9,0.20714730853126162,0.9571428571428572,0.38394776009851034,0.9033333333333333,0.3344924709531996,0.9266666666666666
medium,5,100005,1005,6000,32,5,relu,sgd,0.03,ECED,10,0.1894754986535935,0.9628571428571429,0.3702050332725048,0.9066666666666666,0.32416855335235595,0.9233333333333333
medium,5,100005,1005,6000,32,5,relu,sgd,0.03,ECED,11,0.17711365313757033,0.9673809523809523,0.3798804271386729,0.9,0.340252325269911,0.9166666666666666
medium,5,100005,1005,6000,32,5,relu,sgd,0.03,ECED,12,0.16396161147526334,0.9673809523809523,0.37312214798397486,0.9133333333333333,0.33803825431399875,0.9188888888888889
medium,5,100005,1005,6000,32,5,relu,sgd,0.03,ECED,13,0.15787788561412266,0.9669047619047619,0.3947148538960351,0.8977777777777778,0.35900063938564725,0.9144444444444444
medium,5,100005,1005,6000,32,5,relu,sgd,0.03,ECED,14,0.14072445596967426,0.9726190476190476,0.40545886812938586,0.9044444444444445,0.3502474170260959,0.9166666666666666
medium,5,100005,1005,6000,32,5,relu,sgd,0.03,ECED,15,0.13249087867282686,0.975,0.3974048023256991,0.9033333333333333,0.3620563962724474,0.92
medium,5,100005,1005,6000,32,5,relu,sgd,0.03,ECED,16,0.11762098550796508,0.9769047619047619,0.4219401532742712,0.8988888888888888,0.37441971990797257,0.9188888888888889
medium,5,100005,1005,6000,32,5,relu,sgd,0.03,ECED,17,0.11401124057315645,0.9757142857142858,0.45587196593483287,0.8866666666666667,0.390693113538954,0.9133333333333333
medium,5,100005,1005,6000,32,5,relu,sgd,0.03,ECED,18,0.09907498172351292,0.98,0.4477685483296712,0.9011111111111111,0.40490813043382434,0.9066666666666666
medium,5,100005,1005,6000,32,5,relu,sgd,0.03,ECED,19,0.09193406581878662,0.9811904761904762,0.46714327322112187,0.88,0.41636328485276963,0.9111111111111111
medium,5,100005,1005,6000,32,5,relu,sgd,0.03,ECED,20,0.07910879021599179,0.9835714285714285,0.47972062029772333,0.8955555555555555,0.42517205238342287,0.9088888888888889
medium,5,100005,1005,6000,32,5,relu,sgd,0.03,He,0,2.0030619739350817,0.20285714285714285,1.9954548570844861,0.19111111111111112,1.9927192380693224,0.1922222222222222
medium,5,100005,1005,6000,32,5,relu,sgd,0.03,He,1,0.41262528964451384,0.8878571428571429,0.503207671046257,0.8644444444444445,0.43074842585457696,0.8833333333333333
medium,5,100005,1005,6000,32,5,relu,sgd,0.03,He,2,0.3277847271873837,0.9171428571428571,0.42858292503489387,0.8788888888888889,0.3814117532306247,0.8888888888888888
medium,5,100005,1005,6000,32,5,relu,sgd,0.03,He,3,0.28028045177459715,0.9345238095238095,0.4211784750719865,0.8844444444444445,0.3560181744893392,0.9133333333333333
medium,5,100005,1005,6000,32,5,relu,sgd,0.03,He,4,0.259475222996303,0.9371428571428572,0.4157681585682763,0.8844444444444445,0.35242851522233754,0.9133333333333333
medium,5,100005,1005,6000,32,5,relu,sgd,0.03,He,5,0.2288658230645316,0.9502380952380952,0.4152663090493944,0.8888888888888888,0.35567440933651395,0.9177777777777778
medium,5,100005,1005,6000,32,5,relu,sgd,0.03,He,6,0.2119916952224005,0.9523809523809523,0.41461146705680424,0.8855555555555555,0.36010291947258843,0.9177777777777778
medium,5,100005,1005,6000,32,5,relu,sgd,0.03,He,7,0.20633004370189847,0.9516666666666667,0.4330555481546455,0.8822222222222222,0.36839462757110597,0.9188888888888889
medium,5,100005,1005,6000,32,5,relu,sgd,0.03,He,8,0.17969390869140625,0.9614285714285714,0.4220801944865121,0.8944444444444445,0.3737210930718316,0.9144444444444444
medium,5,100005,1005,6000,32,5,relu,sgd,0.03,He,9,0.16371359382356915,0.9642857142857143,0.43327045606242287,0.8877777777777778,0.38066815429263645,0.92
medium,5,100005,1005,6000,32,5,relu,sgd,0.03,He,10,0.14626598119735718,0.97,0.43180519196722245,0.8888888888888888,0.3709278541141086,0.9211111111111111
medium,5,100005,1005,6000,32,5,relu,sgd,0.03,He,11,0.13008715266273135,0.9714285714285714,0.4544503042432997,0.89,0.3946606959236993,0.9144444444444444
medium,5,100005,1005,6000,32,5,relu,sgd,0.03,He,12,0.1196752221243722,0.9730952380952381,0.4483562467826737,0.8833333333333333,0.3946407106187608,0.9211111111111111
medium,5,100005,1005,6000,32,5,relu,sgd,0.03,He,13,0.10620398754165286,0.9754761904761905,0.4658495197031233,0.8888888888888888,0.4144412824842665,0.9144444444444444
medium,5,100005,1005,6000,32,5,relu,sgd,0.03,He,14,0.09178853296098255,0.9785714285714285,0.5022885744273663,0.8822222222222222,0.4345448557535807,0.9155555555555556
medium,5,100005,1005,6000,32,5,relu,sgd,0.03,He,15,0.07957474044391087,0.9804761904761905,0.49579536798099677,0.8833333333333333,0.4400375853644477,0.9177777777777778
medium,5,100005,1005,6000,32,5,relu,sgd,0.03,He,16,0.07205871020044599,0.985,0.5199189926518334,0.8922222222222222,0.47435647328694663,0.8977777777777778
medium,5,100005,1005,6000,32,5,relu,sgd,0.03,He,17,0.06914003082684109,0.9854761904761905,0.5775614809658792,0.8711111111111111,0.5081958505842421,0.8944444444444445
medium,5,100005,1005,6000,32,5,relu,sgd,0.03,He,18,0.05366215791021075,0.9892857142857143,0.551116841427154,0.8788888888888889,0.4983968310885959,0.9088888888888889
medium,5,100005,1005,6000,32,5,relu,sgd,0.03,He,19,0.0494435499395643,0.9897619047619047,0.5953452449043591,0.8788888888888889,0.5363682587941487,0.8977777777777778
medium,5,100005,1005,6000,32,5,relu,sgd,0.03,He,20,0.035287112338202344,0.9930952380952381,0.5838074927197562,0.8788888888888889,0.5232313145531549,0.9044444444444445
medium,5,100005,1005,6000,32,5,relu,sgd,0.03,Xavier,0,1.8716807774135045,0.20285714285714285,1.8650412220425077,0.19111111111111112,1.8638278012805516,0.1922222222222222
medium,5,100005,1005,6000,32,5,relu,sgd,0.03,Xavier,1,0.38821663992745536,0.8992857142857142,0.47504362715615167,0.8688888888888889,0.41053930679957074,0.8877777777777778
medium,5,100005,1005,6000,32,5,relu,sgd,0.03,Xavier,2,0.30583149387722924,0.9271428571428572,0.40688653654522366,0.8977777777777778,0.36336694187588164,0.9022222222222223
medium,5,100005,1005,6000,32,5,relu,sgd,0.03,Xavier,3,0.2665238503047398,0.94,0.4109137436416414,0.8977777777777778,0.3547858084572686,0.9144444444444444
medium,5,100005,1005,6000,32,5,relu,sgd,0.03,Xavier,4,0.24346533343905494,0.9442857142857143,0.3944774565266238,0.8944444444444445,0.3470695220099555,0.9188888888888889
medium,5,100005,1005,6000,32,5,relu,sgd,0.03,Xavier,5,0.21321127323877243,0.9569047619047619,0.3970062447587649,0.9033333333333333,0.35313345432281495,0.92
medium,5,100005,1005,6000,32,5,relu,sgd,0.03,Xavier,6,0.19231143792470295,0.9602380952380952,0.38780985302395293,0.9033333333333333,0.3493136019176907,0.9211111111111111
medium,5,100005,1005,6000,32,5,relu,sgd,0.03,Xavier,7,0.18405550161997478,0.959047619047619,0.40028792636262045,0.8966666666666666,0.3600563293033176,0.9211111111111111
medium,5,100005,1005,6000,32,5,relu,sgd,0.03,Xavier,8,0.1619685293379284,0.9673809523809523,0.39286198046472337,0.9033333333333333,0.36580713431040446,0.9133333333333333
medium,5,100005,1005,6000,32,5,relu,sgd,0.03,Xavier,9,0.14596373682930355,0.9685714285714285,0.41129683034287556,0.9033333333333333,0.37654453383551706,0.9177777777777778
medium,5,100005,1005,6000,32,5,relu,sgd,0.03,Xavier,10,0.1284381163687933,0.9745238095238096,0.4077792372968462,0.9044444444444445,0.3687574598524306,0.92
medium,5,100005,1005,6000,32,5,relu,sgd,0.03,Xavier,11,0.11346512953440348,0.975,0.42132828258805805,0.9033333333333333,0.38676087803310816,0.9111111111111111
medium,5,100005,1005,6000,32,5,relu,sgd,0.03,Xavier,12,0.10316955600466048,0.9773809523809524,0.42737395770019954,0.9044444444444445,0.39937488238016766,0.9144444444444444
medium,5,100005,1005,6000,32,5,relu,sgd,0.03,Xavier,13,0.09257707663944789,0.9780952380952381,0.4412671042813195,0.9066666666666666,0.41146804491678873,0.91
medium,5,100005,1005,6000,32,5,relu,sgd,0.03,Xavier,14,0.07938931766010467,0.9816666666666667,0.46982662104898026,0.9033333333333333,0.4257952086130778,0.91
medium,5,100005,1005,6000,32,5,relu,sgd,0.03,Xavier,15,0.06932617573511032,0.9840476190476191,0.45783360123634337,0.8988888888888888,0.43423566182454426,0.91
medium,5,100005,1005,6000,32,5,relu,sgd,0.03,Xavier,16,0.05966482514426822,0.9861904761904762,0.4933643460273743,0.9,0.4568886513180203,0.9044444444444445
medium,5,100005,1005,6000,32,5,relu,sgd,0.03,Xavier,17,0.053641076939446586,0.9895238095238095,0.5208359915680355,0.8888888888888888,0.48201179610358347,0.8944444444444445
medium,5,100005,1005,6000,32,5,relu,sgd,0.03,Xavier,18,0.04390624977293469,0.9914285714285714,0.5202546315060721,0.9011111111111111,0.49295910835266116,0.9
medium,5,100005,1005,6000,32,5,relu,sgd,0.03,Xavier,19,0.03872160826410566,0.9928571428571429,0.5408007669448852,0.8888888888888888,0.5104903019799126,0.8988888888888888
medium,5,100005,1005,6000,32,5,relu,sgd,0.03,Xavier,20,0.030546547912416004,0.9938095238095238,0.5586947501367993,0.8977777777777778,0.5237511486477322,0.8988888888888888
medium,5,100005,1005,6000,32,5,relu,sgd,0.03,Orthogonal,0,1.7228438241141184,0.23142857142857143,1.726121531592475,0.22444444444444445,1.7210397179921468,0.23444444444444446
medium,5,100005,1005,6000,32,5,relu,sgd,0.03,Orthogonal,1,0.3913114543188186,0.8988095238095238,0.4683017721441057,0.8777777777777778,0.41049782064225937,0.8877777777777778
medium,5,100005,1005,6000,32,5,relu,sgd,0.03,Orthogonal,2,0.30381178651537216,0.9271428571428572,0.3990654775831434,0.8966666666666666,0.3616743532816569,0.9044444444444445
medium,5,100005,1005,6000,32,5,relu,sgd,0.03,Orthogonal,3,0.2782668974286034,0.9319047619047619,0.40063409033748837,0.89,0.3495328950881958,0.9155555555555556
medium,5,100005,1005,6000,32,5,relu,sgd,0.03,Orthogonal,4,0.2550932143983387,0.9407142857142857,0.3863109462791019,0.9044444444444445,0.3420147615008884,0.9122222222222223
medium,5,100005,1005,6000,32,5,relu,sgd,0.03,Orthogonal,5,0.22265216441381544,0.9538095238095238,0.3880975365307596,0.8966666666666666,0.33968539820777044,0.9155555555555556
medium,5,100005,1005,6000,32,5,relu,sgd,0.03,Orthogonal,6,0.20228915509723483,0.9583333333333334,0.3808036700884501,0.9033333333333333,0.33825820393032496,0.9222222222222223
medium,5,100005,1005,6000,32,5,relu,sgd,0.03,Orthogonal,7,0.19314820062546503,0.9573809523809523,0.3910458387600051,0.8977777777777778,0.3412107276916504,0.9188888888888889
medium,5,100005,1005,6000,32,5,relu,sgd,0.03,Orthogonal,8,0.17273983342306953,0.9633333333333334,0.3875276117854648,0.9,0.3431607267591688,0.9255555555555556
medium,5,100005,1005,6000,32,5,relu,sgd,0.03,Orthogonal,9,0.15688562041237242,0.9661904761904762,0.41115785585509407,0.8977777777777778,0.3574453083674113,0.9155555555555556
medium,5,100005,1005,6000,32,5,relu,sgd,0.03,Orthogonal,10,0.1393596900077093,0.97,0.40011884020434485,0.9055555555555556,0.3451650004916721,0.9233333333333333
medium,5,100005,1005,6000,32,5,relu,sgd,0.03,Orthogonal,11,0.12321720089231218,0.9730952380952381,0.4172009586625629,0.8988888888888888,0.3782478025224474,0.9077777777777778
medium,5,100005,1005,6000,32,5,relu,sgd,0.03,Orthogonal,12,0.10828093699046544,0.9759523809523809,0.42218659861220253,0.8977777777777778,0.3819114589691162,0.9088888888888889
medium,5,100005,1005,6000,32,5,relu,sgd,0.03,Orthogonal,13,0.10215503363382249,0.9754761904761905,0.446752499739329,0.8944444444444445,0.4092423523796929,0.9066666666666666
medium,5,100005,1005,6000,32,5,relu,sgd,0.03,Orthogonal,14,0.08190973951703026,0.9816666666666667,0.46210767679744297,0.8922222222222222,0.40502992312113445,0.9055555555555556
medium,5,100005,1005,6000,32,5,relu,sgd,0.03,Orthogonal,15,0.07119197703543163,0.9830952380952381,0.45857086771064337,0.8966666666666666,0.42182295905219186,0.9077777777777778
medium,5,100005,1005,6000,32,5,relu,sgd,0.03,Orthogonal,16,0.06168532013893127,0.9876190476190476,0.4857648687561353,0.8888888888888888,0.4494398011101617,0.9
medium,5,100005,1005,6000,32,5,relu,sgd,0.03,Orthogonal,17,0.061308139335541495,0.9871428571428571,0.5241643993722068,0.8788888888888889,0.4773158793979221,0.89
medium,5,100005,1005,6000,32,5,relu,sgd,0.03,Orthogonal,18,0.047125047729128886,0.9916666666666667,0.515248095591863,0.8933333333333333,0.4682379510667589,0.9066666666666666
medium,5,100005,1005,6000,32,5,relu,sgd,0.03,Orthogonal,19,0.03918619916552589,0.9935714285714285,0.5295182473129696,0.8911111111111111,0.4877047644721137,0.9011111111111111
medium,5,100005,1005,6000,32,5,relu,sgd,0.03,Orthogonal,20,0.032635182795070466,0.9935714285714285,0.5469387426144547,0.89,0.4910221046871609,0.9033333333333333
medium,6,100006,1006,6000,32,5,relu,sgd,0.03,ECED,0,1.622377163115002,0.15214285714285714,1.6193854257795546,0.15888888888888889,1.6184471448262532,0.17888888888888888
medium,6,100006,1006,6000,32,5,relu,sgd,0.03,ECED,1,0.823230227515811,0.789047619047619,0.8434504747390748,0.7755555555555556,0.818877379629347,0.7777777777777778
medium,6,100006,1006,6000,32,5,relu,sgd,0.03,ECED,2,0.39424961317153207,0.8935714285714286,0.4754719955391354,0.87,0.44388003203603954,0.8822222222222222
medium,6,100006,1006,6000,32,5,relu,sgd,0.03,ECED,3,0.33735504286629814,0.9061904761904762,0.4307119448317422,0.8933333333333333,0.39926808224784005,0.8844444444444445
medium,6,100006,1006,6000,32,5,relu,sgd,0.03,ECED,4,0.29817824409121557,0.9223809523809524,0.400694212714831,0.9022222222222223,0.3871374479929606,0.8955555555555555
medium,6,100006,1006,6000,32,5,relu,sgd,0.03,ECED,5,0.27933581806364516,0.9321428571428572,0.4056215216716131,0.9066666666666666,0.3927118296093411,0.9055555555555556
medium,6,100006,1006,6000,32,5,relu,sgd,0.03,ECED,6,0.25688071705046156,0.9376190476190476,0.3987481792933411,0.9011111111111111,0.3806623281372918,0.9033333333333333
medium,6,100006,1006,6000,32,5,relu,sgd,0.03,ECED,7,0.23889191014426095,0.9428571428571428,0.3895918289820353,0.9055555555555556,0.3744927970568339,0.9044444444444445
medium,6,100006,1006,6000,32,5,relu,sgd,0.03,ECED,8,0.22085877872648693,0.9454761904761905,0.3984650299946467,0.91,0.3799530055787828,0.9044444444444445
medium,6,100006,1006,6000,32,5,relu,sgd,0.03,ECED,9,0.20936303229559036,0.9516666666666667,0.39474801861577563,0.9033333333333333,0.38613467428419324,0.8977777777777778
medium,6,100006,1006,6000,32,5,relu,sgd,0.03,ECED,10,0.18492640881311326,0.9604761904761905,0.38603204659289786,0.9111111111111111,0.3806891605589125,0.9122222222222223
medium,6,100006,1006,6000,32,5,relu,sgd,0.03,ECED,11,0.17201406002044678,0.9607142857142857,0.39925198604663215,0.9111111111111111,0.3809668768776788,0.91
medium,6,100006,1006,6000,32,5,relu,sgd,0.03,ECED,12,0.16242820217495874,0.9669047619047619,0.4056036667525768,0.9055555555555556,0.39603683206770157,0.9088888888888889
medium,6,100006,1006,6000,32,5,relu,sgd,0.03,ECED,13,0.14616169225601922,0.9676190476190476,0.4104427537984318,0.9111111111111111,0.39955355008443194,0.9122222222222223
medium,6,100006,1006,6000,32,5,relu,sgd,0.03,ECED,14,0.13157584508260092,0.9716666666666667,0.4087827491429117,0.9111111111111111,0.4032895305421617,0.9055555555555556
medium,6,100006,1006,6000,32,5,relu,sgd,0.03,ECED,15,0.11987927391415551,0.9759523809523809,0.41248281713989043,0.9133333333333333,0.40872491200764977,0.91
medium,6,100006,1006,6000,32,5,relu,sgd,0.03,ECED,16,0.11003753968647548,0.9780952380952381,0.4316568489538299,0.9111111111111111,0.4294788588417901,0.9044444444444445
medium,6,100006,1006,6000,32,5,relu,sgd,0.03,ECED,17,0.10525755280540103,0.9773809523809524,0.4415158680619465,0.9077777777777778,0.45863805452982587,0.9011111111111111
medium,6,100006,1006,6000,32,5,relu,sgd,0.03,ECED,18,0.09125765641530355,0.9814285714285714,0.4586266193745865,0.9011111111111111,0.4545406537585788,0.9011111111111111
medium,6,100006,1006,6000,32,5,relu,sgd,0.03,ECED,19,0.07980753421783447,0.9838095238095238,0.4731619554013014,0.9,0.47078189267052545,0.8966666666666666
medium,6,100006,1006,6000,32,5,relu,sgd,0.03,ECED,20,0.0704115599110013,0.985,0.5096578444292148,0.8977777777777778,0.4971318631701999,0.8988888888888888
medium,6,100006,1006,6000,32,5,relu,sgd,0.03,He,0,2.0240146128336587,0.15214285714285714,1.9945472674899631,0.15888888888888889,1.9887442504035102,0.17888888888888888
medium,6,100006,1006,6000,32,5,relu,sgd,0.03,He,1,0.5054366334279379,0.8502380952380952,0.5885776546928617,0.84,0.5016038264168633,0.8422222222222222
medium,6,100006,1006,6000,32,5,relu,sgd,0.03,He,2,0.35239985783894856,0.9035714285714286,0.45079138974348704,0.8866666666666667,0.4207850188679165,0.8877777777777778
medium,6,100006,1006,6000,32,5,relu,sgd,0.03,He,3,0.3143482612428211,0.9133333333333333,0.4521525215605895,0.8944444444444445,0.4025832189453973,0.8955555555555555
medium,6,100006,1006,6000,32,5,relu,sgd,0.03,He,4,0.27669191451299757,0.9283333333333333,0.435642735030916,0.8966666666666666,0.3990095159742567,0.8966666666666666
medium,6,100006,1006,6000,32,5,relu,sgd,0.03,He,5,0.25770907901582263,0.9383333333333334,0.4372719054089652,0.8888888888888888,0.4066805993186103,0.9066666666666666
medium,6,100006,1006,6000,32,5,relu,sgd,0.03,He,6,0.23179336252666655,0.9442857142857143,0.4382830793990029,0.8888888888888888,0.41005414803822837,0.8955555555555555
medium,6,100006,1006,6000,32,5,relu,sgd,0.03,He,7,0.2070021593003046,0.9516666666666667,0.4310697666969564,0.8977777777777778,0.3994861931271023,0.9077777777777778
medium,6,100006,1006,6000,32,5,relu,sgd,0.03,He,8,0.18126723244076684,0.9557142857142857,0.45181651814116375,0.8922222222222222,0.40034692764282226,0.9133333333333333
medium,6,100006,1006,6000,32,5,relu,sgd,0.03,He,9,0.16370571840377082,0.9607142857142857,0.4498246714969476,0.8955555555555555,0.412779709233178,0.9111111111111111
medium,6,100006,1006,6000,32,5,relu,sgd,0.03,He,10,0.1459310956228347,0.9666666666666667,0.4533346024817891,0.9,0.4315200471878052,0.9088888888888889
medium,6,100006,1006,6000,32,5,relu,sgd,0.03,He,11,0.1316177611123948,0.9685714285714285,0.4781337438006368,0.8944444444444445,0.429966578218672,0.9088888888888889
medium,6,100006,1006,6000,32,5,relu,sgd,0.03,He,12,0.1156068449928647,0.9721428571428572,0.49013366849058204,0.8966666666666666,0.43709260834587943,0.9133333333333333
medium,6,100006,1006,6000,32,5,relu,sgd,0.03,He,13,0.09871829907099405,0.9776190476190476,0.5044528180402186,0.8844444444444445,0.45717757728364733,0.9088888888888889
medium,6,100006,1006,6000,32,5,relu,sgd,0.03,He,14,0.0875218847819737,0.9830952380952381,0.511403852103071,0.8877777777777778,0.4597227636973063,0.9033333333333333
medium,6,100006,1006,6000,32,5,relu,sgd,0.03,He,15,0.07787417911347888,0.9835714285714285,0.527767744190577,0.8866666666666667,0.47317739751603866,0.9111111111111111
medium,6,100006,1006,6000,32,5,relu,sgd,0.03,He,16,0.06655926846322559,0.9866666666666667,0.5508752357659654,0.8855555555555555,0.5057833925882975,0.8988888888888888
medium,6,100006,1006,6000,32,5,relu,sgd,0.03,He,17,0.06215415835380554,0.9864285714285714,0.5702812014965134,0.88,0.5265648635228475,0.9011111111111111
medium,6,100006,1006,6000,32,5,relu,sgd,0.03,He,18,0.04992870018595741,0.9892857142857143,0.5918867965425468,0.8877777777777778,0.5320116318596734,0.9033333333333333
medium,6,100006,1006,6000,32,5,relu,sgd,0.03,He,19,0.04431406480925424,0.991904761904762,0.6164504572469741,0.8811111111111111,0.5380161873499553,0.9
medium,6,100006,1006,6000,32,5,relu,sgd,0.03,He,20,0.03784943523861113,0.9930952380952381,0.6559058252613371,0.88,0.5742151440514458,0.8933333333333333
medium,6,100006,1006,6000,32,5,relu,sgd,0.03,Xavier,0,1.9189762151808967,0.15214285714285714,1.8949507448408338,0.15888888888888889,1.889686590830485,0.17888888888888888
medium,6,100006,1006,6000,32,5,relu,sgd,0.03,Xavier,1,0.4802616282871791,0.8607142857142858,0.5452492094039917,0.8533333333333334,0.4774642439683278,0.8611111111111112
medium,6,100006,1006,6000,32,5,relu,sgd,0.03,Xavier,2,0.33421526091439385,0.9128571428571428,0.4309510980712043,0.8888888888888888,0.4123602483007643,0.8911111111111111
medium,6,100006,1006,6000,32,5,relu,sgd,0.03,Xavier,3,0.2910620857420422,0.925952380952381,0.42393647821413144,0.9,0.3843800523546007,0.8988888888888888
medium,6,100006,1006,6000,32,5,relu,sgd,0.03,Xavier,4,0.25006898244222003,0.9392857142857143,0.4058751912580596,0.9066666666666666,0.3809861326217651,0.9044444444444445
medium,6,100006,1006,6000,32,5,relu,sgd,0.03,Xavier,5,0.23327724729265487,0.9447619047619048,0.415965206987328,0.8988888888888888,0.3949007733662923,0.9088888888888889
medium,6,100006,1006,6000,32,5,relu,sgd,0.03,Xavier,6,0.20915428320566812,0.95,0.4127834416429202,0.9011111111111111,0.3971917454401652,0.9033333333333333
medium,6,100006,1006,6000,32,5,relu,sgd,0.03,Xavier,7,0.18510692210424515,0.959047619047619,0.40695344515972665,0.9033333333333333,0.3871688249376085,0.9055555555555556
medium,6,100006,1006,6000,32,5,relu,sgd,0.03,Xavier,8,0.16790177118210564,0.9580952380952381,0.4264625169171227,0.9022222222222223,0.40028970453474255,0.9055555555555556
medium,6,100006,1006,6000,32,5,relu,sgd,0.03,Xavier,9,0.1524429752713158,0.9654761904761905,0.42926855377025075,0.8977777777777778,0.41383148670196535,0.9022222222222223
medium,6,100006,1006,6000,32,5,relu,sgd,0.03,Xavier,10,0.13011332489195324,0.9709523809523809,0.42992685758405264,0.9022222222222223,0.42055980682373045,0.9044444444444445
medium,6,100006,1006,6000,32,5,relu,sgd,0.03,Xavier,11,0.11682448648271107,0.9723809523809523,0.45312472234169643,0.8966666666666666,0.42518110566669043,0.9066666666666666
medium,6,100006,1006,6000,32,5,relu,sgd,0.03,Xavier,12,0.10879105658758255,0.9742857142857143,0.4699461373852359,0.8977777777777778,0.4432835385534498,0.9044444444444445
medium,6,100006,1006,6000,32,5,relu,sgd,0.03,Xavier,13,0.09025822946003505,0.9795238095238096,0.47570007315940327,0.8977777777777778,0.454234467347463,0.9033333333333333
medium,6,100006,1006,6000,32,5,relu,sgd,0.03,Xavier,14,0.07828201838902064,0.9845238095238096,0.4851629348513153,0.8955555555555555,0.4643383534749349,0.8966666666666666
medium,6,100006,1006,6000,32,5,relu,sgd,0.03,Xavier,15,0.06817589385168893,0.9854761904761905,0.49998230435368085,0.8977777777777778,0.4820232115851508,0.8922222222222222
medium,6,100006,1006,6000,32,5,relu,sgd,0.03,Xavier,16,0.05802930190449669,0.9897619047619047,0.5232901413076454,0.8922222222222222,0.5085591872533163,0.8988888888888888
medium,6,100006,1006,6000,32,5,relu,sgd,0.03,Xavier,17,0.05627046204748608,0.9878571428571429,0.5460823529648284,0.8955555555555555,0.5304132747650147,0.8933333333333333
medium,6,100006,1006,6000,32,5,relu,sgd,0.03,Xavier,18,0.042397884925206505,0.991904761904762,0.5646561928838492,0.8966666666666666,0.5351955954233806,0.8966666666666666
medium,6,100006,1006,6000,32,5,relu,sgd,0.03,Xavier,19,0.037103944789795645,0.9921428571428571,0.5827774666249752,0.8944444444444445,0.5562447396914164,0.8911111111111111
medium,6,100006,1006,6000,32,5,relu,sgd,0.03,Xavier,20,0.031700799607095265,0.9938095238095238,0.6093514560949471,0.8922222222222222,0.5736467395888435,0.8922222222222222
medium,6,100006,1006,6000,32,5,relu,sgd,0.03,Orthogonal,0,1.8029918307349795,0.1595238095238095,1.7983320628272164,0.15,1.7890215312110054,0.16666666666666666
medium,6,100006,1006,6000,32,5,relu,sgd,0.03,Orthogonal,1,0.4247776004246303,0.8747619047619047,0.48343326581848994,0.8711111111111111,0.4525484180450439,0.8755555555555555
medium,6,100006,1006,6000,32,5,relu,sgd,0.03,Orthogonal,2,0.3292581176757812,0.9071428571428571,0.41110632803705005,0.8888888888888888,0.41296629932191636,0.8955555555555555
medium,6,100006,1006,6000,32,5,relu,sgd,0.03,Orthogonal,3,0.28651980899629137,0.9261904761904762,0.3984453141027027,0.9033333333333333,0.3842017353905572,0.9022222222222223
medium,6,100006,1006,6000,32,5,relu,sgd,0.03,Orthogonal,4,0.2546090280442011,0.9404761904761905,0.37948522600862716,0.9055555555555556,0.38162774827745227,0.9088888888888889
medium,6,100006,1006,6000,32,5,relu,sgd,0.03,Orthogonal,5,0.23154889742533366,0.9473809523809524,0.38177229384581246,0.9055555555555556,0.38197272777557373,0.9144444444444444
medium,6,100006,1006,6000,32,5,relu,sgd,0.03,Orthogonal,6,0.20935113747914633,0.950952380952381,0.3792671180433697,0.9066666666666666,0.37476049926545885,0.9111111111111111
medium,6,100006,1006,6000,32,5,relu,sgd,0.03,Orthogonal,7,0.19108418805258615,0.9573809523809523,0.3731434606346819,0.9044444444444445,0.3731454581684536,0.9077777777777778
medium,6,100006,1006,6000,32,5,relu,sgd,0.03,Orthogonal,8,0.1728260512579055,0.9604761904761905,0.3839067392547925,0.9088888888888889,0.3752350412474738,0.9055555555555556
medium,6,100006,1006,6000,32,5,relu,sgd,0.03,Orthogonal,9,0.15928316388811384,0.9635714285714285,0.39353507799406845,0.9055555555555556,0.38885638184017607,0.9044444444444445
medium,6,100006,1006,6000,32,5,relu,sgd,0.03,Orthogonal,10,0.13897255988348098,0.97,0.3894655217975378,0.9088888888888889,0.38980285194185044,0.92
medium,6,100006,1006,6000,32,5,relu,sgd,0.03,Orthogonal,11,0.12336806660606747,0.9730952380952381,0.4003993813279602,0.9133333333333333,0.3875220849778917,0.9155555555555556
medium,6,100006,1006,6000,32,5,relu,sgd,0.03,Orthogonal,12,0.11282449551991054,0.9761904761904762,0.4139620549066199,0.9055555555555556,0.39471438858244157,0.91
medium,6,100006,1006,6000,32,5,relu,sgd,0.03,Orthogonal,13,0.09866620222727458,0.9785714285714285,0.4193790635963281,0.9088888888888889,0.4035314178466797,0.9122222222222223
medium,6,100006,1006,6000,32,5,relu,sgd,0.03,Orthogonal,14,0.0875802112760998,0.9816666666666667,0.43062035728245973,0.9055555555555556,0.4141131235493554,0.9077777777777778
medium,6,100006,1006,6000,32,5,relu,sgd,0.03,Orthogonal,15,0.07697927951812744,0.9847619047619047,0.44187868791942797,0.9077777777777778,0.4208105333646138,0.9044444444444445
medium,6,100006,1006,6000,32,5,relu,sgd,0.03,Orthogonal,16,0.06896016972405569,0.9857142857142858,0.4584396472697457,0.9077777777777778,0.44548323074976603,0.9077777777777778
medium,6,100006,1006,6000,32,5,relu,sgd,0.03,Orthogonal,17,0.06602328169913518,0.9857142857142858,0.4687247161411991,0.9,0.45997331420580545,0.9066666666666666
medium,6,100006,1006,6000,32,5,relu,sgd,0.03,Orthogonal,18,0.052163276502064294,0.9880952380952381,0.4931379054641972,0.9088888888888889,0.45582827442222174,0.9077777777777778
medium,6,100006,1006,6000,32,5,relu,sgd,0.03,Orthogonal,19,0.04307627927689325,0.9907142857142858,0.5024524870701135,0.9055555555555556,0.46934138298034667,0.9066666666666666
medium,6,100006,1006,6000,32,5,relu,sgd,0.03,Orthogonal,20,0.03649656835056487,0.9933333333333333,0.5191616335780256,0.9033333333333333,0.485813658369912,0.9022222222222223
medium,7,100007,1007,6000,32,5,relu,sgd,0.03,ECED,0,1.6194594210670108,0.17,1.6138958258099025,0.18777777777777777,1.6152187013626098,0.19444444444444445
medium,7,100007,1007,6000,32,5,relu,sgd,0.03,ECED,1,0.6437107158842541,0.8207142857142857,0.6835536752806769,0.8277777777777777,0.6830285207430522,0.7855555555555556
medium,7,100007,1007,6000,32,5,relu,sgd,0.03,ECED,2,0.3559172444116502,0.9002380952380953,0.4507367204957538,0.8866666666666667,0.4450452749265565,0.88
medium,7,100007,1007,6000,32,5,relu,sgd,0.03,ECED,3,0.3006468223390125,0.9233333333333333,0.39854653202825124,0.9011111111111111,0.40540276719464197,0.8833333333333333
medium,7,100007,1007,6000,32,5,relu,sgd,0.03,ECED,4,0.284099242800758,0.9285714285714286,0.41052184724145463,0.9044444444444445,0.4005775642891725,0.8922222222222222
medium,7,100007,1007,6000,32,5,relu,sgd,0.03,ECED,5,0.25325122969491143,0.9369047619047619,0.38261696014139385,0.9066666666666666,0.38635173751248253,0.8955555555555555
medium,7,100007,1007,6000,32,5,relu,sgd,0.03,ECED,6,0.23343268076578777,0.9473809523809524,0.378298308071163,0.9088888888888889,0.3921096368961864,0.8955555555555555
medium,7,100007,1007,6000,32,5,relu,sgd,0.03,ECED,7,0.2194502544403076,0.9497619047619048,0.3765622647603353,0.9066666666666666,0.40353926721546385,0.8866666666666667
medium,7,100007,1007,6000,32,5,relu,sgd,0.03,ECED,8,0.2046394820440383,0.9564285714285714,0.3912763944930501,0.9077777777777778,0.4017157205773724,0.8922222222222222
medium,7,100007,1007,6000,32,5,relu,sgd,0.03,ECED,9,0.18835600262596494,0.9592857142857143,0.3891438547107908,0.9122222222222223,0.4071800041529867,0.8944444444444445
medium,7,100007,1007,6000,32,5,relu,sgd,0.03,ECED,10,0.18127021335420154,0.9597619047619048,0.41227024217446645,0.8988888888888888,0.43073523461818697,0.89
medium,7,100007,1007,6000,32,5,relu,sgd,0.03,ECED,11,0.1635676281792777,0.965952380952381,0.41262210622429846,0.9033333333333333,0.43033769622445106,0.8866666666666667
medium,7,100007,1007,6000,32,5,relu,sgd,0.03,ECED,12,0.14520223708379837,0.9707142857142858,0.40354931541615063,0.9,0.43741385999653076,0.8855555555555555
medium,7,100007,1007,6000,32,5,relu,sgd,0.03,ECED,13,0.1413164520263672,0.9676190476190476,0.41324434691005285,0.9055555555555556,0.46341898139980103,0.8844444444444445
medium,7,100007,1007,6000,32,5,relu,sgd,0.03,ECED,14,0.12205509458269392,0.9766666666666667,0.4243630824651983,0.9011111111111111,0.45782956748372977,0.8855555555555555
medium,7,100007,1007,6000,32,5,relu,sgd,0.03,ECED,15,0.11215729724793207,0.9783333333333334,0.43575863757067257,0.9055555555555556,0.4730516025920709,0.8833333333333333
medium,7,100007,1007,6000,32,5,relu,sgd,0.03,ECED,16,0.09540614729835874,0.9788095238095238,0.4551925362977717,0.9033333333333333,0.48069403923220105,0.8911111111111111
medium,7,100007,1007,6000,32,5,relu,sgd,0.03,ECED,17,0.08540532271067301,0.9845238095238096,0.44916971512966686,0.8977777777777778,0.5075799695816305,0.8877777777777778
medium,7,100007,1007,6000,32,5,relu,sgd,0.03,ECED,18,0.07860489856629145,0.9854761904761905,0.49156436257892183,0.8988888888888888,0.5252527785797914,0.8788888888888889
medium,7,100007,1007,6000,32,5,relu,sgd,0.03,ECED,19,0.06808375165576026,0.9878571428571429,0.5003005178107156,0.8922222222222222,0.5296021594603857,0.8766666666666667
medium,7,100007,1007,6000,32,5,relu,sgd,0.03,ECED,20,0.054904095899491086,0.9890476190476191,0.5083051532506943,0.8888888888888888,0.5594111037254333,0.8722222222222222
medium,7,100007,1007,6000,32,5,relu,sgd,0.03,He,0,2.0787196095784504,0.17,2.0271253373887803,0.18777777777777777,2.0573027557796904,0.19444444444444445
medium,7,100007,1007,6000,32,5,relu,sgd,0.03,He,1,0.44590431485857285,0.8735714285714286,0.5347464350859324,0.8633333333333333,0.5666852923234303,0.8288888888888889
medium,7,100007,1007,6000,32,5,relu,sgd,0.03,He,2,0.34101233436947775,0.9057142857142857,0.44001939256985984,0.8755555555555555,0.4635886861218346,0.8677777777777778
medium,7,100007,1007,6000,32,5,relu,sgd,0.03,He,3,0.28520500092279344,0.9247619047619048,0.41988004901342924,0.8911111111111111,0.4438031530711386,0.8722222222222222
medium,7,100007,1007,6000,32,5,relu,sgd,0.03,He,4,0.2637811883290609,0.9352380952380952,0.430376528352499,0.8844444444444445,0.4447270086242093,0.88
medium,7,100007,1007,6000,32,5,relu,sgd,0.03,He,5,0.22723328113555907,0.9473809523809524,0.40752834358149104,0.8988888888888888,0.4241654810640547,0.8888888888888888
medium,7,100007,1007,6000,32,5,relu,sgd,0.03,He,6,0.20875856603894916,0.9511904761904761,0.40549134355452326,0.8977777777777778,0.42976473410924276,0.8833333333333333
medium,7,100007,1007,6000,32,5,relu,sgd,0.03,He,7,0.19509249687194824,0.9545238095238096,0.4146426127768225,0.9044444444444445,0.45289831353558435,0.8777777777777778
medium,7,100007,1007,6000,32,5,relu,sgd,0.03,He,8,0.17324974446069627,0.960952380952381,0.4199523787531588,0.8944444444444445,0.4408293790287442,0.8877777777777778
medium,7,100007,1007,6000,32,5,relu,sgd,0.03,He,9,0.15554820469447544,0.9657142857142857,0.41843174354897605,0.8955555555555555,0.4537927216622564,0.8766666666666667
medium,7,100007,1007,6000,32,5,relu,sgd,0.03,He,10,0.14283799148741222,0.9676190476190476,0.45387718497878976,0.8955555555555555,0.47976920707358256,0.88
medium,7,100007,1007,6000,32,5,relu,sgd,0.03,He,11,0.12310553482600621,0.9728571428571429,0.4487379588931799,0.8933333333333333,0.478807596448395,0.88
medium,7,100007,1007,6000,32,5,relu,sgd,0.03,He,12,0.11144499892280216,0.9757142857142858,0.44266211083779733,0.8988888888888888,0.49729225443469155,0.8766666666666667
medium,7,100007,1007,6000,32,5,relu,sgd,0.03,He,13,0.10326505013874598,0.9764285714285714,0.46687013576428094,0.8955555555555555,0.5208778850899802,0.8644444444444445
medium,7,100007,1007,6000,32,5,relu,sgd,0.03,He,14,0.0871838903427124,0.9811904761904762,0.4720552010792825,0.89,0.5265485243333711,0.8766666666666667
medium,7,100007,1007,6000,32,5,relu,sgd,0.03,He,15,0.07799666120892479,0.9830952380952381,0.49795697135229905,0.8933333333333333,0.5417474864257706,0.8722222222222222
medium,7,100007,1007,6000,32,5,relu,sgd,0.03,He,16,0.0628007940451304,0.9840476190476191,0.5132439991479947,0.8955555555555555,0.5514575809902615,0.8766666666666667
medium,7,100007,1007,6000,32,5,relu,sgd,0.03,He,17,0.05640717035248166,0.9890476190476191,0.49329079707256623,0.8988888888888888,0.5836085032092201,0.8688888888888889
medium,7,100007,1007,6000,32,5,relu,sgd,0.03,He,18,0.048055046456200734,0.99,0.5399580938824349,0.89,0.5957175499531958,0.8722222222222222
medium,7,100007,1007,6000,32,5,relu,sgd,0.03,He,19,0.03895038587706429,0.9921428571428571,0.5476078027031488,0.8966666666666666,0.6007134685582585,0.8755555555555555
medium,7,100007,1007,6000,32,5,relu,sgd,0.03,He,20,0.030888569951057435,0.9938095238095238,0.5676492083258927,0.8933333333333333,0.6474464030398263,0.8733333333333333
medium,7,100007,1007,6000,32,5,relu,sgd,0.03,Xavier,0,1.95736328851609,0.17,1.9149091418584188,0.18777777777777777,1.9377732886208427,0.19444444444444445
medium,7,100007,1007,6000,32,5,relu,sgd,0.03,Xavier,1,0.4033042539869036,0.89,0.493382423321406,0.8844444444444445,0.4983116093112363,0.86
medium,7,100007,1007,6000,32,5,relu,sgd,0.03,Xavier,2,0.31670136179242814,0.9171428571428571,0.4131405237317085,0.8855555555555555,0.4332160103983349,0.88
medium,7,100007,1007,6000,32,5,relu,sgd,0.03,Xavier,3,0.27096526600065685,0.9326190476190476,0.4007718428472678,0.9033333333333333,0.42405460158983865,0.8844444444444445
medium,7,100007,1007,6000,32,5,relu,sgd,0.03,Xavier,4,0.24647912933712915,0.94,0.4101852020786868,0.8966666666666666,0.4185831121272511,0.8877777777777778
medium,7,100007,1007,6000,32,5,relu,sgd,0.03,Xavier,5,0.21490372453417098,0.9502380952380952,0.3892896604041258,0.9,0.4088669319285287,0.8944444444444445
medium,7,100007,1007,6000,32,5,relu,sgd,0.03,Xavier,6,0.19574715092068626,0.9564285714285714,0.3868284136884742,0.9066666666666666,0.41649958153565725,0.8866666666666667
medium,7,100007,1007,6000,32,5,relu,sgd,0.03,Xavier,7,0.17914869785308837,0.9595238095238096,0.392833590383331,0.9066666666666666,0.4391727433602015,0.8777777777777778
medium,7,100007,1007,6000,32,5,relu,sgd,0.03,Xavier,8,0.15868814082372756,0.9666666666666667,0.40052197681532964,0.9033333333333333,0.43170170492596094,0.8877777777777778
medium,7,100007,1007,6000,32,5,relu,sgd,0.03,Xavier,9,0.14013538122177124,0.9695238095238096,0.40036450803279877,0.9022222222222223,0.4428881599836879,0.8855555555555555
medium,7,100007,1007,6000,32,5,relu,sgd,0.03,Xavier,10,0.1309642025402614,0.9711904761904762,0.44349400512046283,0.89,0.4764266041914622,0.8844444444444445
medium,7,100007,1007,6000,32,5,relu,sgd,0.03,Xavier,11,0.11298991850444248,0.9759523809523809,0.4370682339121898,0.8877777777777778,0.47892944316069286,0.8744444444444445
medium,7,100007,1007,6000,32,5,relu,sgd,0.03,Xavier,12,0.0971786229951041,0.9809523809523809,0.42862292412254543,0.8966666666666666,0.4838494675192568,0.88
medium,7,100007,1007,6000,32,5,relu,sgd,0.03,Xavier,13,0.08741021689914522,0.9826190476190476,0.44390633040004307,0.8955555555555555,0.4981504394610723,0.8711111111111111
medium,7,100007,1007,6000,32,5,relu,sgd,0.03,Xavier,14,0.0766975028174264,0.9845238095238096,0.4593656229807271,0.8955555555555555,0.5105291498700778,0.8766666666666667
medium,7,100007,1007,6000,32,5,relu,sgd,0.03,Xavier,15,0.0639858717577798,0.9866666666666667,0.47294451279772654,0.8911111111111111,0.5227593718138006,0.8766666666666667
medium,7,100007,1007,6000,32,5,relu,sgd,0.03,Xavier,16,0.05239544737906683,0.9878571428571429,0.47362316058741677,0.9011111111111111,0.5332409656710095,0.8766666666666667
medium,7,100007,1007,6000,32,5,relu,sgd,0.03,Xavier,17,0.04760325460206895,0.9907142857142858,0.48272370484140187,0.8966666666666666,0.5723621829019653,0.8655555555555555
medium,7,100007,1007,6000,32,5,relu,sgd,0.03,Xavier,18,0.03957210449945359,0.9933333333333333,0.5135399286283387,0.8911111111111111,0.5797188598083125,0.8688888888888889
medium,7,100007,1007,6000,32,5,relu,sgd,0.03,Xavier,19,0.03238379992189862,0.9940476190476191,0.5275765060053932,0.8911111111111111,0.5796931615140704,0.8722222222222222
medium,7,100007,1007,6000,32,5,relu,sgd,0.03,Xavier,20,0.026447499905313764,0.9961904761904762,0.5369803235265944,0.8922222222222222,0.6072720809115304,0.8655555555555555
medium,7,100007,1007,6000,32,5,relu,sgd,0.03,Orthogonal,0,1.794155048188709,0.17833333333333334,1.7799904844495986,0.18777777777777777,1.7807503085666232,0.19444444444444445
medium,7,100007,1007,6000,32,5,relu,sgd,0.03,Orthogonal,1,0.3918721657707578,0.8947619047619048,0.48900439411401747,0.89,0.4906806454062462,0.8644444444444445
medium,7,100007,1007,6000,32,5,relu,sgd,0.03,Orthogonal,2,0.3062675771259126,0.9207142857142857,0.3994506976339552,0.8977777777777778,0.41124050100644427,0.8788888888888889
medium,7,100007,1007,6000,32,5,relu,sgd,0.03,Orthogonal,3,0.2687306158883231,0.9314285714285714,0.38279267476664647,0.9066666666666666,0.40138212084770203,0.8877777777777778
medium,7,100007,1007,6000,32,5,relu,sgd,0.03,Orthogonal,4,0.2508027262914748,0.9378571428571428,0.40029658324188655,0.9055555555555556,0.3974876532951991,0.8955555555555555
medium,7,100007,1007,6000,32,5,relu,sgd,0.03,Orthogonal,5,0.2252182338351295,0.9488095238095238,0.3784248890479406,0.91,0.39043868909279505,0.8955555555555555
medium,7,100007,1007,6000,32,5,relu,sgd,0.03,Orthogonal,6,0.2066427015122913,0.9533333333333334,0.37271775922841494,0.9077777777777778,0.3944739806320932,0.8866666666666667
medium,7,100007,1007,6000,32,5,relu,sgd,0.03,Orthogonal,7,0.1886973033632551,0.9595238095238096,0.3753487728867266,0.9,0.40193050106366474,0.8933333333333333
medium,7,100007,1007,6000,32,5,relu,sgd,0.03,Orthogonal,8,0.17024893851507278,0.964047619047619,0.3800673022866249,0.91,0.4013802911837896,0.8922222222222222
medium,7,100007,1007,6000,32,5,relu,sgd,0.03,Orthogonal,9,0.15214616798219227,0.969047619047619,0.3913067123128308,0.9077777777777778,0.411026827212837,0.8922222222222222
medium,7,100007,1007,6000,32,5,relu,sgd,0.03,Orthogonal,10,0.14117305732908703,0.97,0.40125005376835665,0.8988888888888888,0.430966314971447,0.8911111111111111
medium,7,100007,1007,6000,32,5,relu,sgd,0.03,Orthogonal,11,0.12349530015672956,0.9733333333333334,0.40172940514153904,0.9044444444444445,0.433036230372058,0.8922222222222222
medium,7,100007,1007,6000,32,5,relu,sgd,0.03,Orthogonal,12,0.10672869966143654,0.9769047619047619,0.39989123963647416,0.9088888888888889,0.4402330256005128,0.8888888888888888
medium,7,100007,1007,6000,32,5,relu,sgd,0.03,Orthogonal,13,0.09448855014074417,0.9780952380952381,0.427425689978732,0.8955555555555555,0.4638687563273642,0.8877777777777778
medium,7,100007,1007,6000,32,5,relu,sgd,0.03,Orthogonal,14,0.08387737035751343,0.9842857142857143,0.4319280532747507,0.8955555555555555,0.47719527170062065,0.8788888888888889
medium,7,100007,1007,6000,32,5,relu,sgd,0.03,Orthogonal,15,0.07249105680556524,0.9847619047619047,0.45420516880022155,0.9022222222222223,0.4972401154537996,0.8788888888888889
medium,7,100007,1007,6000,32,5,relu,sgd,0.03,Orthogonal,16,0.058145362536112466,0.9873809523809524,0.46926751378509735,0.8988888888888888,0.5011628238856792,0.8844444444444445
medium,7,100007,1007,6000,32,5,relu,sgd,0.03,Orthogonal,17,0.049200112365541004,0.9911904761904762,0.46982113064991105,0.8944444444444445,0.5327855968144205,0.8722222222222222
medium,7,100007,1007,6000,32,5,relu,sgd,0.03,Orthogonal,18,0.043690510307039535,0.9916666666666667,0.5067665108872784,0.8966666666666666,0.5605244919988844,0.8733333333333333
medium,7,100007,1007,6000,32,5,relu,sgd,0.03,Orthogonal,19,0.034088142996742614,0.9952380952380953,0.5104612772994571,0.8933333333333333,0.5659710918615262,0.8811111111111111
medium,7,100007,1007,6000,32,5,relu,sgd,0.03,Orthogonal,20,0.027887427636555263,0.996904761904762,0.5444751849108272,0.9011111111111111,0.596941140294075,0.8788888888888889
medium,8,100008,1008,6000,32,5,relu,sgd,0.03,ECED,0,1.6263076709565663,0.19166666666666668,1.6306451903449164,0.18444444444444444,1.625555585225423,0.19444444444444445
medium,8,100008,1008,6000,32,5,relu,sgd,0.03,ECED,1,0.9074428721836635,0.7269047619047619,0.9178412357966105,0.7366666666666667,0.9045705403221979,0.7355555555555555
medium,8,100008,1008,6000,32,5,relu,sgd,0.03,ECED,2,0.47806249709356397,0.8576190476190476,0.49253936211268107,0.8455555555555555,0.4547318040000068,0.8388888888888889
medium,8,100008,1008,6000,32,5,relu,sgd,0.03,ECED,3,0.3735438637506394,0.9011904761904762,0.3803575356801351,0.8944444444444445,0.35900096211168503,0.8933333333333333
medium,8,100008,1008,6000,32,5,relu,sgd,0.03,ECED,4,0.3348088219052269,0.915952380952381,0.3586944500605265,0.9011111111111111,0.3335624135533969,0.9011111111111111
medium,8,100008,1008,6000,32,5,relu,sgd,0.03,ECED,5,0.31480289141337076,0.9185714285714286,0.3607313949531979,0.8922222222222222,0.3306541472673416,0.9022222222222223
medium,8,100008,1008,6000,32,5,relu,sgd,0.03,ECED,6,0.2866376917702811,0.9335714285714286,0.33854492240481904,0.8977777777777778,0.3253703259759479,0.9044444444444445
medium,8,100008,1008,6000,32,5,relu,sgd,0.03,ECED,7,0.2742352294921875,0.9302380952380952,0.36433014618025883,0.8844444444444445,0.3379611032538944,0.8922222222222222
medium,8,100008,1008,6000,32,5,relu,sgd,0.03,ECED,8,0.24632635616120838,0.9426190476190476,0.3389503730667962,0.9011111111111111,0.3144017320871353,0.9055555555555556
medium,8,100008,1008,6000,32,5,relu,sgd,0.03,ECED,9,0.22708919093722388,0.9492857142857143,0.34512740360365973,0.8966666666666666,0.3198199410570992,0.9066666666666666
medium,8,100008,1008,6000,32,5,relu,sgd,0.03,ECED,10,0.2306334654490153,0.9416666666666667,0.3510120165348053,0.9,0.33764767054054473,0.9088888888888889
medium,8,100008,1008,6000,32,5,relu,sgd,0.03,ECED,11,0.1987583269391741,0.9542857142857143,0.3549984290864733,0.8988888888888888,0.34210204422473905,0.9022222222222223
medium,8,100008,1008,6000,32,5,relu,sgd,0.03,ECED,12,0.19361276104336694,0.9545238095238096,0.3606395641962687,0.9044444444444445,0.3635648057858149,0.8966666666666666
medium,8,100008,1008,6000,32,5,relu,sgd,0.03,ECED,13,0.18167519546690442,0.9545238095238096,0.4053461217880249,0.8833333333333333,0.3753655806183815,0.8922222222222222
medium,8,100008,1008,6000,32,5,relu,sgd,0.03,ECED,14,0.14616763069516137,0.9680952380952381,0.36770038896136814,0.8988888888888888,0.35497977081272336,0.9011111111111111
medium,8,100008,1008,6000,32,5,relu,sgd,0.03,ECED,15,0.13526502427600678,0.9723809523809523,0.39622002416186863,0.8922222222222222,0.3654962948958079,0.8911111111111111
medium,8,100008,1008,6000,32,5,relu,sgd,0.03,ECED,16,0.11781216212681361,0.9776190476190476,0.3808306908607483,0.8977777777777778,0.36227159483565224,0.8988888888888888
medium,8,100008,1008,6000,32,5,relu,sgd,0.03,ECED,17,0.1122708755447751,0.9780952380952381,0.39319733262062073,0.8922222222222222,0.36625607791874143,0.9044444444444445
medium,8,100008,1008,6000,32,5,relu,sgd,0.03,ECED,18,0.09874798627126785,0.9788095238095238,0.39969652189148797,0.8966666666666666,0.39111852553155685,0.8966666666666666
medium,8,100008,1008,6000,32,5,relu,sgd,0.03,ECED,19,0.08629930541628883,0.985,0.4212719334496392,0.89,0.413595254752371,0.8922222222222222
medium,8,100008,1008,6000,32,5,relu,sgd,0.03,ECED,20,0.07670443790299551,0.9847619047619047,0.42475480106141833,0.8955555555555555,0.39469191547897126,0.8944444444444445
medium,8,100008,1008,6000,32,5,relu,sgd,0.03,He,0,2.1306724403018045,0.19166666666666668,2.1411707581414117,0.18444444444444444,2.1246025212605795,0.19444444444444445
medium,8,100008,1008,6000,32,5,relu,sgd,0.03,He,1,0.5121562040419806,0.8485714285714285,0.5353241758876377,0.8344444444444444,0.4645016442404853,0.8533333333333334
medium,8,100008,1008,6000,32,5,relu,sgd,0.03,He,2,0.386292785462879,0.8928571428571429,0.43962515778011746,0.8611111111111112,0.39241667442851597,0.8733333333333333
medium,8,100008,1008,6000,32,5,relu,sgd,0.03,He,3,0.3323209412892659,0.9114285714285715,0.3971385696199205,0.8744444444444445,0.36186579757266574,0.8888888888888888
medium,8,100008,1008,6000,32,5,relu,sgd,0.03,He,4,0.2948066625140962,0.9252380952380952,0.3879740783903334,0.8788888888888889,0.3506253839863671,0.8977777777777778
medium,8,100008,1008,6000,32,5,relu,sgd,0.03,He,5,0.2702968688238235,0.9311904761904762,0.3917820829815335,0.8833333333333333,0.35571316838264466,0.8966666666666666
medium,8,100008,1008,6000,32,5,relu,sgd,0.03,He,6,0.23657976967947825,0.9445238095238095,0.373875765270657,0.89,0.34869179480605655,0.9011111111111111
medium,8,100008,1008,6000,32,5,relu,sgd,0.03,He,7,0.21953679652441116,0.9495238095238095,0.39716580602857804,0.8755555555555555,0.3592367625236511,0.8933333333333333
medium,8,100008,1008,6000,32,5,relu,sgd,0.03,He,8,0.19391090370359876,0.9542857142857143,0.39101972685919867,0.8844444444444445,0.36315923558341134,0.89
medium,8,100008,1008,6000,32,5,relu,sgd,0.03,He,9,0.17212623936789376,0.9616666666666667,0.39664612028333873,0.8811111111111111,0.36377587305174935,0.8944444444444445
medium,8,100008,1008,6000,32,5,relu,sgd,0.03,He,10,0.1740867939449492,0.9528571428571428,0.42794154935412937,0.8744444444444445,0.395047950413492,0.8966666666666666
medium,8,100008,1008,6000,32,5,relu,sgd,0.03,He,11,0.1417628204254877,0.9654761904761905,0.43175256080097624,0.8744444444444445,0.4190926048490736,0.8744444444444445
medium,8,100008,1008,6000,32,5,relu,sgd,0.03,He,12,0.12625579629625594,0.9709523809523809,0.442321973906623,0.8833333333333333,0.4342521468136046,0.8911111111111111
medium,8,100008,1008,6000,32,5,relu,sgd,0.03,He,13,0.11587616625286284,0.9719047619047619,0.48072689718670314,0.8644444444444445,0.44137471859653793,0.8733333333333333
medium,8,100008,1008,6000,32,5,relu,sgd,0.03,He,14,0.08782756930305845,0.979047619047619,0.4722260641389423,0.8766666666666667,0.4473309267560641,0.8777777777777778
medium,8,100008,1008,6000,32,5,relu,sgd,0.03,He,15,0.07851259152094524,0.9840476190476191,0.48074667003419663,0.8722222222222222,0.467912696202596,0.8711111111111111
medium,8,100008,1008,6000,32,5,relu,sgd,0.03,He,16,0.06558061701910836,0.9852380952380952,0.4895554272333781,0.8688888888888889,0.45903518812523947,0.8877777777777778
medium,8,100008,1008,6000,32,5,relu,sgd,0.03,He,17,0.054746824843542916,0.9897619047619047,0.49619215422206453,0.8766666666666667,0.480613157649835,0.8822222222222222
medium,8,100008,1008,6000,32,5,relu,sgd,0.03,He,18,0.045917166130883355,0.9914285714285714,0.5363229860199822,0.8711111111111111,0.519111817644702,0.8744444444444445
medium,8,100008,1008,6000,32,5,relu,sgd,0.03,He,19,0.041170249496187486,0.9938095238095238,0.5442475759983063,0.88,0.5265158164666759,0.8677777777777778
medium,8,100008,1008,6000,32,5,relu,sgd,0.03,He,20,0.03281525895709083,0.9942857142857143,0.5657077244917552,0.8688888888888889,0.5267416170901722,0.8755555555555555
medium,8,100008,1008,6000,32,5,relu,sgd,0.03,Xavier,0,2.0002556028820218,0.19166666666666668,2.011548643642002,0.18444444444444444,1.9951715352800157,0.19444444444444445
medium,8,100008,1008,6000,32,5,relu,sgd,0.03,Xavier,1,0.48527182987758094,0.8664285714285714,0.48755457321802775,0.8455555555555555,0.42786204735438027,0.8722222222222222
medium,8,100008,1008,6000,32,5,relu,sgd,0.03,Xavier,2,0.3677980477469308,0.9069047619047619,0.39945657240019905,0.8711111111111111,0.361374212635888,0.8911111111111111
medium,8,100008,1008,6000,32,5,relu,sgd,0.03,Xavier,3,0.3224525347210112,0.9195238095238095,0.3787088492181566,0.8933333333333333,0.34212666604253983,0.8911111111111111
medium,8,100008,1008,6000,32,5,relu,sgd,0.03,Xavier,4,0.29252323513939266,0.9278571428571428,0.3803804678387112,0.8833333333333333,0.3439352149102423,0.8955555555555555
medium,8,100008,1008,6000,32,5,relu,sgd,0.03,Xavier,5,0.2651457495916457,0.935,0.37648978193600974,0.88,0.3405996114677853,0.8966666666666666
medium,8,100008,1008,6000,32,5,relu,sgd,0.03,Xavier,6,0.23340312004089356,0.9445238095238095,0.3566649787955814,0.89,0.3376973838938607,0.8988888888888888
medium,8,100008,1008,6000,32,5,relu,sgd,0.03,Xavier,7,0.21312579699925013,0.9521428571428572,0.37856698791186016,0.8811111111111111,0.3505399865574307,0.8922222222222222
medium,8,100008,1008,6000,32,5,relu,sgd,0.03,Xavier,8,0.19489381222497848,0.955,0.36948404404852125,0.8888888888888888,0.34698190834787157,0.8944444444444445
medium,8,100008,1008,6000,32,5,relu,sgd,0.03,Xavier,9,0.16712424800509498,0.9633333333333334,0.385541742377811,0.8822222222222222,0.35633942150407366,0.8933333333333333
medium,8,100008,1008,6000,32,5,relu,sgd,0.03,Xavier,10,0.16513487815856934,0.9602380952380952,0.40006619970003765,0.8844444444444445,0.3818585693173938,0.8955555555555555
medium,8,100008,1008,6000,32,5,relu,sgd,0.03,Xavier,11,0.13576401029314314,0.9683333333333334,0.4186032615767585,0.8811111111111111,0.40483938184049395,0.8788888888888889
medium,8,100008,1008,6000,32,5,relu,sgd,0.03,Xavier,12,0.12364493472235544,0.9716666666666667,0.42220159663094414,0.8822222222222222,0.42186221698919935,0.8844444444444445
medium,8,100008,1008,6000,32,5,relu,sgd,0.03,Xavier,13,0.10859325647354126,0.975,0.4646490395069122,0.8722222222222222,0.43776985704898835,0.8744444444444445
medium,8,100008,1008,6000,32,5,relu,sgd,0.03,Xavier,14,0.08621265059425717,0.9821428571428571,0.4560986453957028,0.88,0.4395345141987006,0.8822222222222222
medium,8,100008,1008,6000,32,5,relu,sgd,0.03,Xavier,15,0.07813124406905401,0.9871428571428571,0.4616019852956136,0.8744444444444445,0.4545021420386102,0.8788888888888889
medium,8,100008,1008,6000,32,5,relu,sgd,0.03,Xavier,16,0.06555246761866979,0.9861904761904762,0.4727222545279397,0.8755555555555555,0.4394535087214576,0.8944444444444445
medium,8,100008,1008,6000,32,5,relu,sgd,0.03,Xavier,17,0.057240831568127586,0.9890476190476191,0.4621118993229336,0.8844444444444445,0.4633142051431868,0.88
medium,8,100008,1008,6000,32,5,relu,sgd,0.03,Xavier,18,0.046462971085593816,0.9911904761904762,0.49721369524796805,0.88,0.48609178342752984,0.8788888888888889
medium,8,100008,1008,6000,32,5,relu,sgd,0.03,Xavier,19,0.04335648621831621,0.9916666666666667,0.5218124538660049,0.8644444444444445,0.5016156242456701,0.8777777777777778
medium,8,100008,1008,6000,32,5,relu,sgd,0.03,Xavier,20,0.03436197263853891,0.9933333333333333,0.5450543088052008,0.8688888888888889,0.5174050279458364,0.8766666666666667
medium,8,100008,1008,6000,32,5,relu,sgd,0.03,Orthogonal,0,1.7102623785109747,0.19166666666666668,1.7214785114924114,0.18333333333333332,1.7064608107672796,0.1711111111111111
medium,8,100008,1008,6000,32,5,relu,sgd,0.03,Orthogonal,1,0.4867933055332729,0.8633333333333333,0.47401382207870485,0.8555555555555555,0.4431958870093028,0.8588888888888889
medium,8,100008,1008,6000,32,5,relu,sgd,0.03,Orthogonal,2,0.37658864157540456,0.8985714285714286,0.3877216635810004,0.8822222222222222,0.3609479029311074,0.8833333333333333
medium,8,100008,1008,6000,32,5,relu,sgd,0.03,Orthogonal,3,0.33391690980820427,0.9119047619047619,0.3716915378305647,0.8888888888888888,0.34672238727410637,0.8877777777777778
medium,8,100008,1008,6000,32,5,relu,sgd,0.03,Orthogonal,4,0.30090717406499956,0.9235714285714286,0.3623696631855435,0.8911111111111111,0.3398509777916802,0.8966666666666666
medium,8,100008,1008,6000,32,5,relu,sgd,0.03,Orthogonal,5,0.2754841899871826,0.9319047619047619,0.36486050261391534,0.8844444444444445,0.33832936028639476,0.8944444444444445
medium,8,100008,1008,6000,32,5,relu,sgd,0.03,Orthogonal,6,0.24253670102074032,0.9423809523809524,0.34102789243062337,0.8966666666666666,0.32812794009844465,0.8933333333333333
medium,8,100008,1008,6000,32,5,relu,sgd,0.03,Orthogonal,7,0.22315147399902344,0.9497619047619048,0.3581338135401408,0.8888888888888888,0.3365078290469117,0.8944444444444445
medium,8,100008,1008,6000,32,5,relu,sgd,0.03,Orthogonal,8,0.19754471392858597,0.9542857142857143,0.34569753222995336,0.8944444444444445,0.32937753844592305,0.8944444444444445
medium,8,100008,1008,6000,32,5,relu,sgd,0.03,Orthogonal,9,0.17943502675919307,0.960952380952381,0.3580612031618754,0.89,0.3292181496322155,0.9033333333333333
medium,8,100008,1008,6000,32,5,relu,sgd,0.03,Orthogonal,10,0.1729062237058367,0.959047619047619,0.3603415087858836,0.8911111111111111,0.34963172717226876,0.9022222222222223
medium,8,100008,1008,6000,32,5,relu,sgd,0.03,Orthogonal,11,0.14271568093981063,0.9671428571428572,0.3614624940024482,0.8966666666666666,0.3457578546139929,0.9011111111111111
medium,8,100008,1008,6000,32,5,relu,sgd,0.03,Orthogonal,12,0.13250485056922548,0.9711904761904762,0.3652408766746521,0.89,0.3721223912967576,0.8866666666666667
medium,8,100008,1008,6000,32,5,relu,sgd,0.03,Orthogonal,13,0.12590951079414003,0.9685714285714285,0.41236766894658405,0.8777777777777778,0.3848021324392822,0.8922222222222222
medium,8,100008,1008,6000,32,5,relu,sgd,0.03,Orthogonal,14,0.09701035567692348,0.9776190476190476,0.4006571956475576,0.8822222222222222,0.3738629382434818,0.8866666666666667
medium,8,100008,1008,6000,32,5,relu,sgd,0.03,Orthogonal,15,0.0857958798181443,0.9826190476190476,0.422720218234592,0.8822222222222222,0.39685841815339196,0.8711111111111111
medium,8,100008,1008,6000,32,5,relu,sgd,0.03,Orthogonal,16,0.07242253076462518,0.9830952380952381,0.4121860565079583,0.8811111111111111,0.385842995180024,0.8833333333333333
medium,8,100008,1008,6000,32,5,relu,sgd,0.03,Orthogonal,17,0.061174487556729995,0.9878571428571429,0.42870721518993377,0.8833333333333333,0.4200319230556488,0.8766666666666667
medium,8,100008,1008,6000,32,5,relu,sgd,0.03,Orthogonal,18,0.04983700967970348,0.9892857142857143,0.44755021704567804,0.8855555555555555,0.444394173870484,0.8833333333333333
medium,8,100008,1008,6000,32,5,relu,sgd,0.03,Orthogonal,19,0.044019139323915754,0.9928571428571429,0.4796644206841787,0.87,0.4523312717345026,0.8755555555555555
medium,8,100008,1008,6000,32,5,relu,sgd,0.03,Orthogonal,20,0.036278535354705085,0.9930952380952381,0.48918042682939106,0.8733333333333333,0.46501915528542465,0.8811111111111111
medium,9,100009,1009,6000,32,5,relu,sgd,0.03,ECED,0,1.7147179085867745,0.2130952380952381,1.713606350156996,0.21444444444444444,1.7064189471138849,0.22
medium,9,100009,1009,6000,32,5,relu,sgd,0.03,ECED,1,0.5903513181777228,0.8128571428571428,0.5644015089670817,0.82,0.6229352513949077,0.8
medium,9,100009,1009,6000,32,5,relu,sgd,0.03,ECED,2,0.3696879509517125,0.8985714285714286,0.38631835361321765,0.8833333333333333,0.4442804984251658,0.8822222222222222
medium,9,100009,1009,6000,32,5,relu,sgd,0.03,ECED,3,0.328500432514009,0.9119047619047619,0.360197372701433,0.8833333333333333,0.41457501298851435,0.8933333333333333
medium,9,100009,1009,6000,32,5,relu,sgd,0.03,ECED,4,0.3094894690740676,0.9192857142857143,0.35864197936322956,0.8966666666666666,0.4234281465080049,0.88
medium,9,100009,1009,6000,32,5,relu,sgd,0.03,ECED,5,0.27469597316923594,0.9333333333333333,0.34129328310489654,0.8966666666666666,0.40473336305883195,0.8911111111111111
medium,9,100009,1009,6000,32,5,relu,sgd,0.03,ECED,6,0.25450812385195776,0.939047619047619,0.34013062331411575,0.9033333333333333,0.41102943705187905,0.8877777777777778
medium,9,100009,1009,6000,32,5,relu,sgd,0.03,ECED,7,0.2375255573363531,0.9430952380952381,0.34247583713796403,0.9044444444444445,0.41552347236209447,0.8888888888888888
medium,9,100009,1009,6000,32,5,relu,sgd,0.03,ECED,8,0.21732370399293446,0.945952380952381,0.33658268723222945,0.9044444444444445,0.411091633439064,0.9
medium,9,100009,1009,6000,32,5,relu,sgd,0.03,ECED,9,0.19527675515129453,0.9547619047619048,0.33247492745518686,0.9044444444444445,0.4103124635749393,0.9033333333333333
medium,9,100009,1009,6000,32,5,relu,sgd,0.03,ECED,10,0.18087344828106108,0.955952380952381,0.3358149218228128,0.9066666666666666,0.4218645243015554,0.8988888888888888
medium,9,100009,1009,6000,32,5,relu,sgd,0.03,ECED,11,0.15982272795268468,0.9657142857142857,0.33940785445272925,0.9111111111111111,0.4349873547421561,0.8911111111111111
medium,9,100009,1009,6000,32,5,relu,sgd,0.03,ECED,12,0.1444854059673491,0.9711904761904762,0.3469891549481286,0.9066666666666666,0.4422291479508082,0.8888888888888888
medium,9,100009,1009,6000,32,5,relu,sgd,0.03,ECED,13,0.1310784453437442,0.9714285714285714,0.34740221038460734,0.9111111111111111,0.45826357473929724,0.8877777777777778
medium,9,100009,1009,6000,32,5,relu,sgd,0.03,ECED,14,0.11871013686770485,0.9738095238095238,0.36261492903033893,0.9111111111111111,0.4791302304797702,0.8855555555555555
medium,9,100009,1009,6000,32,5,relu,sgd,0.03,ECED,15,0.10568932544617426,0.9757142857142858,0.3816305651101801,0.9033333333333333,0.4900344294309616,0.89
medium,9,100009,1009,6000,32,5,relu,sgd,0.03,ECED,16,0.090405455998012,0.9804761904761905,0.39235544006029766,0.9011111111111111,0.5039777213335037,0.8788888888888889
medium,9,100009,1009,6000,32,5,relu,sgd,0.03,ECED,17,0.0763071057910011,0.9833333333333333,0.39308986940317686,0.9066666666666666,0.5145059214697943,0.8766666666666667
medium,9,100009,1009,6000,32,5,relu,sgd,0.03,ECED,18,0.06550082513264248,0.986904761904762,0.40413945173223814,0.9022222222222223,0.5413027634554439,0.8822222222222222
medium,9,100009,1009,6000,32,5,relu,sgd,0.03,ECED,19,0.06215833794502985,0.9876190476190476,0.42220363951391643,0.9022222222222223,0.5451592523852984,0.8788888888888889
medium,9,100009,1009,6000,32,5,relu,sgd,0.03,ECED,20,0.05133232695715768,0.9930952380952381,0.4175618572698699,0.8955555555555555,0.5659898743364546,0.8755555555555555
medium,9,100009,1009,6000,32,5,relu,sgd,0.03,He,0,2.940974622453962,0.2130952380952381,2.9174337747361925,0.21444444444444444,2.9000593598683677,0.22
medium,9,100009,1009,6000,32,5,relu,sgd,0.03,He,1,0.5365299006870815,0.8369047619047619,0.5182815331882901,0.8422222222222222,0.5735559578405486,0.8288888888888889
medium,9,100009,1009,6000,32,5,relu,sgd,0.03,He,2,0.3702399203890846,0.9002380952380953,0.3977351004547543,0.8822222222222222,0.45108190943797427,0.8755555555555555
medium,9,100009,1009,6000,32,5,relu,sgd,0.03,He,3,0.3233374940781366,0.9142857142857143,0.3792332308822208,0.8866666666666667,0.43271658447053696,0.8811111111111111
medium,9,100009,1009,6000,32,5,relu,sgd,0.03,He,4,0.29759159269787017,0.924047619047619,0.37690259072515697,0.8888888888888888,0.4387913658221563,0.8722222222222222
medium,9,100009,1009,6000,32,5,relu,sgd,0.03,He,5,0.2599061343783424,0.935952380952381,0.3582105760441886,0.8933333333333333,0.4197142894234922,0.8822222222222222
medium,9,100009,1009,6000,32,5,relu,sgd,0.03,He,6,0.24023771376836867,0.9426190476190476,0.36189775983492534,0.8966666666666666,0.4268023231956694,0.8833333333333333
medium,9,100009,1009,6000,32,5,relu,sgd,0.03,He,7,0.22201368740626745,0.944047619047619,0.36327829394075606,0.8966666666666666,0.4280247234635883,0.8877777777777778
medium,9,100009,1009,6000,32,5,relu,sgd,0.03,He,8,0.20789302598862422,0.9454761904761905,0.3659568028979831,0.8933333333333333,0.4348231502374013,0.8811111111111111
medium,9,100009,1009,6000,32,5,relu,sgd,0.03,He,9,0.18332902363368442,0.9554761904761905,0.3656640276643965,0.8955555555555555,0.4338931522104475,0.89
medium,9,100009,1009,6000,32,5,relu,sgd,0.03,He,10,0.1708375402859279,0.9564285714285714,0.36789723422792225,0.8933333333333333,0.4417718753880925,0.8833333333333333
medium,9,100009,1009,6000,32,5,relu,sgd,0.03,He,11,0.15050898086457026,0.965,0.3763109748893314,0.8888888888888888,0.4591002143091626,0.8755555555555555
medium,9,100009,1009,6000,32,5,relu,sgd,0.03,He,12,0.13258681478954498,0.9711904761904762,0.3788010048866272,0.8955555555555555,0.46612285455067953,0.8733333333333333
medium,9,100009,1009,6000,32,5,relu,sgd,0.03,He,13,0.12066094001134237,0.9742857142857143,0.3916059014532301,0.8833333333333333,0.4770383602380753,0.8766666666666667
medium,9,100009,1009,6000,32,5,relu,sgd,0.03,He,14,0.10558223639215741,0.9747619047619047,0.40596116291152107,0.8933333333333333,0.4895813319418165,0.8833333333333333
medium,9,100009,1009,6000,32,5,relu,sgd,0.03,He,15,0.09304227420261928,0.9802380952380952,0.41389534102545844,0.8866666666666667,0.5024204699198405,0.8755555555555555
medium,9,100009,1009,6000,32,5,relu,sgd,0.03,He,16,0.0789002089273362,0.9838095238095238,0.43440672741995917,0.8888888888888888,0.5214276903205448,0.8722222222222222
medium,9,100009,1009,6000,32,5,relu,sgd,0.03,He,17,0.06615469183240617,0.9857142857142858,0.4408378150728014,0.8888888888888888,0.5201056495640013,0.8655555555555555
medium,9,100009,1009,6000,32,5,relu,sgd,0.03,He,18,0.05555093166374025,0.9892857142857143,0.45665335178375244,0.89,0.5409369912412432,0.8722222222222222
medium,9,100009,1009,6000,32,5,relu,sgd,0.03,He,19,0.049809134630929855,0.9911904761904762,0.47492886834674414,0.8888888888888888,0.5432326931423611,0.88
medium,9,100009,1009,6000,32,5,relu,sgd,0.03,He,20,0.041582063010760714,0.9947619047619047,0.4811599440044827,0.88,0.5665024423599243,0.8677777777777778
medium,9,100009,1009,6000,32,5,relu,sgd,0.03,Xavier,0,2.6269317699614025,0.2130952380952381,2.608633120854696,0.21444444444444444,2.592344538370768,0.22
medium,9,100009,1009,6000,32,5,relu,sgd,0.03,Xavier,1,0.4870183971949986,0.8571428571428571,0.4754470782809787,0.8566666666666667,0.5289828679296705,0.8466666666666667
medium,9,100009,1009,6000,32,5,relu,sgd,0.03,Xavier,2,0.346839211327689,0.9111904761904762,0.378104377190272,0.8855555555555555,0.43719640321201747,0.8822222222222222
medium,9,100009,1009,6000,32,5,relu,sgd,0.03,Xavier,3,0.30780514444623674,0.9202380952380952,0.35984029915597704,0.9011111111111111,0.41945318314764235,0.8822222222222222
medium,9,100009,1009,6000,32,5,relu,sgd,0.03,Xavier,4,0.2752493735722133,0.9295238095238095,0.3495652390188641,0.9022222222222223,0.42055515302552116,0.8833333333333333
medium,9,100009,1009,6000,32,5,relu,sgd,0.03,Xavier,5,0.24054433686392648,0.9423809523809524,0.33397516932752397,0.9066666666666666,0.40536906083424884,0.89
medium,9,100009,1009,6000,32,5,relu,sgd,0.03,Xavier,6,0.22248333068121048,0.9454761904761905,0.3417769869168599,0.8977777777777778,0.4211082720756531,0.8866666666666667
medium,9,100009,1009,6000,32,5,relu,sgd,0.03,Xavier,7,0.20017426581609818,0.9511904761904761,0.3395525054136912,0.9077777777777778,0.42232756998803883,0.8944444444444445
medium,9,100009,1009,6000,32,5,relu,sgd,0.03,Xavier,8,0.1870011804217384,0.9542857142857143,0.34742412580384147,0.9044444444444445,0.43092563264899786,0.89
medium,9,100009,1009,6000,32,5,relu,sgd,0.03,Xavier,9,0.15765669084730602,0.9666666666666667,0.34332086066404977,0.9011111111111111,0.43287958648469715,0.8922222222222222
medium,9,100009,1009,6000,32,5,relu,sgd,0.03,Xavier,10,0.14428641727992467,0.965,0.3517673265271717,0.9055555555555556,0.439980842123429,0.8855555555555555
medium,9,100009,1009,6000,32,5,relu,sgd,0.03,Xavier,11,0.12455934672128587,0.9711904761904762,0.35629497740003796,0.9044444444444445,0.4685840482844247,0.8788888888888889
medium,9,100009,1009,6000,32,5,relu,sgd,0.03,Xavier,12,0.10585135647228786,0.979047619047619,0.3625502490335041,0.9022222222222223,0.469092181192504,0.8855555555555555
medium,9,100009,1009,6000,32,5,relu,sgd,0.03,Xavier,13,0.09255568441890535,0.9826190476190476,0.37275475217236415,0.8933333333333333,0.489281678530905,0.8888888888888888
medium,9,100009,1009,6000,32,5,relu,sgd,0.03,Xavier,14,0.08090145230293273,0.9835714285714285,0.3890977605846193,0.9055555555555556,0.5008252068360647,0.8788888888888889
medium,9,100009,1009,6000,32,5,relu,sgd,0.03,Xavier,15,0.06990901390711467,0.9854761904761905,0.402441140876876,0.8988888888888888,0.5276108727521367,0.8866666666666667
medium,9,100009,1009,6000,32,5,relu,sgd,0.03,Xavier,16,0.056440869938759575,0.9880952380952381,0.4214843972524007,0.89,0.5420819246106677,0.88
medium,9,100009,1009,6000,32,5,relu,sgd,0.03,Xavier,17,0.046452617531731015,0.9914285714285714,0.42577491839726767,0.8933333333333333,0.5577956752644645,0.8777777777777778
medium,9,100009,1009,6000,32,5,relu,sgd,0.03,Xavier,18,0.0391244900226593,0.9933333333333333,0.4509123518731859,0.8888888888888888,0.5854456742604573,0.8688888888888889
medium,9,100009,1009,6000,32,5,relu,sgd,0.03,Xavier,19,0.03279397706190745,0.995,0.4624195349216461,0.8866666666666667,0.5973334296213256,0.8711111111111111
medium,9,100009,1009,6000,32,5,relu,sgd,0.03,Xavier,20,0.025531784154119944,0.9973809523809524,0.4786155854331122,0.8866666666666667,0.6163279807898734,0.8722222222222222
medium,9,100009,1009,6000,32,5,relu,sgd,0.03,Orthogonal,0,1.9014356340680802,0.20047619047619047,1.8751324441697863,0.2288888888888889,1.9085794157452054,0.21
medium,9,100009,1009,6000,32,5,relu,sgd,0.03,Orthogonal,1,0.4677683339800153,0.8707142857142857,0.44288889865080516,0.8655555555555555,0.5063463575310178,0.8533333333333334
medium,9,100009,1009,6000,32,5,relu,sgd,0.03,Orthogonal,2,0.34872288522266204,0.9092857142857143,0.37007691005865734,0.8855555555555555,0.4287688333789508,0.8844444444444445
medium,9,100009,1009,6000,32,5,relu,sgd,0.03,Orthogonal,3,0.3057524179276966,0.9178571428571428,0.3466380223962996,0.8977777777777778,0.4124563588036431,0.89
medium,9,100009,1009,6000,32,5,relu,sgd,0.03,Orthogonal,4,0.27290684155055456,0.9295238095238095,0.3332383260462019,0.9033333333333333,0.40833049750990336,0.8888888888888888
medium,9,100009,1009,6000,32,5,relu,sgd,0.03,Orthogonal,5,0.24002500874655588,0.9433333333333334,0.31901251200172637,0.9022222222222223,0.39401157771547635,0.9022222222222223
medium,9,100009,1009,6000,32,5,relu,sgd,0.03,Orthogonal,6,0.22245650745573498,0.9497619047619048,0.3271141268147363,0.9088888888888889,0.4099288649857044,0.8988888888888888
medium,9,100009,1009,6000,32,5,relu,sgd,0.03,Orthogonal,7,0.19960436616625105,0.9519047619047619,0.33000939370857346,0.9077777777777778,0.4184836260477702,0.8966666666666666
medium,9,100009,1009,6000,32,5,relu,sgd,0.03,Orthogonal,8,0.18527987843468074,0.9545238095238096,0.33485975729094614,0.9077777777777778,0.40925020592080225,0.9044444444444445
medium,9,100009,1009,6000,32,5,relu,sgd,0.03,Orthogonal,9,0.15359995126724243,0.9666666666666667,0.32306685010592145,0.9077777777777778,0.4156603665815459,0.8944444444444445
medium,9,100009,1009,6000,32,5,relu,sgd,0.03,Orthogonal,10,0.13760355131966728,0.9683333333333334,0.3337641786038876,0.91,0.4327704343862004,0.8933333333333333
medium,9,100009,1009,6000,32,5,relu,sgd,0.03,Orthogonal,11,0.11764706759225754,0.975,0.3357789289620188,0.9055555555555556,0.4478932654857635,0.89
medium,9,100009,1009,6000,32,5,relu,sgd,0.03,Orthogonal,12,0.10327654883975075,0.9792857142857143,0.3547753285037147,0.9022222222222223,0.46476014027992885,0.8888888888888888
medium,9,100009,1009,6000,32,5,relu,sgd,0.03,Orthogonal,13,0.0884220184030987,0.9826190476190476,0.35836104065179825,0.9077777777777778,0.479218544529544,0.8888888888888888
medium,9,100009,1009,6000,32,5,relu,sgd,0.03,Orthogonal,14,0.07710338683355422,0.9811904761904762,0.38150870081451205,0.9,0.5046666687726975,0.8922222222222222
medium,9,100009,1009,6000,32,5,relu,sgd,0.03,Orthogonal,15,0.06724151946249463,0.9861904761904762,0.38468193522757954,0.91,0.5398747180319494,0.8855555555555555
medium,9,100009,1009,6000,32,5,relu,sgd,0.03,Orthogonal,16,0.055028429939633326,0.9907142857142858,0.3900835113061799,0.9033333333333333,0.5427131988936,0.8877777777777778
medium,9,100009,1009,6000,32,5,relu,sgd,0.03,Orthogonal,17,0.04478353173959823,0.9909523809523809,0.41953646762503516,0.8944444444444445,0.5732875286704964,0.8833333333333333
medium,9,100009,1009,6000,32,5,relu,sgd,0.03,Orthogonal,18,0.03734810797941117,0.9938095238095238,0.43686649922488463,0.8944444444444445,0.5811454096602069,0.8766666666666667
medium,9,100009,1009,6000,32,5,relu,sgd,0.03,Orthogonal,19,0.028542214461735316,0.9966666666666667,0.4398954282452663,0.8988888888888888,0.6008337003986041,0.8811111111111111
medium,9,100009,1009,6000,32,5,relu,sgd,0.03,Orthogonal,20,0.024160684716133845,0.9973809523809524,0.4441456956995858,0.8955555555555555,0.6088173288106918,0.8833333333333333
hard,0,200000,1000,6000,32,5,relu,sgd,0.03,ECED,0,1.711145277477446,0.19285714285714287,1.712251370218065,0.19111111111111112,1.7263282664616904,0.19555555555555557
hard,0,200000,1000,6000,32,5,relu,sgd,0.03,ECED,1,1.2106146948678154,0.5269047619047619,1.2652247100406222,0.5022222222222222,1.2641856484942966,0.5011111111111111
hard,0,200000,1000,6000,32,5,relu,sgd,0.03,ECED,2,0.8861208161853609,0.6916666666666667,1.0002549420462714,0.6266666666666667,1.0022998281319937,0.6433333333333333
hard,0,200000,1000,6000,32,5,relu,sgd,0.03,ECED,3,0.7051174100240072,0.7745238095238095,0.8850790709919399,0.7011111111111111,0.9113107268015543,0.6911111111111111
hard,0,200000,1000,6000,32,5,relu,sgd,0.03,ECED,4,0.5804904892331078,0.8328571428571429,0.809990425242318,0.7466666666666667,0.8384420808156331,0.73
hard,0,200000,1000,6000,32,5,relu,sgd,0.03,ECED,5,0.5302945745558966,0.8454761904761905,0.8255791155497233,0.7455555555555555,0.8565082772572835,0.7244444444444444
hard,0,200000,1000,6000,32,5,relu,sgd,0.03,ECED,6,0.45759227571033295,0.87,0.8154187146822611,0.7533333333333333,0.8235259494516585,0.7422222222222222
hard,0,200000,1000,6000,32,5,relu,sgd,0.03,ECED,7,0.40951698621114097,0.8821428571428571,0.8146153838104672,0.76,0.846984671552976,0.7522222222222222
hard,0,200000,1000,6000,32,5,relu,sgd,0.03,ECED,8,0.35074644906180247,0.8990476190476191,0.804745818508996,0.7755555555555556,0.8201673656702042,0.7622222222222222
hard,0,200000,1000,6000,32,5,relu,sgd,0.03,ECED,9,0.33028074400765556,0.9054761904761904,0.8524580510457357,0.7577777777777778,0.8571101331710815,0.7577777777777778
hard,0,200000,1000,6000,32,5,relu,sgd,0.03,ECED,10,0.2855823766617548,0.9219047619047619,0.8554678107632531,0.7611111111111111,0.8819685886303584,0.75
hard,0,200000,1000,6000,32,5,relu,sgd,0.03,ECED,11,0.24584037621816,0.9328571428571428,0.8696746204959022,0.7622222222222222,0.9312078510059251,0.7388888888888889
hard,0,200000,1000,6000,32,5,relu,sgd,0.03,ECED,12,0.21306741669064477,0.9397619047619048,0.9047166911760965,0.77,0.9282010014520751,0.76
hard,0,200000,1000,6000,32,5,relu,sgd,0.03,ECED,13,0.17905784538813999,0.9495238095238095,0.9112885541386074,0.7788888888888889,0.9449647192160289,0.76
hard,0,200000,1000,6000,32,5,relu,sgd,0.03,ECED,14,0.16580017294202531,0.9516666666666667,0.949468227757348,0.7588888888888888,1.0168177444405027,0.7488888888888889
hard,0,200000,1000,6000,32,5,relu,sgd,0.03,ECED,15,0.1311635444277809,0.9673809523809523,1.0427638064490423,0.7433333333333333,1.0383455101980104,0.7444444444444445
hard,0,200000,1000,6000,32,5,relu,sgd,0.03,ECED,16,0.1076960739635286,0.9757142857142858,1.0563934694396124,0.77,1.077031057079633,0.7477777777777778
hard,0,200000,1000,6000,32,5,relu,sgd,0.03,ECED,17,0.1037391563824245,0.9692857142857143,1.1662104574839274,0.7511111111111111,1.2162804616822136,0.7411111111111112
hard,0,200000,1000,6000,32,5,relu,sgd,0.03,ECED,18,0.07551694767815727,0.9835714285714285,1.1454850737253826,0.7588888888888888,1.2408235554231537,0.7433333333333333
hard,0,200000,1000,6000,32,5,relu,sgd,0.03,ECED,19,0.05798522421291896,0.9897619047619047,1.2801769844690958,0.7466666666666667,1.3090302086869876,0.7455555555555555
hard,0,200000,1000,6000,32,5,relu,sgd,0.03,ECED,20,0.04630836509522938,0.9926190476190476,1.291059863832262,0.7488888888888889,1.3524418524901072,0.7455555555555555
hard,0,200000,1000,6000,32,5,relu,sgd,0.03,He,0,2.0602850269135975,0.19285714285714287,2.066835782792833,0.19111111111111112,2.102847523159451,0.19555555555555557
hard,0,200000,1000,6000,32,5,relu,sgd,0.03,He,1,1.1216769427344913,0.5771428571428572,1.1934686575995552,0.5233333333333333,1.2022286290592616,0.54
hard,0,200000,1000,6000,32,5,relu,sgd,0.03,He,2,0.8365363093784878,0.7185714285714285,0.9664963054656982,0.6511111111111111,0.988089473909802,0.6577777777777778
hard,0,200000,1000,6000,32,5,relu,sgd,0.03,He,3,0.680947501772926,0.7830952380952381,0.9027206838130951,0.6933333333333334,0.9272882133060032,0.6933333333333334
hard,0,200000,1000,6000,32,5,relu,sgd,0.03,He,4,0.5789373352414086,0.8321428571428572,0.8590528795454238,0.7188888888888889,0.889578315284517,0.7133333333333334
hard,0,200000,1000,6000,32,5,relu,sgd,0.03,He,5,0.5226620973859515,0.8447619047619047,0.8573497231801351,0.7311111111111112,0.8977941575315264,0.7144444444444444
hard,0,200000,1000,6000,32,5,relu,sgd,0.03,He,6,0.4474481764293852,0.8652380952380953,0.8728319395913018,0.7333333333333333,0.8798394692606396,0.7188888888888889
hard,0,200000,1000,6000,32,5,relu,sgd,0.03,He,7,0.39586597306387766,0.8883333333333333,0.8864627544085185,0.7422222222222222,0.9100618970394134,0.7366666666666667
hard,0,200000,1000,6000,32,5,relu,sgd,0.03,He,8,0.34643870217459544,0.9038095238095238,0.8632938098907471,0.7633333333333333,0.8792567783925268,0.7466666666666667
hard,0,200000,1000,6000,32,5,relu,sgd,0.03,He,9,0.3123263608841669,0.9130952380952381,0.9186581332153744,0.75,0.924460213581721,0.7411111111111112
hard,0,200000,1000,6000,32,5,relu,sgd,0.03,He,10,0.29493514787583125,0.9123809523809524,0.9702024576399061,0.7244444444444444,0.9827730725871192,0.7333333333333333
hard,0,200000,1000,6000,32,5,relu,sgd,0.03,He,11,0.2301668339683896,0.9330952380952381,0.9806390749083624,0.7455555555555555,1.0219808002975252,0.74
hard,0,200000,1000,6000,32,5,relu,sgd,0.03,He,12,0.1982008021218436,0.9442857142857143,0.9900794037183126,0.7455555555555555,1.0134840945733918,0.7544444444444445
hard,0,200000,1000,6000,32,5,relu,sgd,0.03,He,13,0.16941159202938988,0.9535714285714286,1.0387439515855577,0.7533333333333333,1.0387206748459075,0.7633333333333333
hard,0,200000,1000,6000,32,5,relu,sgd,0.03,He,14,0.14792445909409296,0.9611904761904762,1.0776193777720133,0.7377777777777778,1.0937320535381636,0.7444444444444445
hard,0,200000,1000,6000,32,5,relu,sgd,0.03,He,15,0.12451041267031715,0.9697619047619047,1.1657622904247709,0.73,1.1683418238162995,0.7333333333333333
hard,0,200000,1000,6000,32,5,relu,sgd,0.03,He,16,0.10961995033990769,0.9738095238095238,1.2062165440453423,0.7422222222222222,1.2174945796860588,0.7266666666666667
hard,0,200000,1000,6000,32,5,relu,sgd,0.03,He,17,0.09345493248530796,0.9776190476190476,1.281059923701816,0.7433333333333333,1.2902240543895298,0.74
hard,0,200000,1000,6000,32,5,relu,sgd,0.03,He,18,0.07719072693870181,0.9842857142857143,1.2994554879930285,0.7344444444444445,1.3251517075300216,0.7266666666666667
hard,0,200000,1000,6000,32,5,relu,sgd,0.03,He,19,0.07153592722756522,0.981904761904762,1.4239319303300646,0.7333333333333333,1.4308125434981451,0.7188888888888889
hard,0,200000,1000,6000,32,5,relu,sgd,0.03,He,20,0.05193617974008833,0.9923809523809524,1.3813546832402548,0.7522222222222222,1.4302725899219513,0.7255555555555555
hard,0,200000,1000,6000,32,5,relu,sgd,0.03,Xavier,0,1.9488795798165457,0.19285714285714287,1.9535544533199733,0.19111111111111112,1.9835829650031196,0.19555555555555557
hard,0,200000,1000,6000,32,5,relu,sgd,0.03,Xavier,1,1.1029309717814129,0.5866666666666667,1.1775448552767436,0.5455555555555556,1.1753274295065137,0.5477777777777778
hard,0,200000,1000,6000,32,5,relu,sgd,0.03,Xavier,2,0.7939978390648251,0.7366666666666667,0.9316236882739597,0.6555555555555556,0.9420931940608555,0.6677777777777778
hard,0,200000,1000,6000,32,5,relu,sgd,0.03,Xavier,3,0.6219277218409947,0.8107142857142857,0.8624865052435133,0.7233333333333334,0.8658008280065325,0.7111111111111111
hard,0,200000,1000,6000,32,5,relu,sgd,0.03,Xavier,4,0.5214544950212752,0.8547619047619047,0.8117465264267392,0.7544444444444445,0.8124496683809492,0.7477777777777778
hard,0,200000,1000,6000,32,5,relu,sgd,0.03,Xavier,5,0.4656496202378046,0.8661904761904762,0.8176015159818861,0.7544444444444445,0.8208836356798808,0.7433333333333333
hard,0,200000,1000,6000,32,5,relu,sgd,0.03,Xavier,6,0.39784736724126907,0.8902380952380953,0.8347430639796787,0.7533333333333333,0.8060926365190082,0.76
hard,0,200000,1000,6000,32,5,relu,sgd,0.03,Xavier,7,0.3793877288273403,0.8859523809523809,0.8761995124816895,0.7533333333333333,0.8946634882026249,0.7477777777777778
hard,0,200000,1000,6000,32,5,relu,sgd,0.03,Xavier,8,0.3219358235313779,0.9097619047619048,0.8705918839242723,0.7677777777777778,0.8493315385447608,0.7588888888888888
hard,0,200000,1000,6000,32,5,relu,sgd,0.03,Xavier,9,0.27799513181050617,0.9216666666666666,0.9129765004581876,0.7455555555555555,0.8798582408163282,0.7577777777777778
hard,0,200000,1000,6000,32,5,relu,sgd,0.03,Xavier,10,0.23489971274421328,0.935952380952381,0.9365415743986766,0.75,0.8988846360312568,0.7533333333333333
hard,0,200000,1000,6000,32,5,relu,sgd,0.03,Xavier,11,0.1994387758345831,0.9430952380952381,0.9595163852638668,0.7455555555555555,0.9633138616879781,0.7455555555555555
hard,0,200000,1000,6000,32,5,relu,sgd,0.03,Xavier,12,0.17728828634534563,0.949047619047619,0.9666193517049154,0.7577777777777778,0.9676631384425693,0.7544444444444445
hard,0,200000,1000,6000,32,5,relu,sgd,0.03,Xavier,13,0.14478284222739082,0.9585714285714285,1.0090012335777283,0.7633333333333333,0.996199189821879,0.7633333333333333
hard,0,200000,1000,6000,32,5,relu,sgd,0.03,Xavier,14,0.14400783697764077,0.960952380952381,1.1095924064848157,0.74,1.0908866722053951,0.7411111111111112
hard,0,200000,1000,6000,32,5,relu,sgd,0.03,Xavier,15,0.10081243866965885,0.974047619047619,1.126414713329739,0.7488888888888889,1.0992365233103434,0.7511111111111111
hard,0,200000,1000,6000,32,5,relu,sgd,0.03,Xavier,16,0.08199627410797845,0.985,1.1330860646565755,0.7577777777777778,1.125829550690121,0.7455555555555555
hard,0,200000,1000,6000,32,5,relu,sgd,0.03,Xavier,17,0.07163459403174265,0.9828571428571429,1.1996985342767503,0.75,1.1941839665836758,0.7411111111111112
hard,0,200000,1000,6000,32,5,relu,sgd,0.03,Xavier,18,0.05170402873130072,0.9914285714285714,1.2610873283280266,0.7511111111111111,1.2480383174949221,0.7355555555555555
hard,0,200000,1000,6000,32,5,relu,sgd,0.03,Xavier,19,0.04818536281585693,0.9933333333333333,1.3747704431745742,0.7344444444444445,1.306376363436381,0.7488888888888889
hard,0,200000,1000,6000,32,5,relu,sgd,0.03,Xavier,20,0.030047984889575413,0.9959523809523809,1.4120089035563999,0.7533333333333333,1.3444636707835727,0.7533333333333333
hard,0,200000,1000,6000,32,5,relu,sgd,0.03,Orthogonal,0,1.690541988554455,0.19023809523809523,1.69052826139662,0.18555555555555556,1.6988616148630777,0.17555555555555555
hard,0,200000,1000,6000,32,5,relu,sgd,0.03,Orthogonal,1,1.1298987851824078,0.5680952380952381,1.20000475247701,0.5322222222222223,1.1985696228345235,0.5233333333333333
hard,0,200000,1000,6000,32,5,relu,sgd,0.03,Orthogonal,2,0.8226787221999395,0.73,0.9461527972751194,0.6766666666666666,0.9252430619133843,0.6688888888888889
hard,0,200000,1000,6000,32,5,relu,sgd,0.03,Orthogonal,3,0.6432013902210054,0.8116666666666666,0.847398944430881,0.7344444444444445,0.8057334690623813,0.7355555555555555
hard,0,200000,1000,6000,32,5,relu,sgd,0.03,Orthogonal,4,0.5185261054266067,0.8602380952380952,0.7788776773876614,0.7655555555555555,0.7340686130523681,0.7855555555555556
hard,0,200000,1000,6000,32,5,relu,sgd,0.03,Orthogonal,5,0.4497899922870454,0.8790476190476191,0.7594340266121758,0.79,0.7242270053757561,0.7877777777777778
hard,0,200000,1000,6000,32,5,relu,sgd,0.03,Orthogonal,6,0.38693823405674527,0.9002380952380953,0.8029432672924466,0.76,0.7230699306064182,0.7888888888888889
hard,0,200000,1000,6000,32,5,relu,sgd,0.03,Orthogonal,7,0.33932684217180525,0.905952380952381,0.8260525449117024,0.7711111111111111,0.7580913641717699,0.7933333333333333
hard,0,200000,1000,6000,32,5,relu,sgd,0.03,Orthogonal,8,0.29166204089210146,0.9176190476190477,0.8540691826078627,0.7788888888888889,0.7817127452956305,0.7844444444444445
hard,0,200000,1000,6000,32,5,relu,sgd,0.03,Orthogonal,9,0.26915067422957645,0.9285714285714286,0.8823275815116035,0.7677777777777778,0.7854082136021721,0.7955555555555556
hard,0,200000,1000,6000,32,5,relu,sgd,0.03,Orthogonal,10,0.21831143242972237,0.944047619047619,0.9039238214492797,0.7677777777777778,0.8162054663234287,0.7777777777777778
hard,0,200000,1000,6000,32,5,relu,sgd,0.03,Orthogonal,11,0.2052006228764852,0.940952380952381,0.9614790386623806,0.7555555555555555,0.9187334250079261,0.7611111111111111
hard,0,200000,1000,6000,32,5,relu,sgd,0.03,Orthogonal,12,0.180748108455113,0.9466666666666667,0.9898644049962362,0.7555555555555555,0.9466194372706943,0.7688888888888888
hard,0,200000,1000,6000,32,5,relu,sgd,0.03,Orthogonal,13,0.14778953075408935,0.960952380952381,1.0057388310962254,0.7688888888888888,0.9346044645044539,0.7844444444444445
hard,0,200000,1000,6000,32,5,relu,sgd,0.03,Orthogonal,14,0.141158759139833,0.96,1.0730957285563152,0.7588888888888888,1.0340841166178385,0.7666666666666667
hard,0,200000,1000,6000,32,5,relu,sgd,0.03,Orthogonal,15,0.1189788285891215,0.965,1.1692784701453316,0.7633333333333333,1.0693118953704834,0.7733333333333333
hard,0,200000,1000,6000,32,5,relu,sgd,0.03,Orthogonal,16,0.10880658535730271,0.9688095238095238,1.2007969156901042,0.7477777777777778,1.1352321481704712,0.7544444444444445
hard,0,200000,1000,6000,32,5,relu,sgd,0.03,Orthogonal,17,0.10114492688860212,0.9709523809523809,1.2713671774334379,0.7322222222222222,1.229011288219028,0.7444444444444445
hard,0,200000,1000,6000,32,5,relu,sgd,0.03,Orthogonal,18,0.08300467082432338,0.9766666666666667,1.2518896145290799,0.7533333333333333,1.24203537940979,0.7533333333333333
hard,0,200000,1000,6000,32,5,relu,sgd,0.03,Orthogonal,19,0.08803140697025118,0.9735714285714285,1.3882579464382596,0.7288888888888889,1.307700256506602,0.7433333333333333
hard,0,200000,1000,6000,32,5,relu,sgd,0.03,Orthogonal,20,0.06716422745159695,0.9821428571428571,1.4176355022854275,0.7522222222222222,1.2686222076416016,0.76
hard,1,200001,1001,6000,32,5,relu,sgd,0.03,ECED,0,1.6889537447974796,0.18976190476190477,1.6838586309221055,0.19,1.6760405927234225,0.2111111111111111
hard,1,200001,1001,6000,32,5,relu,sgd,0.03,ECED,1,1.224084085736956,0.5269047619047619,1.277330864270528,0.4988888888888889,1.2685287687513562,0.5088888888888888
hard,1,200001,1001,6000,32,5,relu,sgd,0.03,ECED,2,0.9224065489996047,0.6773809523809524,1.0453018514315287,0.6344444444444445,0.9726610143979391,0.6633333333333333
hard,1,200001,1001,6000,32,5,relu,sgd,0.03,ECED,3,0.7273627199445452,0.7619047619047619,0.9096358606550429,0.7088888888888889,0.825671919716729,0.7333333333333333
hard,1,200001,1001,6000,32,5,relu,sgd,0.03,ECED,4,0.6185530653454009,0.8178571428571428,0.8424863810009426,0.7311111111111112,0.7567270074950324,0.7577777777777778
hard,1,200001,1001,6000,32,5,relu,sgd,0.03,ECED,5,0.538545652117048,0.8485714285714285,0.8252461454603407,0.76,0.7342109963628981,0.78
hard,1,200001,1001,6000,32,5,relu,sgd,0.03,ECED,6,0.45390368143717447,0.8773809523809524,0.8201979298061794,0.7644444444444445,0.7251661440398958,0.79
hard,1,200001,1001,6000,32,5,relu,sgd,0.03,ECED,7,0.4150755246480306,0.8869047619047619,0.8241932005352444,0.7722222222222223,0.7056045171287325,0.7977777777777778
hard,1,200001,1001,6000,32,5,relu,sgd,0.03,ECED,8,0.37471856117248536,0.8992857142857142,0.8534330670038859,0.7666666666666667,0.7115516116221746,0.7988888888888889
hard,1,200001,1001,6000,32,5,relu,sgd,0.03,ECED,9,0.3308376144227527,0.9097619047619048,0.8571793927086724,0.7711111111111111,0.7718320270379384,0.7966666666666666
hard,1,200001,1001,6000,32,5,relu,sgd,0.03,ECED,10,0.29832793144952685,0.9119047619047619,0.9159710868199666,0.77,0.7784522369835112,0.7988888888888889
hard,1,200001,1001,6000,32,5,relu,sgd,0.03,ECED,11,0.2756273260570708,0.9235714285714286,0.9369519790013631,0.7588888888888888,0.8427525109714932,0.7844444444444445
hard,1,200001,1001,6000,32,5,relu,sgd,0.03,ECED,12,0.22174884705316453,0.9416666666666667,0.9659824222988552,0.76,0.850646915535132,0.7866666666666666
hard,1,200001,1001,6000,32,5,relu,sgd,0.03,ECED,13,0.21166797865004766,0.9426190476190476,1.0324627780914306,0.7544444444444445,0.9049366693695386,0.7788888888888889
hard,1,200001,1001,6000,32,5,relu,sgd,0.03,ECED,14,0.1753724920182001,0.9526190476190476,1.0303946908315023,0.76,0.9060147871159845,0.78
hard,1,200001,1001,6000,32,5,relu,sgd,0.03,ECED,15,0.1332621163413638,0.9673809523809523,1.0542697514428032,0.7544444444444445,0.9427821191814211,0.7877777777777778
hard,1,200001,1001,6000,32,5,relu,sgd,0.03,ECED,16,0.12063245330538068,0.9695238095238096,1.1436047066582573,0.7711111111111111,1.0129056253698137,0.7855555555555556
hard,1,200001,1001,6000,32,5,relu,sgd,0.03,ECED,17,0.09771719319479806,0.9761904761904762,1.1541393513149685,0.7688888888888888,1.0230030771096548,0.7944444444444444
hard,1,200001,1001,6000,32,5,relu,sgd,0.03,ECED,18,0.080191262449537,0.9830952380952381,1.2132460848490396,0.7555555555555555,1.0460909764758415,0.7855555555555556
hard,1,200001,1001,6000,32,5,relu,sgd,0.03,ECED,19,0.0679053483122871,0.9871428571428571,1.26891937467787,0.7644444444444445,1.1565893358385397,0.7688888888888888
hard,1,200001,1001,6000,32,5,relu,sgd,0.03,ECED,20,0.05838543693224589,0.9866666666666667,1.3217814350128174,0.7622222222222222,1.1489836257199446,0.7844444444444445
hard,1,200001,1001,6000,32,5,relu,sgd,0.03,He,0,2.075534715198335,0.18976190476190477,2.062991818851895,0.19,2.0372815397050648,0.2111111111111111
hard,1,200001,1001,6000,32,5,relu,sgd,0.03,He,1,1.192977173214867,0.5407142857142857,1.2660797744327121,0.49,1.2523520024617514,0.5122222222222222
hard,1,200001,1001,6000,32,5,relu,sgd,0.03,He,2,0.8965492575509207,0.689047619047619,1.0566074191199408,0.6233333333333333,0.9842327049043443,0.6555555555555556
hard,1,200001,1001,6000,32,5,relu,sgd,0.03,He,3,0.7380657014392671,0.7542857142857143,0.9610331885019938,0.6833333333333333,0.8732044948471918,0.7055555555555556
hard,1,200001,1001,6000,32,5,relu,sgd,0.03,He,4,0.6265999984741211,0.8119047619047619,0.8986335113313463,0.7133333333333334,0.8175065371725294,0.7344444444444445
hard,1,200001,1001,6000,32,5,relu,sgd,0.03,He,5,0.5400497563680013,0.8452380952380952,0.889475474357605,0.7388888888888889,0.7760501931773292,0.7566666666666667
hard,1,200001,1001,6000,32,5,relu,sgd,0.03,He,6,0.46198886417207263,0.8704761904761905,0.8933914232254029,0.7277777777777777,0.7813469192716811,0.7644444444444445
hard,1,200001,1001,6000,32,5,relu,sgd,0.03,He,7,0.42499246688116166,0.8814285714285715,0.9039564368459914,0.7411111111111112,0.7558473128742642,0.7666666666666667
hard,1,200001,1001,6000,32,5,relu,sgd,0.03,He,8,0.36230983007521855,0.8976190476190476,0.911041865878635,0.7455555555555555,0.7626073935627937,0.77
hard,1,200001,1001,6000,32,5,relu,sgd,0.03,He,9,0.3358893548874628,0.9057142857142857,0.9218144114812216,0.75,0.801854609714614,0.76
hard,1,200001,1001,6000,32,5,relu,sgd,0.03,He,10,0.30037845566159205,0.9092857142857143,0.9965411843193902,0.7333333333333333,0.8371009816063775,0.7566666666666667
hard,1,200001,1001,6000,32,5,relu,sgd,0.03,He,11,0.283277195975894,0.9188095238095239,1.027033165825738,0.7355555555555555,0.858109656141864,0.7633333333333333
hard,1,200001,1001,6000,32,5,relu,sgd,0.03,He,12,0.24187797955104282,0.9271428571428572,1.0838171021143594,0.7277777777777777,0.951630750571688,0.7511111111111111
hard,1,200001,1001,6000,32,5,relu,sgd,0.03,He,13,0.22774820781889415,0.930952380952381,1.1088919655481975,0.7388888888888889,0.9408726931942833,0.7522222222222222
hard,1,200001,1001,6000,32,5,relu,sgd,0.03,He,14,0.16961498691922142,0.9538095238095238,1.1417468775643242,0.7466666666666667,0.9367630028062397,0.7588888888888888
hard,1,200001,1001,6000,32,5,relu,sgd,0.03,He,15,0.1360417942773728,0.9661904761904762,1.1918775722715589,0.7344444444444445,0.9850816456476847,0.7477777777777778
hard,1,200001,1001,6000,32,5,relu,sgd,0.03,He,16,0.12348787239619664,0.9685714285714285,1.2199980301327176,0.7522222222222222,1.0217785398165384,0.7566666666666667
hard,1,200001,1001,6000,32,5,relu,sgd,0.03,He,17,0.09928024019513812,0.9730952380952381,1.2691439914703369,0.7255555555555555,1.0455976538856824,0.7588888888888888
hard,1,200001,1001,6000,32,5,relu,sgd,0.03,He,18,0.07913361958095005,0.9830952380952381,1.339805114534166,0.7422222222222222,1.0841884867681397,0.7577777777777778
hard,1,200001,1001,6000,32,5,relu,sgd,0.03,He,19,0.07334197861807687,0.9866666666666667,1.422430968814426,0.7111111111111111,1.1944124017159143,0.7355555555555555
hard,1,200001,1001,6000,32,5,relu,sgd,0.03,He,20,0.06347925668671017,0.9866666666666667,1.519345384173923,0.73,1.216988333662351,0.7622222222222222
hard,1,200001,1001,6000,32,5,relu,sgd,0.03,Xavier,0,1.947503654843285,0.18976190476190477,1.9369842841890124,0.19,1.9167314518822565,0.2111111111111111
hard,1,200001,1001,6000,32,5,relu,sgd,0.03,Xavier,1,1.1719891193934848,0.5426190476190477,1.2485280932320488,0.49777777777777776,1.2336938582526313,0.5122222222222222
hard,1,200001,1001,6000,32,5,relu,sgd,0.03,Xavier,2,0.8434530766805013,0.7123809523809523,1.006534833908081,0.6444444444444445,0.9324265645609962,0.6822222222222222
hard,1,200001,1001,6000,32,5,relu,sgd,0.03,Xavier,3,0.6668907292683919,0.7911904761904762,0.9064906952116224,0.7022222222222222,0.8079507965511746,0.7311111111111112
hard,1,200001,1001,6000,32,5,relu,sgd,0.03,Xavier,4,0.558403126852853,0.8421428571428572,0.8530558978186713,0.73,0.7633040750688976,0.7644444444444445
hard,1,200001,1001,6000,32,5,relu,sgd,0.03,Xavier,5,0.4959211131504604,0.8590476190476191,0.8601993306477864,0.7455555555555555,0.7486044610208935,0.7777777777777778
hard,1,200001,1001,6000,32,5,relu,sgd,0.03,Xavier,6,0.412253421601795,0.8857142857142857,0.8507806264029609,0.7566666666666667,0.7490778053137991,0.7788888888888889
hard,1,200001,1001,6000,32,5,relu,sgd,0.03,Xavier,7,0.38672420865013485,0.8890476190476191,0.8751166296005249,0.7566666666666667,0.7514757189154625,0.7833333333333333
hard,1,200001,1001,6000,32,5,relu,sgd,0.03,Xavier,8,0.33759726433526904,0.9045238095238095,0.8800635931226942,0.7544444444444445,0.7634354331758287,0.7833333333333333
hard,1,200001,1001,6000,32,5,relu,sgd,0.03,Xavier,9,0.2995591585976737,0.9207142857142857,0.9153687397638957,0.7333333333333333,0.8134937548306254,0.7677777777777778
hard,1,200001,1001,6000,32,5,relu,sgd,0.03,Xavier,10,0.30697132973443897,0.9035714285714286,1.0166270605723062,0.7322222222222222,0.8678850301106771,0.7744444444444445
hard,1,200001,1001,6000,32,5,relu,sgd,0.03,Xavier,11,0.2350520015898205,0.9364285714285714,0.945900658501519,0.7577777777777778,0.8371387142936388,0.7811111111111111
hard,1,200001,1001,6000,32,5,relu,sgd,0.03,Xavier,12,0.1836058709734962,0.9533333333333334,1.0054060416751438,0.7555555555555555,0.8701230522327953,0.7844444444444445
hard,1,200001,1001,6000,32,5,relu,sgd,0.03,Xavier,13,0.1683654751096453,0.9597619047619048,1.0285035207536486,0.7622222222222222,0.9307386158075598,0.7777777777777778
hard,1,200001,1001,6000,32,5,relu,sgd,0.03,Xavier,14,0.1507059533255441,0.9611904761904762,1.1217507065667047,0.7455555555555555,0.9818706299778488,0.7655555555555555
hard,1,200001,1001,6000,32,5,relu,sgd,0.03,Xavier,15,0.12067599024091448,0.9730952380952381,1.1339038923051623,0.7611111111111111,1.0182210834489929,0.7655555555555555
hard,1,200001,1001,6000,32,5,relu,sgd,0.03,Xavier,16,0.11526084037054153,0.9716666666666667,1.1748714097340902,0.7477777777777778,1.0633971998095513,0.7766666666666666
hard,1,200001,1001,6000,32,5,relu,sgd,0.03,Xavier,17,0.10105181308019728,0.9754761904761905,1.190882076687283,0.7777777777777778,1.076526205572817,0.7733333333333333
hard,1,200001,1001,6000,32,5,relu,sgd,0.03,Xavier,18,0.08185968103862944,0.9809523809523809,1.303986383014255,0.7477777777777778,1.1315797749327288,0.77
hard,1,200001,1001,6000,32,5,relu,sgd,0.03,Xavier,19,0.07375300089518229,0.9830952380952381,1.3463788064320883,0.7422222222222222,1.1919619080755446,0.7577777777777778
hard,1,200001,1001,6000,32,5,relu,sgd,0.03,Xavier,20,0.06363608814421154,0.9871428571428571,1.3829630650414362,0.7544444444444445,1.2423556695050664,0.7611111111111111
hard,1,200001,1001,6000,32,5,relu,sgd,0.03,Orthogonal,0,1.7922459920247396,0.19595238095238096,1.7859474568896823,0.20333333333333334,1.7656195614073011,0.21888888888888888
hard,1,200001,1001,6000,32,5,relu,sgd,0.03,Orthogonal,1,1.217592250279018,0.5488095238095239,1.258618591096666,0.5233333333333333,1.2514492246839735,0.5333333333333333
hard,1,200001,1001,6000,32,5,relu,sgd,0.03,Orthogonal,2,0.8501792653401693,0.7104761904761905,0.9783931016921997,0.6688888888888889,0.9161393804020351,0.6966666666666667
hard,1,200001,1001,6000,32,5,relu,sgd,0.03,Orthogonal,3,0.6682438132876442,0.7957142857142857,0.8650179399384392,0.7144444444444444,0.7988855722215441,0.7422222222222222
hard,1,200001,1001,6000,32,5,relu,sgd,0.03,Orthogonal,4,0.5392719123477028,0.8516666666666667,0.7820449765523275,0.7655555555555555,0.7107838016086154,0.7955555555555556
hard,1,200001,1001,6000,32,5,relu,sgd,0.03,Orthogonal,5,0.47363494418916247,0.8704761904761905,0.7825626680586073,0.7822222222222223,0.7087806736098395,0.7988888888888889
hard,1,200001,1001,6000,32,5,relu,sgd,0.03,Orthogonal,6,0.40156147003173825,0.8933333333333333,0.7711410278744167,0.79,0.7095420283741422,0.7977777777777778
hard,1,200001,1001,6000,32,5,relu,sgd,0.03,Orthogonal,7,0.36775865781874884,0.8988095238095238,0.8193706766764323,0.7844444444444445,0.719828428030014,0.7888888888888889
hard,1,200001,1001,6000,32,5,relu,sgd,0.03,Orthogonal,8,0.31791461036318824,0.9142857142857143,0.8148651064766778,0.7866666666666666,0.7180942242675358,0.8044444444444444
hard,1,200001,1001,6000,32,5,relu,sgd,0.03,Orthogonal,9,0.2788960820152646,0.9226190476190477,0.860912127494812,0.7711111111111111,0.7592467553085751,0.7988888888888889
hard,1,200001,1001,6000,32,5,relu,sgd,0.03,Orthogonal,10,0.2580175794873919,0.9288095238095239,0.8719760412640042,0.8,0.7810874949561225,0.7977777777777778
hard,1,200001,1001,6000,32,5,relu,sgd,0.03,Orthogonal,11,0.21683019002278645,0.9392857142857143,0.9086357678307427,0.7844444444444445,0.826338843372133,0.7844444444444445
hard,1,200001,1001,6000,32,5,relu,sgd,0.03,Orthogonal,12,0.1993269275483631,0.9457142857142857,1.0092367463641696,0.7644444444444445,0.8763327458169725,0.7677777777777778
hard,1,200001,1001,6000,32,5,relu,sgd,0.03,Orthogonal,13,0.18877635092962355,0.945952380952381,1.0569718853632608,0.7622222222222222,0.9341770102580388,0.77
hard,1,200001,1001,6000,32,5,relu,sgd,0.03,Orthogonal,14,0.15559558868408202,0.9566666666666667,1.0655022170808581,0.7733333333333333,0.9260716716448466,0.7822222222222223
hard,1,200001,1001,6000,32,5,relu,sgd,0.03,Orthogonal,15,0.13403306075504848,0.9652380952380952,1.0903928650750054,0.7722222222222223,0.9737220347589917,0.78
hard,1,200001,1001,6000,32,5,relu,sgd,0.03,Orthogonal,16,0.12660315218425933,0.965,1.1414155366685654,0.75,0.9969602689312564,0.7688888888888888
hard,1,200001,1001,6000,32,5,relu,sgd,0.03,Orthogonal,17,0.10037890831629435,0.9723809523809523,1.145858925713433,0.77,1.0060346648428176,0.7888888888888889
hard,1,200001,1001,6000,32,5,relu,sgd,0.03,Orthogonal,18,0.06769820088431949,0.986904761904762,1.2262814860873752,0.7644444444444445,1.0181381758064445,0.7966666666666666
hard,1,200001,1001,6000,32,5,relu,sgd,0.03,Orthogonal,19,0.07660973991666521,0.9830952380952381,1.2760913615756564,0.7677777777777778,1.1252427716387643,0.77
hard,1,200001,1001,6000,32,5,relu,sgd,0.03,Orthogonal,20,0.05983416818437122,0.9864285714285714,1.261037843492296,0.78,1.120136870721148,0.7777777777777778
hard,2,200002,1002,6000,32,5,relu,sgd,0.03,ECED,0,1.7227520279657274,0.2,1.737002362145318,0.19333333333333333,1.7375889841715495,0.20666666666666667
hard,2,200002,1002,6000,32,5,relu,sgd,0.03,ECED,1,1.2088438488188245,0.5269047619047619,1.2612497864829169,0.5111111111111111,1.2534592729144627,0.5077777777777778
hard,2,200002,1002,6000,32,5,relu,sgd,0.03,ECED,2,0.9063703391665504,0.6811904761904762,0.9790901194678413,0.66,1.009840046564738,0.6455555555555555
hard,2,200002,1002,6000,32,5,relu,sgd,0.03,ECED,3,0.740022584824335,0.7542857142857143,0.8803325769636366,0.7088888888888889,0.8830865632163154,0.7122222222222222
hard,2,200002,1002,6000,32,5,relu,sgd,0.03,ECED,4,0.635677615574428,0.800952380952381,0.8278865028752221,0.7288888888888889,0.8516060348351796,0.7355555555555555
hard,2,200002,1002,6000,32,5,relu,sgd,0.03,ECED,5,0.5486673918224516,0.8388095238095238,0.763150157796012,0.7722222222222223,0.8113255638546414,0.7588888888888888
hard,2,200002,1002,6000,32,5,relu,sgd,0.03,ECED,6,0.46866864885602677,0.8671428571428571,0.7615008436308967,0.77,0.7850212829642825,0.7788888888888889
hard,2,200002,1002,6000,32,5,relu,sgd,0.03,ECED,7,0.3975215603056408,0.8890476190476191,0.7468065235349867,0.78,0.7843192386627197,0.7888888888888889
hard,2,200002,1002,6000,32,5,relu,sgd,0.03,ECED,8,0.34661397343590145,0.8990476190476191,0.7820003286997477,0.7666666666666667,0.7878692441516453,0.78
hard,2,200002,1002,6000,32,5,relu,sgd,0.03,ECED,9,0.3137503074464344,0.9133333333333333,0.8037398064136505,0.77,0.8474355708228217,0.7822222222222223
hard,2,200002,1002,6000,32,5,relu,sgd,0.03,ECED,10,0.2689074080330985,0.9221428571428572,0.834634434249666,0.7788888888888889,0.8737734774748485,0.7688888888888888
hard,2,200002,1002,6000,32,5,relu,sgd,0.03,ECED,11,0.2330435221535819,0.934047619047619,0.8820867439111074,0.7555555555555555,0.8938893304930793,0.7711111111111111
hard,2,200002,1002,6000,32,5,relu,sgd,0.03,ECED,12,0.1962828474953061,0.9476190476190476,0.9268345459302266,0.7688888888888888,0.9529097165001763,0.7744444444444445
hard,2,200002,1002,6000,32,5,relu,sgd,0.03,ECED,13,0.17317767165956044,0.9502380952380952,0.9619778870211707,0.7644444444444445,0.9945504400465224,0.7677777777777778
hard,2,200002,1002,6000,32,5,relu,sgd,0.03,ECED,14,0.15918406713576544,0.9538095238095238,0.9812467592292362,0.7722222222222223,1.032483581437005,0.7533333333333333
hard,2,200002,1002,6000,32,5,relu,sgd,0.03,ECED,15,0.12671707471211752,0.9666666666666667,1.030777364803685,0.7711111111111111,1.0324921454323663,0.7644444444444445
hard,2,200002,1002,6000,32,5,relu,sgd,0.03,ECED,16,0.1216358775184268,0.9638095238095238,1.1223754323853388,0.7588888888888888,1.1470955480469598,0.7555555555555555
hard,2,200002,1002,6000,32,5,relu,sgd,0.03,ECED,17,0.10077734163829259,0.9728571428571429,1.1703707423475054,0.7566666666666667,1.1897129768795438,0.7666666666666667
hard,2,200002,1002,6000,32,5,relu,sgd,0.03,ECED,18,0.07862352348509288,0.9828571428571429,1.179838646782769,0.7577777777777778,1.211830800904168,0.7522222222222222
hard,2,200002,1002,6000,32,5,relu,sgd,0.03,ECED,19,0.05438898659887768,0.9883333333333333,1.246954361067878,0.7744444444444445,1.2152325114276674,0.7633333333333333
hard,2,200002,1002,6000,32,5,relu,sgd,0.03,ECED,20,0.04721727700460525,0.9914285714285714,1.2943494987156656,0.7611111111111111,1.3348071440060933,0.7477777777777778
hard,2,200002,1002,6000,32,5,relu,sgd,0.03,He,0,2.297567058744885,0.2,2.328273804982503,0.19333333333333333,2.3142471504211426,0.20666666666666667
hard,2,200002,1002,6000,32,5,relu,sgd,0.03,He,1,1.1783138820103236,0.5452380952380952,1.247973041534424,0.5166666666666667,1.2552965418497721,0.5055555555555555
hard,2,200002,1002,6000,32,5,relu,sgd,0.03,He,2,0.8955431474958148,0.68,1.015189672311147,0.6366666666666667,1.041316508717007,0.6366666666666667
hard,2,200002,1002,6000,32,5,relu,sgd,0.03,He,3,0.7324621872674851,0.7559523809523809,0.9088435337278578,0.6888888888888889,0.9358459870020549,0.7
hard,2,200002,1002,6000,32,5,relu,sgd,0.03,He,4,0.6447134326753162,0.790952380952381,0.8697936393817266,0.7288888888888889,0.9200576085514492,0.7066666666666667
hard,2,200002,1002,6000,32,5,relu,sgd,0.03,He,5,0.5352330107915969,0.8445238095238096,0.808184000717269,0.7566666666666667,0.8723681921429104,0.7422222222222222
hard,2,200002,1002,6000,32,5,relu,sgd,0.03,He,6,0.4650334358215332,0.861904761904762,0.8025008755260044,0.76,0.8511148301760355,0.7511111111111111
hard,2,200002,1002,6000,32,5,relu,sgd,0.03,He,7,0.40378431774321055,0.8864285714285715,0.8072045373916626,0.7677777777777778,0.8531044170591566,0.7533333333333333
hard,2,200002,1002,6000,32,5,relu,sgd,0.03,He,8,0.3626338295709519,0.8988095238095238,0.8620777144696977,0.7433333333333333,0.8738375359111362,0.7433333333333333
hard,2,200002,1002,6000,32,5,relu,sgd,0.03,He,9,0.31026344571794784,0.9104761904761904,0.8453486236598756,0.7777777777777778,0.8991989448335436,0.7544444444444445
hard,2,200002,1002,6000,32,5,relu,sgd,0.03,He,10,0.2675124472663516,0.9257142857142857,0.88225074145529,0.7666666666666667,0.9440713112221824,0.7522222222222222
hard,2,200002,1002,6000,32,5,relu,sgd,0.03,He,11,0.22627554938906716,0.9371428571428572,0.9021584403514862,0.7688888888888888,0.926168048646715,0.7511111111111111
hard,2,200002,1002,6000,32,5,relu,sgd,0.03,He,12,0.2007490112667992,0.9445238095238095,0.9843954674402873,0.7544444444444445,1.0293986792034573,0.7533333333333333
hard,2,200002,1002,6000,32,5,relu,sgd,0.03,He,13,0.22340048767271495,0.9319047619047619,1.0695238211419846,0.7288888888888889,1.0995720060666403,0.7211111111111111
hard,2,200002,1002,6000,32,5,relu,sgd,0.03,He,14,0.14770631336030507,0.9642857142857143,1.0146863770484924,0.7644444444444445,1.0899525086085002,0.7444444444444445
hard,2,200002,1002,6000,32,5,relu,sgd,0.03,He,15,0.10975745666594733,0.9747619047619047,1.0601276678509182,0.7711111111111111,1.0906591671042971,0.7588888888888888
hard,2,200002,1002,6000,32,5,relu,sgd,0.03,He,16,0.08986528112774804,0.9816666666666667,1.1230156890551248,0.7577777777777778,1.1664258102575937,0.74
hard,2,200002,1002,6000,32,5,relu,sgd,0.03,He,17,0.07581986200241815,0.9845238095238096,1.2286299159791734,0.7411111111111112,1.2492616363366444,0.7466666666666667
hard,2,200002,1002,6000,32,5,relu,sgd,0.03,He,18,0.06384268862860544,0.9885714285714285,1.2142547120650609,0.7588888888888888,1.2797832253244188,0.7344444444444445
hard,2,200002,1002,6000,32,5,relu,sgd,0.03,He,19,0.0444547730968112,0.9945238095238095,1.2922714757257037,0.7477777777777778,1.3016335924466451,0.7355555555555555
hard,2,200002,1002,6000,32,5,relu,sgd,0.03,He,20,0.036184126592817764,0.9964285714285714,1.3346201262540287,0.7566666666666667,1.3413603308465745,0.7466666666666667
hard,2,200002,1002,6000,32,5,relu,sgd,0.03,Xavier,0,2.10983526683989,0.2,2.1362402280171713,0.19333333333333333,2.127303943634033,0.20666666666666667
hard,2,200002,1002,6000,32,5,relu,sgd,0.03,Xavier,1,1.1201310639154343,0.574047619047619,1.201313534312778,0.5455555555555556,1.1973637761010063,0.55
hard,2,200002,1002,6000,32,5,relu,sgd,0.03,Xavier,2,0.8274263327462332,0.7183333333333334,0.9379173466894362,0.6866666666666666,0.9767108159595066,0.6555555555555556
hard,2,200002,1002,6000,32,5,relu,sgd,0.03,Xavier,3,0.6500455547514415,0.7976190476190477,0.835243281589614,0.7366666666666667,0.8626328221956889,0.73
hard,2,200002,1002,6000,32,5,relu,sgd,0.03,Xavier,4,0.5620702234903971,0.8252380952380952,0.7981680642896228,0.7511111111111111,0.847438977294498,0.7522222222222222
hard,2,200002,1002,6000,32,5,relu,sgd,0.03,Xavier,5,0.4671024431501116,0.8654761904761905,0.7562011623382568,0.78,0.8101515242788526,0.7633333333333333
hard,2,200002,1002,6000,32,5,relu,sgd,0.03,Xavier,6,0.38689493451799667,0.893095238095238,0.7600452343953981,0.7766666666666666,0.7829417888323466,0.7955555555555556
hard,2,200002,1002,6000,32,5,relu,sgd,0.03,Xavier,7,0.3300557772318522,0.9076190476190477,0.7748519129223294,0.7944444444444444,0.8023224499490526,0.7866666666666666
hard,2,200002,1002,6000,32,5,relu,sgd,0.03,Xavier,8,0.2904759425208682,0.9161904761904762,0.8279187133577135,0.7766666666666666,0.8312401886781057,0.7833333333333333
hard,2,200002,1002,6000,32,5,relu,sgd,0.03,Xavier,9,0.2426227142697289,0.93,0.8338003524806764,0.7922222222222223,0.8819045978122287,0.7744444444444445
hard,2,200002,1002,6000,32,5,relu,sgd,0.03,Xavier,10,0.21489731652396066,0.9402380952380952,0.8905055318276087,0.7677777777777778,0.9197450953059726,0.7677777777777778
hard,2,200002,1002,6000,32,5,relu,sgd,0.03,Xavier,11,0.16480062416621616,0.9578571428571429,0.9089674054251777,0.7744444444444445,0.9408320207066007,0.7744444444444445
hard,2,200002,1002,6000,32,5,relu,sgd,0.03,Xavier,12,0.14804356620425269,0.9619047619047619,0.979949454665184,0.7711111111111111,0.9623696796099345,0.7755555555555556
hard,2,200002,1002,6000,32,5,relu,sgd,0.03,Xavier,13,0.14916873727525984,0.9566666666666667,1.0251377121607463,0.7711111111111111,1.051801897817188,0.7655555555555555
hard,2,200002,1002,6000,32,5,relu,sgd,0.03,Xavier,14,0.13339361417861212,0.9635714285714285,1.0389146367708841,0.7766666666666666,1.090136899418301,0.7477777777777778
hard,2,200002,1002,6000,32,5,relu,sgd,0.03,Xavier,15,0.10154834792727516,0.9721428571428572,1.1116714032491049,0.7788888888888889,1.1375715895493825,0.7544444444444445
hard,2,200002,1002,6000,32,5,relu,sgd,0.03,Xavier,16,0.08083144880476452,0.98,1.1551887333393096,0.7755555555555556,1.1808088424470689,0.7722222222222223
hard,2,200002,1002,6000,32,5,relu,sgd,0.03,Xavier,17,0.05655409086318243,0.9885714285714285,1.1870542024903827,0.7688888888888888,1.1786466021007962,0.78
hard,2,200002,1002,6000,32,5,relu,sgd,0.03,Xavier,18,0.050155316988627116,0.9938095238095238,1.2255723929074076,0.7688888888888888,1.26653543776936,0.75
hard,2,200002,1002,6000,32,5,relu,sgd,0.03,Xavier,19,0.03760420049939837,0.9957142857142857,1.2948079678747388,0.77,1.3375772515932718,0.7522222222222222
hard,2,200002,1002,6000,32,5,relu,sgd,0.03,Xavier,20,0.02623527379263015,0.9983333333333333,1.3637869161698553,0.7655555555555555,1.3962577215830485,0.75
hard,2,200002,1002,6000,32,5,relu,sgd,0.03,Orthogonal,0,1.8164883059547061,0.20404761904761906,1.829308551152547,0.20555555555555555,1.8289652633666993,0.21333333333333335
hard,2,200002,1002,6000,32,5,relu,sgd,0.03,Orthogonal,1,1.1289642715454102,0.5792857142857143,1.1943801336818272,0.5533333333333333,1.1914085478252834,0.5522222222222222
hard,2,200002,1002,6000,32,5,relu,sgd,0.03,Orthogonal,2,0.8157891246250698,0.7295238095238096,0.9087321379449632,0.6944444444444444,0.916017951965332,0.6866666666666666
hard,2,200002,1002,6000,32,5,relu,sgd,0.03,Orthogonal,3,0.6079692913237073,0.8257142857142857,0.7745062796937094,0.7611111111111111,0.7703735250896878,0.7577777777777778
hard,2,200002,1002,6000,32,5,relu,sgd,0.03,Orthogonal,4,0.5233260091145834,0.8545238095238096,0.765963986284203,0.7766666666666666,0.7635139918327332,0.7666666666666667
hard,2,200002,1002,6000,32,5,relu,sgd,0.03,Orthogonal,5,0.44694054467337474,0.8771428571428571,0.7593394870890512,0.7888888888888889,0.7552691736486223,0.7855555555555556
hard,2,200002,1002,6000,32,5,relu,sgd,0.03,Orthogonal,6,0.38578149068923223,0.8942857142857142,0.7636120155122545,0.7855555555555556,0.7475173627005683,0.7977777777777778
hard,2,200002,1002,6000,32,5,relu,sgd,0.03,Orthogonal,7,0.32994130179995584,0.9061904761904762,0.776467271844546,0.7866666666666666,0.7546736868222554,0.8055555555555556
hard,2,200002,1002,6000,32,5,relu,sgd,0.03,Orthogonal,8,0.2893811561947777,0.9202380952380952,0.8047301622231802,0.7788888888888889,0.7583346876833174,0.81
hard,2,200002,1002,6000,32,5,relu,sgd,0.03,Orthogonal,9,0.24136931192307245,0.9338095238095238,0.824291539059745,0.7911111111111111,0.7957852914598254,0.8111111111111111
hard,2,200002,1002,6000,32,5,relu,sgd,0.03,Orthogonal,10,0.20525550342741467,0.945952380952381,0.867544788784451,0.7888888888888889,0.844521641963058,0.7988888888888889
hard,2,200002,1002,6000,32,5,relu,sgd,0.03,Orthogonal,11,0.19303978193373908,0.9485714285714286,0.9213175894154443,0.7733333333333333,0.9053168764379289,0.7822222222222223
hard,2,200002,1002,6000,32,5,relu,sgd,0.03,Orthogonal,12,0.17633287838527134,0.9466666666666667,1.0262686631414626,0.7666666666666667,0.9920532866319021,0.7755555555555556
hard,2,200002,1002,6000,32,5,relu,sgd,0.03,Orthogonal,13,0.13410210246131535,0.9671428571428572,1.0170999951660633,0.7811111111111111,1.0119047312604057,0.7711111111111111
hard,2,200002,1002,6000,32,5,relu,sgd,0.03,Orthogonal,14,0.1349397913614909,0.964047619047619,1.065013229234351,0.7588888888888888,1.0219373313585918,0.7811111111111111
hard,2,200002,1002,6000,32,5,relu,sgd,0.03,Orthogonal,15,0.11599924689247494,0.965,1.1715755469103655,0.7666666666666667,1.1081344542900722,0.7755555555555556
hard,2,200002,1002,6000,32,5,relu,sgd,0.03,Orthogonal,16,0.09723723445619856,0.9738095238095238,1.1438540996776687,0.7655555555555555,1.1176087908612358,0.7666666666666667
hard,2,200002,1002,6000,32,5,relu,sgd,0.03,Orthogonal,17,0.07538693779990786,0.9828571428571429,1.2373916125463116,0.7633333333333333,1.2307840577761333,0.7666666666666667
hard,2,200002,1002,6000,32,5,relu,sgd,0.03,Orthogonal,18,0.06733224880127679,0.9859523809523809,1.3089927252050904,0.7655555555555555,1.2402250987291337,0.77
hard,2,200002,1002,6000,32,5,relu,sgd,0.03,Orthogonal,19,0.048607802788416546,0.9907142857142858,1.3743814610234566,0.7622222222222222,1.2451053853167429,0.7811111111111111
hard,2,200002,1002,6000,32,5,relu,sgd,0.03,Orthogonal,20,0.05019332204546247,0.9890476190476191,1.447896809205413,0.7588888888888888,1.3452557298872205,0.77
hard,3,200003,1003,6000,32,5,relu,sgd,0.03,ECED,0,1.7486720312209356,0.205,1.741292027367486,0.1988888888888889,1.7203725555207994,0.23
hard,3,200003,1003,6000,32,5,relu,sgd,0.03,ECED,1,1.3398507181803385,0.47023809523809523,1.3545476479000516,0.4477777777777778,1.3201564311981202,0.49444444444444446
hard,3,200003,1003,6000,32,5,relu,sgd,0.03,ECED,2,1.0047580864315941,0.6476190476190476,1.039441531499227,0.6188888888888889,1.016934923860762,0.6322222222222222
hard,3,200003,1003,6000,32,5,relu,sgd,0.03,ECED,3,0.8079832204182943,0.7397619047619047,0.8685775068071153,0.7088888888888889,0.8971675411860148,0.6911111111111111
hard,3,200003,1003,6000,32,5,relu,sgd,0.03,ECED,4,0.6618018786112467,0.8033333333333333,0.7778256723615858,0.74,0.8015937278005811,0.74
hard,3,200003,1003,6000,32,5,relu,sgd,0.03,ECED,5,0.5825326519920713,0.835952380952381,0.7355629028214349,0.76,0.7828973727756077,0.7511111111111111
hard,3,200003,1003,6000,32,5,relu,sgd,0.03,ECED,6,0.5161090814499628,0.8469047619047619,0.7065409225225449,0.7822222222222223,0.7643255760934617,0.7688888888888888
hard,3,200003,1003,6000,32,5,relu,sgd,0.03,ECED,7,0.468153258732387,0.8714285714285714,0.7223801280392541,0.7722222222222223,0.7769327738549974,0.7644444444444445
hard,3,200003,1003,6000,32,5,relu,sgd,0.03,ECED,8,0.3971414366222563,0.8952380952380953,0.7025470638275146,0.7811111111111111,0.7528139584594302,0.7777777777777778
hard,3,200003,1003,6000,32,5,relu,sgd,0.03,ECED,9,0.3723063173748198,0.8942857142857142,0.7377826072772344,0.7766666666666666,0.7889903529485067,0.7722222222222223
hard,3,200003,1003,6000,32,5,relu,sgd,0.03,ECED,10,0.31674918719700407,0.9130952380952381,0.7256042538748847,0.7844444444444445,0.7901131780942281,0.7811111111111111
hard,3,200003,1003,6000,32,5,relu,sgd,0.03,ECED,11,0.28250709306626093,0.9238095238095239,0.7728113810221354,0.7655555555555555,0.8258807380994161,0.7622222222222222
hard,3,200003,1003,6000,32,5,relu,sgd,0.03,ECED,12,0.2526995311464582,0.9335714285714286,0.806066216495302,0.7644444444444445,0.8749318651358287,0.77
hard,3,200003,1003,6000,32,5,relu,sgd,0.03,ECED,13,0.21720983664194743,0.9388095238095238,0.8189156089888678,0.7644444444444445,0.8955126643180847,0.7666666666666667
hard,3,200003,1003,6000,32,5,relu,sgd,0.03,ECED,14,0.19779066335587275,0.9454761904761905,0.851093799802992,0.7577777777777778,0.9796671454111735,0.7577777777777778
hard,3,200003,1003,6000,32,5,relu,sgd,0.03,ECED,15,0.16663053557986304,0.9569047619047619,0.8762307985623677,0.7544444444444445,0.9423549362685946,0.7622222222222222
hard,3,200003,1003,6000,32,5,relu,sgd,0.03,ECED,16,0.15901209649585543,0.9542857142857143,0.9980762815475464,0.7533333333333333,1.0170230968793232,0.7377777777777778
hard,3,200003,1003,6000,32,5,relu,sgd,0.03,ECED,17,0.12845396473294213,0.9657142857142857,0.9932627145449321,0.7511111111111111,1.0493800542089675,0.7644444444444445
hard,3,200003,1003,6000,32,5,relu,sgd,0.03,ECED,18,0.10196955408368792,0.9785714285714285,1.0172667619917128,0.7477777777777778,1.0472348512543572,0.7655555555555555
hard,3,200003,1003,6000,32,5,relu,sgd,0.03,ECED,19,0.079091306413923,0.9838095238095238,1.0424598693847655,0.7666666666666667,1.1089660840564304,0.7544444444444445
hard,3,200003,1003,6000,32,5,relu,sgd,0.03,ECED,20,0.06703223330633981,0.9866666666666667,1.0167824583583407,0.7711111111111111,1.191481320063273,0.7544444444444445
hard,3,200003,1003,6000,32,5,relu,sgd,0.03,He,0,2.2930513908749535,0.205,2.257328821818034,0.1988888888888889,2.2233587816026477,0.23
hard,3,200003,1003,6000,32,5,relu,sgd,0.03,He,1,1.312854977562314,0.47214285714285714,1.3303854121102228,0.44555555555555554,1.3180698988172743,0.47888888888888886
hard,3,200003,1003,6000,32,5,relu,sgd,0.03,He,2,1.0077375175839378,0.6311904761904762,1.058333281411065,0.5955555555555555,1.0577816571129692,0.6011111111111112
hard,3,200003,1003,6000,32,5,relu,sgd,0.03,He,3,0.8211486198788598,0.7280952380952381,0.9112560492091709,0.6777777777777778,0.9413551621966891,0.6744444444444444
hard,3,200003,1003,6000,32,5,relu,sgd,0.03,He,4,0.676279042561849,0.7983333333333333,0.8225918891694811,0.7211111111111111,0.8477727199925317,0.7155555555555555
hard,3,200003,1003,6000,32,5,relu,sgd,0.03,He,5,0.5925752657935733,0.8271428571428572,0.7804245209693909,0.7422222222222222,0.8299642613199022,0.7277777777777777
hard,3,200003,1003,6000,32,5,relu,sgd,0.03,He,6,0.5078670111156646,0.8497619047619047,0.7486031889915467,0.7677777777777778,0.8023088799582587,0.7433333333333333
hard,3,200003,1003,6000,32,5,relu,sgd,0.03,He,7,0.45490082967849005,0.8714285714285714,0.7614045241143969,0.7722222222222223,0.8146470848719279,0.7344444444444445
hard,3,200003,1003,6000,32,5,relu,sgd,0.03,He,8,0.3994463248479934,0.8888095238095238,0.7771115157339308,0.7633333333333333,0.8117578954166836,0.7455555555555555
hard,3,200003,1003,6000,32,5,relu,sgd,0.03,He,9,0.3580422478630429,0.8969047619047619,0.7795115649700165,0.7666666666666667,0.8390788189570109,0.7544444444444445
hard,3,200003,1003,6000,32,5,relu,sgd,0.03,He,10,0.3090972546168736,0.9173809523809524,0.801718934641944,0.7655555555555555,0.8508010309272342,0.7411111111111112
hard,3,200003,1003,6000,32,5,relu,sgd,0.03,He,11,0.27059106281825474,0.9233333333333333,0.821715603934394,0.7822222222222223,0.8667180877923966,0.7533333333333333
hard,3,200003,1003,6000,32,5,relu,sgd,0.03,He,12,0.2591945934295654,0.9228571428571428,0.908113376961814,0.7388888888888889,0.9249767568376329,0.7355555555555555
hard,3,200003,1003,6000,32,5,relu,sgd,0.03,He,13,0.2027005213782901,0.945,0.900464706155989,0.7611111111111111,0.9415624621179369,0.7533333333333333
hard,3,200003,1003,6000,32,5,relu,sgd,0.03,He,14,0.18670951956794377,0.9476190476190476,0.9334502458572388,0.7611111111111111,1.0227448989285364,0.7466666666666667
hard,3,200003,1003,6000,32,5,relu,sgd,0.03,He,15,0.17971043087187266,0.9478571428571428,0.9996304029888577,0.7544444444444445,1.005694950554106,0.75
hard,3,200003,1003,6000,32,5,relu,sgd,0.03,He,16,0.17267177309308734,0.9485714285714286,1.0827294686105515,0.7244444444444444,1.085919525358412,0.7388888888888889
hard,3,200003,1003,6000,32,5,relu,sgd,0.03,He,17,0.11390537318729219,0.9738095238095238,1.0592264954249064,0.7366666666666667,1.099260787434048,0.7533333333333333
hard,3,200003,1003,6000,32,5,relu,sgd,0.03,He,18,0.07786052488145374,0.9883333333333333,1.0882711643642848,0.7477777777777778,1.1194325239128537,0.75
hard,3,200003,1003,6000,32,5,relu,sgd,0.03,He,19,0.054693793853123986,0.9921428571428571,1.1730047612720065,0.7544444444444445,1.1513058594200347,0.7622222222222222
hard,3,200003,1003,6000,32,5,relu,sgd,0.03,He,20,0.05340480997448876,0.9909523809523809,1.2298991945054796,0.7455555555555555,1.2639946687221526,0.7411111111111112
hard,3,200003,1003,6000,32,5,relu,sgd,0.03,Xavier,0,2.1219660441080728,0.205,2.095350815455119,0.1988888888888889,2.063299555248684,0.23
hard,3,200003,1003,6000,32,5,relu,sgd,0.03,Xavier,1,1.3050000690278554,0.47928571428571426,1.328143146302965,0.4622222222222222,1.2977735318077934,0.4988888888888889
hard,3,200003,1003,6000,32,5,relu,sgd,0.03,Xavier,2,0.9557202747889928,0.6633333333333333,0.9975151114993626,0.6388888888888888,0.9949665072229174,0.6411111111111111
hard,3,200003,1003,6000,32,5,relu,sgd,0.03,Xavier,3,0.7685106023152669,0.755,0.8633398935529921,0.7033333333333334,0.8879244433508979,0.6922222222222222
hard,3,200003,1003,6000,32,5,relu,sgd,0.03,Xavier,4,0.6119622039794922,0.8195238095238095,0.7605605986383226,0.7555555555555555,0.7809039092063904,0.7377777777777778
hard,3,200003,1003,6000,32,5,relu,sgd,0.03,Xavier,5,0.522673447018578,0.8559523809523809,0.711287078195148,0.7833333333333333,0.7643907401296828,0.7744444444444445
hard,3,200003,1003,6000,32,5,relu,sgd,0.03,Xavier,6,0.4538742337908064,0.8711904761904762,0.695393195019828,0.7977777777777778,0.7459288818306393,0.7666666666666667
hard,3,200003,1003,6000,32,5,relu,sgd,0.03,Xavier,7,0.41137922105335056,0.8876190476190476,0.7387761878967285,0.7711111111111111,0.7725993137889439,0.7655555555555555
hard,3,200003,1003,6000,32,5,relu,sgd,0.03,Xavier,8,0.3537635444459461,0.9014285714285715,0.7309989579518636,0.7855555555555556,0.7695473225911459,0.7822222222222223
hard,3,200003,1003,6000,32,5,relu,sgd,0.03,Xavier,9,0.32637341726393926,0.9042857142857142,0.7686297639211019,0.7644444444444445,0.8074321995841133,0.7655555555555555
hard,3,200003,1003,6000,32,5,relu,sgd,0.03,Xavier,10,0.26341851597740534,0.9319047619047619,0.7710048831833733,0.7722222222222223,0.7948954737186432,0.7766666666666666
hard,3,200003,1003,6000,32,5,relu,sgd,0.03,Xavier,11,0.24396904037112283,0.9323809523809524,0.8007303068372938,0.7666666666666667,0.8383082172605727,0.7555555555555555
hard,3,200003,1003,6000,32,5,relu,sgd,0.03,Xavier,12,0.18826527686346145,0.9569047619047619,0.8423643945323096,0.7644444444444445,0.856595575677024,0.7688888888888888
hard,3,200003,1003,6000,32,5,relu,sgd,0.03,Xavier,13,0.1709429781777518,0.9552380952380952,0.8639102493392097,0.76,0.8907898492283292,0.77
hard,3,200003,1003,6000,32,5,relu,sgd,0.03,Xavier,14,0.14361608391716366,0.9645238095238096,0.8728994262218476,0.7688888888888888,0.9345698441399468,0.7766666666666666
hard,3,200003,1003,6000,32,5,relu,sgd,0.03,Xavier,15,0.12712433928535097,0.9761904761904762,0.9471069409449895,0.7422222222222222,0.9497057814068265,0.7633333333333333
hard,3,200003,1003,6000,32,5,relu,sgd,0.03,Xavier,16,0.16801626841227213,0.9442857142857143,1.0912908482551575,0.7533333333333333,1.1143423695034451,0.7333333333333333
hard,3,200003,1003,6000,32,5,relu,sgd,0.03,Xavier,17,0.11423517613183884,0.9683333333333334,1.027101562552982,0.75,1.0536665815777249,0.7844444444444445
hard,3,200003,1003,6000,32,5,relu,sgd,0.03,Xavier,18,0.09980343943550474,0.974047619047619,1.08382965736919,0.7455555555555555,1.13684501197603,0.7555555555555555
hard,3,200003,1003,6000,32,5,relu,sgd,0.03,Xavier,19,0.06286542529151554,0.9873809523809524,1.0864391150077184,0.7666666666666667,1.139317705763711,0.75
hard,3,200003,1003,6000,32,5,relu,sgd,0.03,Xavier,20,0.06665973742802937,0.9854761904761905,1.117974749803543,0.7488888888888889,1.1850386048687829,0.7533333333333333
hard,3,200003,1003,6000,32,5,relu,sgd,0.03,Orthogonal,0,1.8688098834809803,0.20214285714285715,1.852480099995931,0.20333333333333334,1.8369498305850558,0.22
hard,3,200003,1003,6000,32,5,relu,sgd,0.03,Orthogonal,1,1.2830084446498327,0.5107142857142857,1.304546275668674,0.4988888888888889,1.2781142658657498,0.5233333333333333
hard,3,200003,1003,6000,32,5,relu,sgd,0.03,Orthogonal,2,0.9047922316051665,0.6933333333333334,0.9459356292088826,0.6644444444444444,0.9586069973309835,0.6533333333333333
hard,3,200003,1003,6000,32,5,relu,sgd,0.03,Orthogonal,3,0.7050662994384765,0.7833333333333333,0.7946052053239611,0.7322222222222222,0.8335326690144009,0.7388888888888889
hard,3,200003,1003,6000,32,5,relu,sgd,0.03,Orthogonal,4,0.5686254991803851,0.8407142857142857,0.7129216872321235,0.7655555555555555,0.7438310472170512,0.7788888888888889
hard,3,200003,1003,6000,32,5,relu,sgd,0.03,Orthogonal,5,0.501850020090739,0.8583333333333333,0.6818778387705485,0.7811111111111111,0.75095840771993,0.7811111111111111
hard,3,200003,1003,6000,32,5,relu,sgd,0.03,Orthogonal,6,0.4298164485749744,0.8809523809523809,0.6826751809649997,0.78,0.745472846031189,0.7788888888888889
hard,3,200003,1003,6000,32,5,relu,sgd,0.03,Orthogonal,7,0.4007536556607201,0.8883333333333333,0.7151753860049778,0.7866666666666666,0.7552414888805813,0.7833333333333333
hard,3,200003,1003,6000,32,5,relu,sgd,0.03,Orthogonal,8,0.35801279385884605,0.8926190476190476,0.7532752741707696,0.7722222222222223,0.7861501632796394,0.78
hard,3,200003,1003,6000,32,5,relu,sgd,0.03,Orthogonal,9,0.31388107799348375,0.9119047619047619,0.7372716826862759,0.8044444444444444,0.7804552793502808,0.7866666666666666
hard,3,200003,1003,6000,32,5,relu,sgd,0.03,Orthogonal,10,0.26772259167262485,0.9271428571428572,0.7531699042850071,0.7855555555555556,0.8173034416304694,0.7744444444444445
hard,3,200003,1003,6000,32,5,relu,sgd,0.03,Orthogonal,11,0.2470319922765096,0.93,0.8039122120539347,0.7822222222222223,0.8936533127890692,0.7622222222222222
hard,3,200003,1003,6000,32,5,relu,sgd,0.03,Orthogonal,12,0.21230947698865618,0.9407142857142857,0.8386113402578566,0.7822222222222223,0.8977973257170783,0.7677777777777778
hard,3,200003,1003,6000,32,5,relu,sgd,0.03,Orthogonal,13,0.18225005558558874,0.9507142857142857,0.8535256683826447,0.7777777777777778,0.9155045228534274,0.7811111111111111
hard,3,200003,1003,6000,32,5,relu,sgd,0.03,Orthogonal,14,0.19133860837845576,0.9407142857142857,0.9189398757616679,0.7633333333333333,1.0523311604393852,0.7377777777777778
hard,3,200003,1003,6000,32,5,relu,sgd,0.03,Orthogonal,15,0.13566073917207264,0.9664285714285714,0.9344097651375665,0.7655555555555555,1.0143654429912567,0.7677777777777778
hard,3,200003,1003,6000,32,5,relu,sgd,0.03,Orthogonal,16,0.11957417488098145,0.969047619047619,1.0179348791970146,0.7611111111111111,1.0449763464927673,0.7544444444444445
hard,3,200003,1003,6000,32,5,relu,sgd,0.03,Orthogonal,17,0.1007447007724217,0.9733333333333334,1.0518584609031678,0.7555555555555555,1.100987462732527,0.7722222222222223
hard,3,200003,1003,6000,32,5,relu,sgd,0.03,Orthogonal,18,0.08335960830960955,0.9816666666666667,1.1076684424612258,0.75,1.1518235039710998,0.7622222222222222
hard,3,200003,1003,6000,32,5,relu,sgd,0.03,Orthogonal,19,0.07407895315261115,0.981904761904762,1.1177812997500103,0.7644444444444445,1.1562473275926377,0.7666666666666667
hard,3,200003,1003,6000,32,5,relu,sgd,0.03,Orthogonal,20,0.06352858282270886,0.9840476190476191,1.191046458615197,0.7466666666666667,1.2240928774409825,0.7622222222222222
hard,4,200004,1004,6000,32,5,relu,sgd,0.03,ECED,0,1.6753468940371559,0.18785714285714286,1.7031348752975464,0.1622222222222222,1.672272876103719,0.1922222222222222
hard,4,200004,1004,6000,32,5,relu,sgd,0.03,ECED,1,1.3343807874407088,0.49785714285714283,1.3660626602172852,0.47888888888888886,1.353038706249661,0.49777777777777776
hard,4,200004,1004,6000,32,5,relu,sgd,0.03,ECED,2,0.9841906774611701,0.65,1.0587828095753988,0.6288888888888889,1.0401000420252482,0.6188888888888889
hard,4,200004,1004,6000,32,5,relu,sgd,0.03,ECED,3,0.8415731520879837,0.71,0.9550161107381185,0.65,0.9461350809203254,0.6855555555555556
hard,4,200004,1004,6000,32,5,relu,sgd,0.03,ECED,4,0.6563365609305245,0.8066666666666666,0.827502310011122,0.7355555555555555,0.8033146029048496,0.7477777777777778
hard,4,200004,1004,6000,32,5,relu,sgd,0.03,ECED,5,0.5758215749831427,0.830952380952381,0.7971437867482504,0.7655555555555555,0.7624593300289578,0.7711111111111111
hard,4,200004,1004,6000,32,5,relu,sgd,0.03,ECED,6,0.4983241271972656,0.8621428571428571,0.7605149666468303,0.7744444444444445,0.7462516438961029,0.7777777777777778
hard,4,200004,1004,6000,32,5,relu,sgd,0.03,ECED,7,0.45984943480718704,0.8742857142857143,0.7761512446403503,0.7677777777777778,0.7634450399875641,0.7655555555555555
hard,4,200004,1004,6000,32,5,relu,sgd,0.03,ECED,8,0.38847180593581426,0.8980952380952381,0.7679419538709853,0.7911111111111111,0.7055121318499247,0.7922222222222223
hard,4,200004,1004,6000,32,5,relu,sgd,0.03,ECED,9,0.3533458964029948,0.9007142857142857,0.7802501397662692,0.79,0.7375214754210578,0.7844444444444445
hard,4,200004,1004,6000,32,5,relu,sgd,0.03,ECED,10,0.3011948989686512,0.9202380952380952,0.7761161004172431,0.7866666666666666,0.7514197724395328,0.7911111111111111
hard,4,200004,1004,6000,32,5,relu,sgd,0.03,ECED,11,0.3091400446210589,0.9138095238095238,0.8477662446763781,0.7688888888888888,0.8217328662342496,0.7677777777777778
hard,4,200004,1004,6000,32,5,relu,sgd,0.03,ECED,12,0.25628138905479797,0.9283333333333333,0.8659353126419915,0.7722222222222223,0.8244780039787293,0.7711111111111111
hard,4,200004,1004,6000,32,5,relu,sgd,0.03,ECED,13,0.23883252416338238,0.9319047619047619,0.9231596342722574,0.7544444444444445,0.8536998256047567,0.7622222222222222
hard,4,200004,1004,6000,32,5,relu,sgd,0.03,ECED,14,0.21062630471729096,0.9428571428571428,0.9233500952190823,0.7722222222222223,0.8926732444763184,0.7566666666666667
hard,4,200004,1004,6000,32,5,relu,sgd,0.03,ECED,15,0.17438622542790005,0.9538095238095238,0.9545408307181464,0.7822222222222223,0.9061436727311876,0.7788888888888889
hard,4,200004,1004,6000,32,5,relu,sgd,0.03,ECED,16,0.16406064578465054,0.9545238095238096,1.0010088772243924,0.7566666666666667,0.9326428449153901,0.7744444444444445
hard,4,200004,1004,6000,32,5,relu,sgd,0.03,ECED,17,0.21344043913341704,0.9304761904761905,1.071620970302158,0.7422222222222222,1.1026818537712098,0.7277777777777777
hard,4,200004,1004,6000,32,5,relu,sgd,0.03,ECED,18,0.12244280837831042,0.9666666666666667,1.0816898102230497,0.7466666666666667,1.0234359084235298,0.7588888888888888
hard,4,200004,1004,6000,32,5,relu,sgd,0.03,ECED,19,0.10051065172467913,0.9759523809523809,1.1272332382202148,0.7633333333333333,1.066844002670712,0.7522222222222222
hard,4,200004,1004,6000,32,5,relu,sgd,0.03,ECED,20,0.08391843750363305,0.9833333333333333,1.166558117336697,0.7577777777777778,1.0917495879862043,0.7555555555555555
hard,4,200004,1004,6000,32,5,relu,sgd,0.03,He,0,2.4109554545084637,0.18785714285714286,2.543275646633572,0.1622222222222222,2.387565449608697,0.1922222222222222
hard,4,200004,1004,6000,32,5,relu,sgd,0.03,He,1,1.2627450634184338,0.4919047619047619,1.3180986828274197,0.47444444444444445,1.300509083535936,0.47444444444444445
hard,4,200004,1004,6000,32,5,relu,sgd,0.03,He,2,0.9627076684860956,0.6597619047619048,1.084988031387329,0.6066666666666667,1.0512047889497544,0.6177777777777778
hard,4,200004,1004,6000,32,5,relu,sgd,0.03,He,3,0.7854984882899693,0.7388095238095238,0.96454048315684,0.66,0.950857369767295,0.6744444444444444
hard,4,200004,1004,6000,32,5,relu,sgd,0.03,He,4,0.630972306387765,0.8054761904761905,0.8712352259953817,0.7122222222222222,0.8432559548483954,0.7133333333333334
hard,4,200004,1004,6000,32,5,relu,sgd,0.03,He,5,0.5529906817844936,0.8335714285714285,0.8676587631967333,0.7355555555555555,0.8465297178427378,0.7211111111111111
hard,4,200004,1004,6000,32,5,relu,sgd,0.03,He,6,0.4907706760224842,0.8590476190476191,0.8494398233625624,0.7433333333333333,0.8234461686346266,0.7522222222222222
hard,4,200004,1004,6000,32,5,relu,sgd,0.03,He,7,0.4283097457885742,0.8783333333333333,0.8781192538473341,0.7366666666666667,0.8294088268280029,0.7455555555555555
hard,4,200004,1004,6000,32,5,relu,sgd,0.03,He,8,0.36806881813775927,0.9,0.8787620774904887,0.7555555555555555,0.8083803570270538,0.7555555555555555
hard,4,200004,1004,6000,32,5,relu,sgd,0.03,He,9,0.323251466296968,0.9092857142857143,0.8882293531629775,0.7577777777777778,0.8372815737459395,0.7544444444444445
hard,4,200004,1004,6000,32,5,relu,sgd,0.03,He,10,0.2837389964149112,0.9266666666666666,0.9178401936425103,0.7644444444444445,0.8904801151487562,0.7522222222222222
hard,4,200004,1004,6000,32,5,relu,sgd,0.03,He,11,0.26562849725995746,0.9273809523809524,0.9842990191777548,0.7311111111111112,0.9250947708553738,0.7433333333333333
hard,4,200004,1004,6000,32,5,relu,sgd,0.03,He,12,0.2192224475315639,0.9404761904761905,0.9868518418735928,0.7477777777777778,0.8977529611852434,0.75
hard,4,200004,1004,6000,32,5,relu,sgd,0.03,He,13,0.19722408317384266,0.9476190476190476,1.038204714987013,0.7311111111111112,0.9449773706330193,0.7433333333333333
hard,4,200004,1004,6000,32,5,relu,sgd,0.03,He,14,0.1638912959325881,0.9621428571428572,1.0417204001214768,0.7366666666666667,0.929852514664332,0.7511111111111111
hard,4,200004,1004,6000,32,5,relu,sgd,0.03,He,15,0.16271831830342612,0.954047619047619,1.1159525485833486,0.7388888888888889,1.0509076873461405,0.7366666666666667
hard,4,200004,1004,6000,32,5,relu,sgd,0.03,He,16,0.11987495240711031,0.9688095238095238,1.1452147393756442,0.7488888888888889,0.9995418630705939,0.7411111111111112
hard,4,200004,1004,6000,32,5,relu,sgd,0.03,He,17,0.1053218852906,0.9745238095238096,1.1821168708801268,0.7322222222222222,1.0682265419430204,0.7255555555555555
hard,4,200004,1004,6000,32,5,relu,sgd,0.03,He,18,0.09235768045697894,0.9804761904761905,1.23753100183275,0.7333333333333333,1.1354058048460218,0.72
hard,4,200004,1004,6000,32,5,relu,sgd,0.03,He,19,0.07152767249516079,0.9859523809523809,1.314593602816264,0.7322222222222222,1.1454464266035291,0.7466666666666667
hard,4,200004,1004,6000,32,5,relu,sgd,0.03,He,20,0.061973736456462314,0.9909523809523809,1.3390608417987824,0.7433333333333333,1.2111820809046427,0.7288888888888889
hard,4,200004,1004,6000,32,5,relu,sgd,0.03,Xavier,0,2.2092090643019904,0.18785714285714286,2.3195450994703504,0.1622222222222222,2.19058733092414,0.1922222222222222
hard,4,200004,1004,6000,32,5,relu,sgd,0.03,Xavier,1,1.2112655131022136,0.5328571428571428,1.2743781810336643,0.5,1.2557783447371589,0.5144444444444445
hard,4,200004,1004,6000,32,5,relu,sgd,0.03,Xavier,2,0.8764455395653135,0.7023809523809523,1.0128932974073621,0.6555555555555556,0.9845527846283383,0.6488888888888888
hard,4,200004,1004,6000,32,5,relu,sgd,0.03,Xavier,3,0.7095644651140486,0.78,0.895627014901903,0.7011111111111111,0.8856481222311655,0.7
hard,4,200004,1004,6000,32,5,relu,sgd,0.03,Xavier,4,0.5649737657819476,0.8321428571428572,0.817761246893141,0.75,0.7945141837331984,0.7422222222222222
hard,4,200004,1004,6000,32,5,relu,sgd,0.03,Xavier,5,0.4861258288792201,0.8626190476190476,0.8024079916212293,0.7622222222222222,0.7779651869667901,0.77
hard,4,200004,1004,6000,32,5,relu,sgd,0.03,Xavier,6,0.4190611403329032,0.885,0.7869885375764635,0.7733333333333333,0.7749886637263828,0.77
hard,4,200004,1004,6000,32,5,relu,sgd,0.03,Xavier,7,0.36425003233410064,0.8973809523809524,0.8168045086330837,0.7711111111111111,0.7843778989050123,0.7622222222222222
hard,4,200004,1004,6000,32,5,relu,sgd,0.03,Xavier,8,0.3150382918403262,0.9171428571428571,0.8463805203967624,0.7711111111111111,0.7742102495829264,0.7755555555555556
hard,4,200004,1004,6000,32,5,relu,sgd,0.03,Xavier,9,0.2735490521930513,0.9266666666666666,0.8755884212917752,0.7622222222222222,0.8081878142886691,0.7744444444444445
hard,4,200004,1004,6000,32,5,relu,sgd,0.03,Xavier,10,0.23305836359659832,0.9383333333333334,0.9031918038262261,0.7655555555555555,0.8582896539900038,0.7688888888888888
hard,4,200004,1004,6000,32,5,relu,sgd,0.03,Xavier,11,0.2156292556581043,0.9364285714285714,0.9342325327131483,0.7633333333333333,0.887340411345164,0.7622222222222222
hard,4,200004,1004,6000,32,5,relu,sgd,0.03,Xavier,12,0.17809823694683258,0.9554761904761905,0.958746915128496,0.7644444444444445,0.8948430434862773,0.75
hard,4,200004,1004,6000,32,5,relu,sgd,0.03,Xavier,13,0.15110144569760278,0.9633333333333334,1.007820898161994,0.77,0.9469882973035176,0.7577777777777778
hard,4,200004,1004,6000,32,5,relu,sgd,0.03,Xavier,14,0.13701139472779775,0.9666666666666667,1.0408531416787041,0.7544444444444445,0.9525852190123664,0.7511111111111111
hard,4,200004,1004,6000,32,5,relu,sgd,0.03,Xavier,15,0.12983440694354828,0.9671428571428572,1.083462585873074,0.76,1.0484812627898321,0.7477777777777778
hard,4,200004,1004,6000,32,5,relu,sgd,0.03,Xavier,16,0.10760572547004336,0.9747619047619047,1.1566503286361693,0.74,1.0467456788486904,0.7533333333333333
hard,4,200004,1004,6000,32,5,relu,sgd,0.03,Xavier,17,0.1054681134223938,0.9711904761904762,1.190187137921651,0.7444444444444445,1.103926231596205,0.7444444444444445
hard,4,200004,1004,6000,32,5,relu,sgd,0.03,Xavier,18,0.07370962154297601,0.9859523809523809,1.2258308855692546,0.7377777777777778,1.1062042052216,0.7544444444444445
hard,4,200004,1004,6000,32,5,relu,sgd,0.03,Xavier,19,0.05679365481649126,0.9892857142857143,1.239719294442071,0.7455555555555555,1.1567801646391551,0.7477777777777778
hard,4,200004,1004,6000,32,5,relu,sgd,0.03,Xavier,20,0.04124860712460109,0.9940476190476191,1.3043815252516004,0.7411111111111112,1.2028875221146478,0.75
hard,4,200004,1004,6000,32,5,relu,sgd,0.03,Orthogonal,0,1.8424510519845145,0.18214285714285713,1.881045144399007,0.17666666666666667,1.836440176433987,0.17888888888888888
hard,4,200004,1004,6000,32,5,relu,sgd,0.03,Orthogonal,1,1.195957149323963,0.5661904761904762,1.2561583518981934,0.5077777777777778,1.2330285983615452,0.5466666666666666
hard,4,200004,1004,6000,32,5,relu,sgd,0.03,Orthogonal,2,0.8519023931594122,0.7152380952380952,0.9684859074486627,0.6655555555555556,0.9411987455685934,0.6611111111111111
hard,4,200004,1004,6000,32,5,relu,sgd,0.03,Orthogonal,3,0.693002332051595,0.78,0.8550071011649237,0.7277777777777777,0.8346368075741661,0.7244444444444444
hard,4,200004,1004,6000,32,5,relu,sgd,0.03,Orthogonal,4,0.536570934114002,0.845,0.744862716462877,0.78,0.7206024175220066,0.77
hard,4,200004,1004,6000,32,5,relu,sgd,0.03,Orthogonal,5,0.46829470589047384,0.8690476190476191,0.7444352340698243,0.7955555555555556,0.7017139471901788,0.7622222222222222
hard,4,200004,1004,6000,32,5,relu,sgd,0.03,Orthogonal,6,0.42108630952380954,0.8821428571428571,0.7495394240485297,0.8055555555555556,0.7102742759386699,0.7788888888888889
hard,4,200004,1004,6000,32,5,relu,sgd,0.03,Orthogonal,7,0.3762815693446568,0.8933333333333333,0.753180521329244,0.7988888888888889,0.7225996111498939,0.7611111111111111
hard,4,200004,1004,6000,32,5,relu,sgd,0.03,Orthogonal,8,0.3237694622221447,0.909047619047619,0.7846454079945883,0.7966666666666666,0.6953975734445784,0.7955555555555556
hard,4,200004,1004,6000,32,5,relu,sgd,0.03,Orthogonal,9,0.30502762612842377,0.914047619047619,0.806982429822286,0.7788888888888889,0.750193801191118,0.7811111111111111
hard,4,200004,1004,6000,32,5,relu,sgd,0.03,Orthogonal,10,0.25192920866466706,0.9321428571428572,0.805753665500217,0.7933333333333333,0.7450472736358642,0.7922222222222223
hard,4,200004,1004,6000,32,5,relu,sgd,0.03,Orthogonal,11,0.2348355161576044,0.9321428571428572,0.8722708834542169,0.7933333333333333,0.8263212683465746,0.7711111111111111
hard,4,200004,1004,6000,32,5,relu,sgd,0.03,Orthogonal,12,0.19541592597961427,0.9488095238095238,0.908382200135125,0.78,0.8165158685048421,0.7733333333333333
hard,4,200004,1004,6000,32,5,relu,sgd,0.03,Orthogonal,13,0.1763960429600307,0.95,0.9482840230729845,0.7688888888888888,0.874860751496421,0.7666666666666667
hard,4,200004,1004,6000,32,5,relu,sgd,0.03,Orthogonal,14,0.15935133706955681,0.9569047619047619,0.9731794611612956,0.7766666666666666,0.8781633698940277,0.7733333333333333
hard,4,200004,1004,6000,32,5,relu,sgd,0.03,Orthogonal,15,0.1556005350748698,0.9516666666666667,1.0198993364969888,0.76,0.9819168419308133,0.7588888888888888
hard,4,200004,1004,6000,32,5,relu,sgd,0.03,Orthogonal,16,0.11578772681100027,0.9676190476190476,1.1013317351871066,0.7633333333333333,1.0025149606664976,0.7722222222222223
hard,4,200004,1004,6000,32,5,relu,sgd,0.03,Orthogonal,17,0.1057367137500218,0.9704761904761905,1.1064649274614122,0.7611111111111111,1.0274991910325155,0.7722222222222223
hard,4,200004,1004,6000,32,5,relu,sgd,0.03,Orthogonal,18,0.09231910750979469,0.9773809523809524,1.1460848479800754,0.7533333333333333,1.0815688469674851,0.7511111111111111
hard,4,200004,1004,6000,32,5,relu,sgd,0.03,Orthogonal,19,0.08008930819375175,0.9804761904761905,1.2288099161783854,0.7711111111111111,1.147600495947732,0.7666666666666667
hard,4,200004,1004,6000,32,5,relu,sgd,0.03,Orthogonal,20,0.07190869161060878,0.9809523809523809,1.212147562238905,0.77,1.1395321531097093,0.7588888888888888
hard,5,200005,1005,6000,32,5,relu,sgd,0.03,ECED,0,1.724151120867048,0.20476190476190476,1.7270198816723294,0.20444444444444446,1.7260344081454806,0.20666666666666667
hard,5,200005,1005,6000,32,5,relu,sgd,0.03,ECED,1,1.2958660561697823,0.5078571428571429,1.2783993832270304,0.5222222222222223,1.296067713631524,0.5022222222222222
hard,5,200005,1005,6000,32,5,relu,sgd,0.03,ECED,2,0.9690508669898623,0.6526190476190477,1.0117265945010716,0.6344444444444445,0.9999123689863417,0.6311111111111111
hard,5,200005,1005,6000,32,5,relu,sgd,0.03,ECED,3,0.785632560366676,0.7433333333333333,0.8555133575863308,0.7088888888888889,0.8669261513815986,0.7033333333333334
hard,5,200005,1005,6000,32,5,relu,sgd,0.03,ECED,4,0.6325373277210053,0.8066666666666666,0.7556515185038248,0.76,0.7703743203481038,0.7611111111111111
hard,5,200005,1005,6000,32,5,relu,sgd,0.03,ECED,5,0.5633882940383185,0.8385714285714285,0.7398508760664199,0.7566666666666667,0.7550080972247654,0.7722222222222223
hard,5,200005,1005,6000,32,5,relu,sgd,0.03,ECED,6,0.481345887865339,0.8697619047619047,0.6929136795467801,0.7855555555555556,0.7321812788645427,0.79
hard,5,200005,1005,6000,32,5,relu,sgd,0.03,ECED,7,0.45803684325445265,0.8647619047619047,0.7258750443988377,0.7733333333333333,0.7596312289767795,0.7988888888888889
hard,5,200005,1005,6000,32,5,relu,sgd,0.03,ECED,8,0.3780503372918992,0.8997619047619048,0.6923866981930203,0.7844444444444445,0.7277363019519382,0.8144444444444444
hard,5,200005,1005,6000,32,5,relu,sgd,0.03,ECED,9,0.3443046306428455,0.9102380952380953,0.7140389413303799,0.7955555555555556,0.7607876629299588,0.7955555555555556
hard,5,200005,1005,6000,32,5,relu,sgd,0.03,ECED,10,0.3059422561100551,0.9188095238095239,0.7191025482283698,0.7911111111111111,0.7640671263800727,0.8044444444444444
hard,5,200005,1005,6000,32,5,relu,sgd,0.03,ECED,11,0.2628951953706287,0.9297619047619048,0.7631921402613322,0.7788888888888889,0.7767248243755764,0.7966666666666666
hard,5,200005,1005,6000,32,5,relu,sgd,0.03,ECED,12,0.22824009146009172,0.94,0.7757279147042169,0.7844444444444445,0.8269061258104112,0.7922222222222223
hard,5,200005,1005,6000,32,5,relu,sgd,0.03,ECED,13,0.19650518848782494,0.9473809523809524,0.8431352814038594,0.7666666666666667,0.8537152295642428,0.7855555555555556
hard,5,200005,1005,6000,32,5,relu,sgd,0.03,ECED,14,0.19703017598106748,0.9471428571428572,0.9384362239307827,0.7411111111111112,0.9307540236579047,0.7722222222222223
hard,5,200005,1005,6000,32,5,relu,sgd,0.03,ECED,15,0.1368574981462388,0.9709523809523809,0.881163354449802,0.7755555555555556,0.9248103597429064,0.7933333333333333
hard,5,200005,1005,6000,32,5,relu,sgd,0.03,ECED,16,0.13703860192071823,0.9638095238095238,0.9649955700503455,0.7477777777777778,1.0162440141042073,0.7877777777777778
hard,5,200005,1005,6000,32,5,relu,sgd,0.03,ECED,17,0.13155082430158344,0.959047619047619,1.0611243356598747,0.75,1.1068834114074706,0.7811111111111111
hard,5,200005,1005,6000,32,5,relu,sgd,0.03,ECED,18,0.10521260761079335,0.9747619047619047,1.0772838727633158,0.7444444444444445,1.0383452934688993,0.7766666666666666
hard,5,200005,1005,6000,32,5,relu,sgd,0.03,ECED,19,0.10990417435055687,0.9671428571428572,1.1430718194113838,0.7433333333333333,1.0926431602901883,0.7811111111111111
hard,5,200005,1005,6000,32,5,relu,sgd,0.03,ECED,20,0.06916038569949923,0.9840476190476191,1.114647809267044,0.7611111111111111,1.1181768883599175,0.7933333333333333
hard,5,200005,1005,6000,32,5,relu,sgd,0.03,He,0,2.2301233491443453,0.20476190476190476,2.237020681169298,0.20444444444444446,2.2373094844818113,0.20666666666666667
hard,5,200005,1005,6000,32,5,relu,sgd,0.03,He,1,1.2502628798711868,0.5176190476190476,1.2401477135552301,0.5288888888888889,1.258686301973131,0.5055555555555555
hard,5,200005,1005,6000,32,5,relu,sgd,0.03,He,2,0.9468919917515346,0.6678571428571428,1.001399462752872,0.6466666666666666,0.9816949049631755,0.6311111111111111
hard,5,200005,1005,6000,32,5,relu,sgd,0.03,He,3,0.7784426407586961,0.7371428571428571,0.8634286517567105,0.6966666666666667,0.8956038342581855,0.6833333333333333
hard,5,200005,1005,6000,32,5,relu,sgd,0.03,He,4,0.6436865579514276,0.7971428571428572,0.7885339869393243,0.7344444444444445,0.8073727618323432,0.73
hard,5,200005,1005,6000,32,5,relu,sgd,0.03,He,5,0.5683587310427711,0.8276190476190476,0.7795003978411357,0.7422222222222222,0.7993440066443549,0.7588888888888888
hard,5,200005,1005,6000,32,5,relu,sgd,0.03,He,6,0.49046283358619325,0.8609523809523809,0.729075574874878,0.7622222222222222,0.7706411255730523,0.7711111111111111
hard,5,200005,1005,6000,32,5,relu,sgd,0.03,He,7,0.4616459492274693,0.8628571428571429,0.7753704275025262,0.7455555555555555,0.8095941427018908,0.7555555555555555
hard,5,200005,1005,6000,32,5,relu,sgd,0.03,He,8,0.3803482741401309,0.8957142857142857,0.7458059216870202,0.77,0.7870336649152968,0.7755555555555556
hard,5,200005,1005,6000,32,5,relu,sgd,0.03,He,9,0.34649812335059754,0.9042857142857142,0.7465041563245985,0.7722222222222223,0.8156788534588284,0.76
hard,5,200005,1005,6000,32,5,relu,sgd,0.03,He,10,0.3026068119775681,0.9126190476190477,0.7549187077416314,0.7744444444444445,0.8251926157209608,0.7622222222222222
hard,5,200005,1005,6000,32,5,relu,sgd,0.03,He,11,0.25127057166326616,0.9373809523809524,0.7713298095597161,0.7644444444444445,0.8251558526357015,0.78
hard,5,200005,1005,6000,32,5,relu,sgd,0.03,He,12,0.2137385540916806,0.9445238095238095,0.8004363706376818,0.7744444444444445,0.8660575432247586,0.79
hard,5,200005,1005,6000,32,5,relu,sgd,0.03,He,13,0.18527718657539005,0.9538095238095238,0.8725837400224474,0.7511111111111111,0.9247157896889581,0.7755555555555556
hard,5,200005,1005,6000,32,5,relu,sgd,0.03,He,14,0.16113406771705263,0.9611904761904762,0.8868707950909932,0.7544444444444445,0.9674684524536132,0.7655555555555555
hard,5,200005,1005,6000,32,5,relu,sgd,0.03,He,15,0.12859213443029494,0.9747619047619047,0.8937285998132494,0.7555555555555555,0.9765583091311985,0.7877777777777778
hard,5,200005,1005,6000,32,5,relu,sgd,0.03,He,16,0.12408210254850842,0.9704761904761905,0.9597031079398262,0.7322222222222222,1.100122504764133,0.7522222222222222
hard,5,200005,1005,6000,32,5,relu,sgd,0.03,He,17,0.09833558888662429,0.9771428571428571,0.9702846296628316,0.7577777777777778,1.1414309904310438,0.7722222222222223
hard,5,200005,1005,6000,32,5,relu,sgd,0.03,He,18,0.08299861601420812,0.9821428571428571,1.0260121896531846,0.7555555555555555,1.1332987552218967,0.77
hard,5,200005,1005,6000,32,5,relu,sgd,0.03,He,19,0.06958403337569463,0.9859523809523809,1.0813015761640337,0.7488888888888889,1.1812427446577285,0.7766666666666666
hard,5,200005,1005,6000,32,5,relu,sgd,0.03,He,20,0.05346761567252023,0.9921428571428571,1.1133204187287224,0.7466666666666667,1.2060561688741047,0.7788888888888889
hard,5,200005,1005,6000,32,5,relu,sgd,0.03,Xavier,0,2.064875786190941,0.20476190476190476,2.0710892317030165,0.20444444444444446,2.0704191382726034,0.20666666666666667
hard,5,200005,1005,6000,32,5,relu,sgd,0.03,Xavier,1,1.2091229175385976,0.5516666666666666,1.2039265635278489,0.5544444444444444,1.2209550189971923,0.5277777777777778
hard,5,200005,1005,6000,32,5,relu,sgd,0.03,Xavier,2,0.9055540357317243,0.6864285714285714,0.9682066543896993,0.6555555555555556,0.9574110190073649,0.6488888888888888
hard,5,200005,1005,6000,32,5,relu,sgd,0.03,Xavier,3,0.6975593058268229,0.7828571428571428,0.8032316851615906,0.73,0.8250512769487169,0.7233333333333334
hard,5,200005,1005,6000,32,5,relu,sgd,0.03,Xavier,4,0.5939712097531273,0.819047619047619,0.7525340329276191,0.7522222222222222,0.7863091892666287,0.7433333333333333
hard,5,200005,1005,6000,32,5,relu,sgd,0.03,Xavier,5,0.4984879511878604,0.8545238095238096,0.7325515227847629,0.7711111111111111,0.758203485276964,0.7755555555555556
hard,5,200005,1005,6000,32,5,relu,sgd,0.03,Xavier,6,0.42623633248465403,0.8809523809523809,0.6984487377272712,0.7833333333333333,0.7602604791853163,0.7844444444444445
hard,5,200005,1005,6000,32,5,relu,sgd,0.03,Xavier,7,0.3924542408897763,0.8842857142857142,0.729112688170539,0.7877777777777778,0.7877397775650025,0.7744444444444445
hard,5,200005,1005,6000,32,5,relu,sgd,0.03,Xavier,8,0.3376305284954253,0.9035714285714286,0.7571300305260552,0.7711111111111111,0.8048926968044705,0.7666666666666667
hard,5,200005,1005,6000,32,5,relu,sgd,0.03,Xavier,9,0.29688031287420363,0.9161904761904762,0.7640921333101061,0.78,0.8370923815833198,0.7733333333333333
hard,5,200005,1005,6000,32,5,relu,sgd,0.03,Xavier,10,0.25609452111380443,0.9288095238095239,0.7568622379832798,0.7866666666666666,0.8397689109378391,0.7822222222222223
hard,5,200005,1005,6000,32,5,relu,sgd,0.03,Xavier,11,0.2177092068535941,0.9464285714285714,0.8073676681518555,0.76,0.8850690894656711,0.77
hard,5,200005,1005,6000,32,5,relu,sgd,0.03,Xavier,12,0.1983350372314453,0.9452380952380952,0.8440444501241048,0.7711111111111111,0.9258048301272922,0.77
hard,5,200005,1005,6000,32,5,relu,sgd,0.03,Xavier,13,0.18873269762311662,0.9433333333333334,0.9180279424455431,0.7511111111111111,0.9872904131147596,0.7622222222222222
hard,5,200005,1005,6000,32,5,relu,sgd,0.03,Xavier,14,0.1270189816611154,0.9742857142857143,0.9215619609091017,0.7544444444444445,1.0073487175835503,0.7588888888888888
hard,5,200005,1005,6000,32,5,relu,sgd,0.03,Xavier,15,0.10065281300317673,0.98,0.9754035674201118,0.7488888888888889,1.0528230158487957,0.7744444444444445
hard,5,200005,1005,6000,32,5,relu,sgd,0.03,Xavier,16,0.09849453324363346,0.9757142857142858,1.0472746562957764,0.7544444444444445,1.1650076240963405,0.7422222222222222
hard,5,200005,1005,6000,32,5,relu,sgd,0.03,Xavier,17,0.08004009349005563,0.9821428571428571,1.0579086833530003,0.7655555555555555,1.170783332188924,0.7622222222222222
hard,5,200005,1005,6000,32,5,relu,sgd,0.03,Xavier,18,0.07964897303354172,0.9821428571428571,1.1636641624238755,0.7444444444444445,1.225173176659478,0.7455555555555555
hard,5,200005,1005,6000,32,5,relu,sgd,0.03,Xavier,19,0.052182111115682696,0.9909523809523809,1.1415675009621513,0.7711111111111111,1.2531228319803873,0.7777777777777778
hard,5,200005,1005,6000,32,5,relu,sgd,0.03,Xavier,20,0.034817043940226236,0.9966666666666667,1.182449877527025,0.7555555555555555,1.3090044116973878,0.7644444444444445
hard,5,200005,1005,6000,32,5,relu,sgd,0.03,Orthogonal,0,1.873650661650158,0.19952380952380952,1.8885503980848524,0.20222222222222222,1.9008141941494412,0.1988888888888889
hard,5,200005,1005,6000,32,5,relu,sgd,0.03,Orthogonal,1,1.2786475735618954,0.5326190476190477,1.2855630620320637,0.5333333333333333,1.3071707238091363,0.4855555555555556
hard,5,200005,1005,6000,32,5,relu,sgd,0.03,Orthogonal,2,0.8979701905023484,0.685952380952381,0.9432952496740553,0.6566666666666666,0.938848082224528,0.6533333333333333
hard,5,200005,1005,6000,32,5,relu,sgd,0.03,Orthogonal,3,0.6933216276622954,0.7838095238095238,0.7970458756552802,0.7366666666666667,0.7865006637573242,0.7422222222222222
hard,5,200005,1005,6000,32,5,relu,sgd,0.03,Orthogonal,4,0.5626087379455567,0.8392857142857143,0.7191951847076417,0.7688888888888888,0.732876738972134,0.7888888888888889
hard,5,200005,1005,6000,32,5,relu,sgd,0.03,Orthogonal,5,0.49499468848818823,0.861904761904762,0.7253131575054592,0.7622222222222222,0.7309032360712687,0.7922222222222223
hard,5,200005,1005,6000,32,5,relu,sgd,0.03,Orthogonal,6,0.4196367545354934,0.8807142857142857,0.717399116092258,0.77,0.7175429556104872,0.81
hard,5,200005,1005,6000,32,5,relu,sgd,0.03,Orthogonal,7,0.39735407965523856,0.8826190476190476,0.7506560018327502,0.7622222222222222,0.7451015732023452,0.7922222222222223
hard,5,200005,1005,6000,32,5,relu,sgd,0.03,Orthogonal,8,0.32512106713794525,0.9083333333333333,0.7101040967305501,0.7877777777777778,0.7377381314171685,0.8144444444444444
hard,5,200005,1005,6000,32,5,relu,sgd,0.03,Orthogonal,9,0.29437398501804896,0.9197619047619048,0.7691266059875488,0.78,0.7728595383961996,0.7977777777777778
hard,5,200005,1005,6000,32,5,relu,sgd,0.03,Orthogonal,10,0.2517568029676165,0.9292857142857143,0.7525574207305908,0.7811111111111111,0.7700662522845798,0.8011111111111111
hard,5,200005,1005,6000,32,5,relu,sgd,0.03,Orthogonal,11,0.22431252161661783,0.934047619047619,0.8028291887707181,0.7577777777777778,0.8107209184434678,0.7944444444444444
hard,5,200005,1005,6000,32,5,relu,sgd,0.03,Orthogonal,12,0.19197061606815882,0.944047619047619,0.8277698495652941,0.7622222222222222,0.8392423746320936,0.8011111111111111
hard,5,200005,1005,6000,32,5,relu,sgd,0.03,Orthogonal,13,0.17974456605457123,0.9447619047619048,0.8736048518286811,0.7622222222222222,0.9190971438090006,0.7888888888888889
hard,5,200005,1005,6000,32,5,relu,sgd,0.03,Orthogonal,14,0.18007476829347158,0.9476190476190476,0.9729629325866699,0.7455555555555555,0.9910571034749349,0.7666666666666667
hard,5,200005,1005,6000,32,5,relu,sgd,0.03,Orthogonal,15,0.127430115654355,0.9623809523809523,0.9430146720674303,0.7633333333333333,0.9974627770317925,0.7822222222222223
hard,5,200005,1005,6000,32,5,relu,sgd,0.03,Orthogonal,16,0.11847607430957613,0.9678571428571429,1.0337435054779052,0.7455555555555555,1.0961725870768229,0.7555555555555555
hard,5,200005,1005,6000,32,5,relu,sgd,0.03,Orthogonal,17,0.10221372831435431,0.9723809523809523,1.0615596103668212,0.7555555555555555,1.142230241563585,0.7688888888888888
hard,5,200005,1005,6000,32,5,relu,sgd,0.03,Orthogonal,18,0.08161919480278379,0.9840476190476191,1.147394290500217,0.7366666666666667,1.1911921744876437,0.7666666666666667
hard,5,200005,1005,6000,32,5,relu,sgd,0.03,Orthogonal,19,0.08217526106607347,0.9771428571428571,1.1666956816779244,0.7533333333333333,1.2510617097218832,0.7677777777777778
hard,5,200005,1005,6000,32,5,relu,sgd,0.03,Orthogonal,20,0.07170047930308751,0.9823809523809524,1.2152826515833537,0.7333333333333333,1.2500856314765083,0.7655555555555555
hard,6,200006,1006,6000,32,5,relu,sgd,0.03,ECED,0,1.6940333193824404,0.19547619047619047,1.682404147254096,0.19444444444444445,1.691143707699246,0.20333333333333334
hard,6,200006,1006,6000,32,5,relu,sgd,0.03,ECED,1,1.3487923322405133,0.49214285714285716,1.3564185041851466,0.48,1.364905768500434,0.4622222222222222
hard,6,200006,1006,6000,32,5,relu,sgd,0.03,ECED,2,1.0139494269234794,0.6342857142857142,1.046309072971344,0.6144444444444445,1.0698754058943853,0.6077777777777778
hard,6,200006,1006,6000,32,5,relu,sgd,0.03,ECED,3,0.7772983968825568,0.7473809523809524,0.8615278319517772,0.7066666666666667,0.8955620177586874,0.7166666666666667
hard,6,200006,1006,6000,32,5,relu,sgd,0.03,ECED,4,0.6527706509544736,0.7997619047619048,0.8073989400598738,0.7255555555555555,0.8234201317363316,0.7433333333333333
hard,6,200006,1006,6000,32,5,relu,sgd,0.03,ECED,5,0.5679657818022228,0.8335714285714285,0.7357321841186947,0.7655555555555555,0.8034606234232584,0.7455555555555555
hard,6,200006,1006,6000,32,5,relu,sgd,0.03,ECED,6,0.479420413062686,0.8688095238095238,0.7448419496748182,0.7655555555555555,0.7788662815093994,0.7777777777777778
hard,6,200006,1006,6000,32,5,relu,sgd,0.03,ECED,7,0.4230794479733422,0.8838095238095238,0.714455016652743,0.7933333333333333,0.7921779315339195,0.77
hard,6,200006,1006,6000,32,5,relu,sgd,0.03,ECED,8,0.3772963310423351,0.8964285714285715,0.7126257693767548,0.7888888888888889,0.7932086845239004,0.7711111111111111
hard,6,200006,1006,6000,32,5,relu,sgd,0.03,ECED,9,0.3368147677466983,0.9066666666666666,0.737299100028144,0.7722222222222223,0.8142887457211813,0.7733333333333333
hard,6,200006,1006,6000,32,5,relu,sgd,0.03,ECED,10,0.2793198471977597,0.9247619047619048,0.7580403610070546,0.7955555555555556,0.8459424400329589,0.78
hard,6,200006,1006,6000,32,5,relu,sgd,0.03,ECED,11,0.2566767856052944,0.930952380952381,0.7991450964079962,0.7766666666666666,0.8906953626539972,0.7566666666666667
hard,6,200006,1006,6000,32,5,relu,sgd,0.03,ECED,12,0.25758760724748886,0.9247619047619048,0.8619113687674205,0.7611111111111111,0.9366611607207193,0.7644444444444445
hard,6,200006,1006,6000,32,5,relu,sgd,0.03,ECED,13,0.20427646432604107,0.9435714285714286,0.8329543847507901,0.7744444444444445,0.944687968591849,0.77
hard,6,200006,1006,6000,32,5,relu,sgd,0.03,ECED,14,0.16815841447739374,0.9566666666666667,0.8822897863388062,0.7777777777777778,0.9625222582618396,0.7733333333333333
hard,6,200006,1006,6000,32,5,relu,sgd,0.03,ECED,15,0.12984583264305477,0.9707142857142858,0.8929708843761021,0.7811111111111111,0.9952352663543489,0.7766666666666666
hard,6,200006,1006,6000,32,5,relu,sgd,0.03,ECED,16,0.11602249474752517,0.97,0.9547078074349298,0.7811111111111111,1.055250259174241,0.7611111111111111
hard,6,200006,1006,6000,32,5,relu,sgd,0.03,ECED,17,0.10082902465547834,0.9783333333333334,1.0365694281789992,0.7633333333333333,1.1005211124486394,0.7577777777777778
hard,6,200006,1006,6000,32,5,relu,sgd,0.03,ECED,18,0.11520485582805816,0.9664285714285714,1.1344818035761515,0.7644444444444445,1.1903986551364263,0.7411111111111112
hard,6,200006,1006,6000,32,5,relu,sgd,0.03,ECED,19,0.07727417003540765,0.9811904761904762,1.1395351574156019,0.7622222222222222,1.2295101256834136,0.7577777777777778
hard,6,200006,1006,6000,32,5,relu,sgd,0.03,ECED,20,0.06129402614775158,0.9857142857142858,1.1686299318737454,0.7655555555555555,1.249269626032975,0.7566666666666667
hard,6,200006,1006,6000,32,5,relu,sgd,0.03,He,0,2.0231942676362538,0.19547619047619047,1.9966194534301758,0.19444444444444445,2.019050064086914,0.20333333333333334
hard,6,200006,1006,6000,32,5,relu,sgd,0.03,He,1,1.2849378531319755,0.5021428571428571,1.3303142648273045,0.4688888888888889,1.314349209997389,0.4811111111111111
hard,6,200006,1006,6000,32,5,relu,sgd,0.03,He,2,0.9556277284168062,0.6628571428571428,1.0274163015683493,0.6277777777777778,1.0155637396706476,0.6177777777777778
hard,6,200006,1006,6000,32,5,relu,sgd,0.03,He,3,0.7546713856288365,0.7473809523809524,0.8983986939986547,0.6844444444444444,0.885630518330468,0.7055555555555556
hard,6,200006,1006,6000,32,5,relu,sgd,0.03,He,4,0.6367432494390578,0.8057142857142857,0.8646373715003332,0.7066666666666667,0.8339208141962687,0.7311111111111112
hard,6,200006,1006,6000,32,5,relu,sgd,0.03,He,5,0.5684367561340332,0.8235714285714286,0.8461753961775038,0.7088888888888889,0.8343709568182628,0.7311111111111112
hard,6,200006,1006,6000,32,5,relu,sgd,0.03,He,6,0.477978397551037,0.861904761904762,0.8167484166887071,0.7344444444444445,0.7994886401295662,0.7433333333333333
hard,6,200006,1006,6000,32,5,relu,sgd,0.03,He,7,0.4178343391418457,0.8833333333333333,0.7886025267177158,0.7755555555555556,0.8109599792295032,0.7466666666666667
hard,6,200006,1006,6000,32,5,relu,sgd,0.03,He,8,0.36194190615699406,0.9007142857142857,0.7875067077742682,0.7644444444444445,0.8335064182016585,0.75
hard,6,200006,1006,6000,32,5,relu,sgd,0.03,He,9,0.3257471152714321,0.9071428571428571,0.8434504229492611,0.7533333333333333,0.8712540531820722,0.7433333333333333
hard,6,200006,1006,6000,32,5,relu,sgd,0.03,He,10,0.27401965958731517,0.925952380952381,0.8725816501511467,0.7455555555555555,0.9013562065031794,0.7577777777777778
hard,6,200006,1006,6000,32,5,relu,sgd,0.03,He,11,0.24841639110020228,0.93,0.897673437860277,0.7488888888888889,0.9156409240100118,0.7466666666666667
hard,6,200006,1006,6000,32,5,relu,sgd,0.03,He,12,0.2535334094365438,0.9221428571428572,0.9780212373203702,0.7233333333333334,1.0233347829348511,0.7355555555555555
hard,6,200006,1006,6000,32,5,relu,sgd,0.03,He,13,0.21217053822108678,0.9385714285714286,0.9415597870614794,0.7644444444444445,1.0168646939098835,0.7422222222222222
hard,6,200006,1006,6000,32,5,relu,sgd,0.03,He,14,0.18004001344953263,0.9495238095238095,1.0255412239498563,0.7433333333333333,1.0426179690410693,0.7444444444444445
hard,6,200006,1006,6000,32,5,relu,sgd,0.03,He,15,0.13445375487917946,0.965,0.998482011159261,0.7488888888888889,1.0518611693051125,0.7477777777777778
hard,6,200006,1006,6000,32,5,relu,sgd,0.03,He,16,0.11577476478758313,0.9714285714285714,1.063726774321662,0.7588888888888888,1.1147333091373246,0.7488888888888889
hard,6,200006,1006,6000,32,5,relu,sgd,0.03,He,17,0.09872265043712798,0.975,1.1689871366818745,0.7433333333333333,1.1961938233342435,0.74
hard,6,200006,1006,6000,32,5,relu,sgd,0.03,He,18,0.08109073139372326,0.9814285714285714,1.2532905546824138,0.7388888888888889,1.2593162132137352,0.7366666666666667
hard,6,200006,1006,6000,32,5,relu,sgd,0.03,He,19,0.06909044719877697,0.985,1.2658200807041593,0.7377777777777778,1.3110412407500875,0.7466666666666667
hard,6,200006,1006,6000,32,5,relu,sgd,0.03,He,20,0.058501427457446145,0.9902380952380953,1.399632813135783,0.7344444444444445,1.3449307897190252,0.7444444444444445
hard,6,200006,1006,6000,32,5,relu,sgd,0.03,Xavier,0,1.9172270202636719,0.19547619047619047,1.8945494164360894,0.19444444444444445,1.9128846613566082,0.20333333333333334
hard,6,200006,1006,6000,32,5,relu,sgd,0.03,Xavier,1,1.2670079076857794,0.5247619047619048,1.3048273340861003,0.49777777777777776,1.2974868218104045,0.5088888888888888
hard,6,200006,1006,6000,32,5,relu,sgd,0.03,Xavier,2,0.9248879205612909,0.6761904761904762,1.0054236767027114,0.6333333333333333,1.0006745704015096,0.6422222222222222
hard,6,200006,1006,6000,32,5,relu,sgd,0.03,Xavier,3,0.6989255105881463,0.7788095238095238,0.8301812607049942,0.7155555555555555,0.8463083193037245,0.7244444444444444
hard,6,200006,1006,6000,32,5,relu,sgd,0.03,Xavier,4,0.5808024342854817,0.83,0.795471331278483,0.7322222222222222,0.7894081917073992,0.7588888888888888
hard,6,200006,1006,6000,32,5,relu,sgd,0.03,Xavier,5,0.5138675844101679,0.8495238095238096,0.7578837479485406,0.7466666666666667,0.7873814929856194,0.75
hard,6,200006,1006,6000,32,5,relu,sgd,0.03,Xavier,6,0.4264636248633975,0.8795238095238095,0.7611435759067535,0.7622222222222222,0.7711349177360535,0.77
hard,6,200006,1006,6000,32,5,relu,sgd,0.03,Xavier,7,0.387069446018764,0.8914285714285715,0.7509532810582055,0.7922222222222223,0.7975262271033393,0.7788888888888889
hard,6,200006,1006,6000,32,5,relu,sgd,0.03,Xavier,8,0.3136391344524565,0.9152380952380952,0.7256198991669549,0.7877777777777778,0.7783182667361366,0.7866666666666666
hard,6,200006,1006,6000,32,5,relu,sgd,0.03,Xavier,9,0.2901218959263393,0.920952380952381,0.7772175253762139,0.7688888888888888,0.8055500767628352,0.7811111111111111
hard,6,200006,1006,6000,32,5,relu,sgd,0.03,Xavier,10,0.23146378290085565,0.9395238095238095,0.8122686323854659,0.7777777777777778,0.8519482438762983,0.7922222222222223
hard,6,200006,1006,6000,32,5,relu,sgd,0.03,Xavier,11,0.21970891225905645,0.9421428571428572,0.8837088326613108,0.7688888888888888,0.8898833495047357,0.7722222222222223
hard,6,200006,1006,6000,32,5,relu,sgd,0.03,Xavier,12,0.20342616172063918,0.9421428571428572,0.9139659157064226,0.7677777777777778,0.9737446295552784,0.7644444444444445
hard,6,200006,1006,6000,32,5,relu,sgd,0.03,Xavier,13,0.15468737034570604,0.9630952380952381,0.8961988965670268,0.7644444444444445,0.9536640073855718,0.7766666666666666
hard,6,200006,1006,6000,32,5,relu,sgd,0.03,Xavier,14,0.12361839203607468,0.9695238095238096,0.9461689019203186,0.7666666666666667,1.0157361492183474,0.7844444444444445
hard,6,200006,1006,6000,32,5,relu,sgd,0.03,Xavier,15,0.10443033831460136,0.9759523809523809,0.9560540584723155,0.78,1.0408539086580277,0.79
hard,6,200006,1006,6000,32,5,relu,sgd,0.03,Xavier,16,0.0960404254141308,0.9773809523809524,1.0030771187941234,0.7855555555555556,1.1338321796390745,0.7788888888888889
hard,6,200006,1006,6000,32,5,relu,sgd,0.03,Xavier,17,0.0696787014461699,0.9876190476190476,1.0923337219821083,0.7622222222222222,1.1363473610745536,0.7766666666666666
hard,6,200006,1006,6000,32,5,relu,sgd,0.03,Xavier,18,0.0639705661364964,0.9890476190476191,1.1559250009059907,0.7555555555555555,1.2331020367145538,0.7711111111111111
hard,6,200006,1006,6000,32,5,relu,sgd,0.03,Xavier,19,0.05064375848997207,0.991904761904762,1.1909026230706108,0.76,1.2774986616108153,0.7722222222222223
hard,6,200006,1006,6000,32,5,relu,sgd,0.03,Xavier,20,0.04089635973884946,0.9942857142857143,1.2039739350477854,0.7733333333333333,1.288265943610006,0.7611111111111111
hard,6,200006,1006,6000,32,5,relu,sgd,0.03,Orthogonal,0,1.7379301016671318,0.1976190476190476,1.7153345235188802,0.19111111111111112,1.7270829847123887,0.17222222222222222
hard,6,200006,1006,6000,32,5,relu,sgd,0.03,Orthogonal,1,1.17717099689302,0.5771428571428572,1.1955525096257527,0.5488888888888889,1.1995839738845826,0.5622222222222222
hard,6,200006,1006,6000,32,5,relu,sgd,0.03,Orthogonal,2,0.8436598605201358,0.715952380952381,0.9331365282005734,0.6744444444444444,0.9345493917995029,0.6911111111111111
hard,6,200006,1006,6000,32,5,relu,sgd,0.03,Orthogonal,3,0.6276917285010928,0.81,0.780193416873614,0.7655555555555555,0.8111142957210541,0.7377777777777778
hard,6,200006,1006,6000,32,5,relu,sgd,0.03,Orthogonal,4,0.5077356974283854,0.8561904761904762,0.7480122752984365,0.7755555555555556,0.7530739241176181,0.7711111111111111
hard,6,200006,1006,6000,32,5,relu,sgd,0.03,Orthogonal,5,0.45070656276884535,0.8761904761904762,0.6998260160287221,0.8077777777777778,0.7763346242904663,0.7711111111111111
hard,6,200006,1006,6000,32,5,relu,sgd,0.03,Orthogonal,6,0.37646331787109377,0.9011904761904762,0.7107154026296404,0.8111111111111111,0.7394464846452077,0.7977777777777778
hard,6,200006,1006,6000,32,5,relu,sgd,0.03,Orthogonal,7,0.33535566829499747,0.9054761904761904,0.7337562899457084,0.8033333333333333,0.7660255580809381,0.8011111111111111
hard,6,200006,1006,6000,32,5,relu,sgd,0.03,Orthogonal,8,0.2889113199143183,0.9264285714285714,0.7335780660311381,0.7955555555555556,0.7855948907799191,0.7922222222222223
hard,6,200006,1006,6000,32,5,relu,sgd,0.03,Orthogonal,9,0.26957377570016045,0.9257142857142857,0.7755330978499518,0.7677777777777778,0.8362483898798625,0.7788888888888889
hard,6,200006,1006,6000,32,5,relu,sgd,0.03,Orthogonal,10,0.21616149766104562,0.945,0.7997099005513721,0.7922222222222223,0.852418933543894,0.7911111111111111
hard,6,200006,1006,6000,32,5,relu,sgd,0.03,Orthogonal,11,0.20976470538548062,0.9428571428571428,0.8347582754823897,0.7888888888888889,0.8640683797829681,0.7866666666666666
hard,6,200006,1006,6000,32,5,relu,sgd,0.03,Orthogonal,12,0.18586859407879058,0.9485714285714286,0.8971213820907805,0.7677777777777778,0.9337262880802154,0.7711111111111111
hard,6,200006,1006,6000,32,5,relu,sgd,0.03,Orthogonal,13,0.16631315185910178,0.9526190476190476,0.8985453106297387,0.7755555555555556,0.952400895572371,0.7677777777777778
hard,6,200006,1006,6000,32,5,relu,sgd,0.03,Orthogonal,14,0.13007097721099853,0.9661904761904762,0.9544022717740801,0.7777777777777778,0.9854377854532665,0.7755555555555556
hard,6,200006,1006,6000,32,5,relu,sgd,0.03,Orthogonal,15,0.1033455787386213,0.9738095238095238,0.9716845133569505,0.8,1.0412406527002653,0.7677777777777778
hard,6,200006,1006,6000,32,5,relu,sgd,0.03,Orthogonal,16,0.09020373196828933,0.9792857142857143,1.0248341439167659,0.78,1.0915206761492624,0.7722222222222223
hard,6,200006,1006,6000,32,5,relu,sgd,0.03,Orthogonal,17,0.08433169932592482,0.98,1.0650049516558646,0.78,1.1445299580030972,0.7577777777777778
hard,6,200006,1006,6000,32,5,relu,sgd,0.03,Orthogonal,18,0.06944838421685355,0.9840476190476191,1.1554133996698592,0.7544444444444445,1.2177973586652013,0.7566666666666667
hard,6,200006,1006,6000,32,5,relu,sgd,0.03,Orthogonal,19,0.05981503532046364,0.9876190476190476,1.2171984933482276,0.7722222222222223,1.3156293596161737,0.7566666666666667
hard,6,200006,1006,6000,32,5,relu,sgd,0.03,Orthogonal,20,0.039264388935906544,0.9947619047619047,1.2313970952563815,0.77,1.2603969288700156,0.76
hard,7,200007,1007,6000,32,5,relu,sgd,0.03,ECED,0,1.6967015874953497,0.1911904761904762,1.7002386146121555,0.20777777777777778,1.6975893031226263,0.17888888888888888
hard,7,200007,1007,6000,32,5,relu,sgd,0.03,ECED,1,1.2807239278157552,0.48738095238095236,1.319728619787428,0.4444444444444444,1.3203360663519965,0.4688888888888889
hard,7,200007,1007,6000,32,5,relu,sgd,0.03,ECED,2,0.988637444632394,0.6411904761904762,1.0653410784403483,0.5988888888888889,1.0812092436684502,0.6088888888888889
hard,7,200007,1007,6000,32,5,relu,sgd,0.03,ECED,3,0.7475936907813663,0.7576190476190476,0.8703738890753852,0.7133333333333334,0.8896544498867459,0.7211111111111111
hard,7,200007,1007,6000,32,5,relu,sgd,0.03,ECED,4,0.6145780436197916,0.8076190476190476,0.7970540669229296,0.7277777777777777,0.8270280128055149,0.7522222222222222
hard,7,200007,1007,6000,32,5,relu,sgd,0.03,ECED,5,0.5384120695931571,0.8338095238095238,0.7744873725043403,0.7433333333333333,0.8170722697840797,0.7611111111111111
hard,7,200007,1007,6000,32,5,relu,sgd,0.03,ECED,6,0.46821881612141925,0.8635714285714285,0.7459823702441322,0.7822222222222223,0.7912211398283641,0.7688888888888888
hard,7,200007,1007,6000,32,5,relu,sgd,0.03,ECED,7,0.4373641159420922,0.8721428571428571,0.7660939535829756,0.7777777777777778,0.821088979906506,0.7677777777777778
hard,7,200007,1007,6000,32,5,relu,sgd,0.03,ECED,8,0.3651258455004011,0.8895238095238095,0.778371022939682,0.7811111111111111,0.8369945764541626,0.7588888888888888
hard,7,200007,1007,6000,32,5,relu,sgd,0.03,ECED,9,0.33296958060491655,0.8997619047619048,0.7945368056827121,0.7688888888888888,0.8802033476034801,0.7655555555555555
hard,7,200007,1007,6000,32,5,relu,sgd,0.03,ECED,10,0.27040243920825774,0.9226190476190477,0.8332078689336777,0.7566666666666667,0.8518606344196531,0.7655555555555555
hard,7,200007,1007,6000,32,5,relu,sgd,0.03,ECED,11,0.22937047526949927,0.9378571428571428,0.8224453050560422,0.7788888888888889,0.8790002957979838,0.7811111111111111
hard,7,200007,1007,6000,32,5,relu,sgd,0.03,ECED,12,0.19535864580245246,0.945952380952381,0.867784533219205,0.7755555555555556,0.9370177740520901,0.7622222222222222
hard,7,200007,1007,6000,32,5,relu,sgd,0.03,ECED,13,0.15960032531193324,0.9583333333333334,0.8950137044654952,0.7833333333333333,0.9761296062999302,0.7666666666666667
hard,7,200007,1007,6000,32,5,relu,sgd,0.03,ECED,14,0.1492844243276687,0.9607142857142857,0.9881326934364107,0.7677777777777778,1.059301018913587,0.7666666666666667
hard,7,200007,1007,6000,32,5,relu,sgd,0.03,ECED,15,0.12223463444482713,0.9692857142857143,1.0096674875418346,0.7611111111111111,1.0760650482442644,0.7566666666666667
hard,7,200007,1007,6000,32,5,relu,sgd,0.03,ECED,16,0.12233504931131998,0.9635714285714285,1.0655465088950262,0.7622222222222222,1.13757385108206,0.7577777777777778
hard,7,200007,1007,6000,32,5,relu,sgd,0.03,ECED,17,0.09858053729647683,0.9764285714285714,1.0964601912183893,0.7677777777777778,1.2054908694161308,0.7522222222222222
hard,7,200007,1007,6000,32,5,relu,sgd,0.03,ECED,18,0.09913849864687238,0.9683333333333334,1.1495214315421052,0.7511111111111111,1.2625877854559158,0.7522222222222222
hard,7,200007,1007,6000,32,5,relu,sgd,0.03,ECED,19,0.06876757599058606,0.9838095238095238,1.1614778551956018,0.7711111111111111,1.2391261010699801,0.7533333333333333
hard,7,200007,1007,6000,32,5,relu,sgd,0.03,ECED,20,0.049561929702758786,0.99,1.168261118705074,0.7722222222222223,1.2670972463819716,0.7555555555555555
hard,7,200007,1007,6000,32,5,relu,sgd,0.03,He,0,2.0713969094412668,0.1911904761904762,2.0818654007381863,0.20777777777777778,2.074679022894965,0.17888888888888888
hard,7,200007,1007,6000,32,5,relu,sgd,0.03,He,1,1.2409088243756976,0.503095238095238,1.3045401371849907,0.45555555555555555,1.2971942573123507,0.48
hard,7,200007,1007,6000,32,5,relu,sgd,0.03,He,2,0.9460685003371466,0.6585714285714286,1.0533141936196222,0.6,1.0716757289568584,0.6288888888888889
hard,7,200007,1007,6000,32,5,relu,sgd,0.03,He,3,0.7234412438528879,0.7588095238095238,0.9014940378401014,0.6822222222222222,0.9207479455735949,0.6944444444444444
hard,7,200007,1007,6000,32,5,relu,sgd,0.03,He,4,0.611695298694429,0.7995238095238095,0.863532018661499,0.7133333333333334,0.8866921945412953,0.7233333333333334
hard,7,200007,1007,6000,32,5,relu,sgd,0.03,He,5,0.5132707604907808,0.8373809523809523,0.8302430497275458,0.7355555555555555,0.8592765613396962,0.7411111111111112
hard,7,200007,1007,6000,32,5,relu,sgd,0.03,He,6,0.44149270466395785,0.8680952380952381,0.8052489872773488,0.7422222222222222,0.8370620999071333,0.7522222222222222
hard,7,200007,1007,6000,32,5,relu,sgd,0.03,He,7,0.4225098028637114,0.8745238095238095,0.832441734208001,0.7444444444444445,0.8627773083580865,0.73
hard,7,200007,1007,6000,32,5,relu,sgd,0.03,He,8,0.3353745533171154,0.8971428571428571,0.8353520407941606,0.7633333333333333,0.8974110494719612,0.7411111111111112
hard,7,200007,1007,6000,32,5,relu,sgd,0.03,He,9,0.2925046711876279,0.9145238095238095,0.8533384283383687,0.74,0.9099706382221646,0.7444444444444445
hard,7,200007,1007,6000,32,5,relu,sgd,0.03,He,10,0.2521360678899856,0.9273809523809524,0.8994617634349399,0.7466666666666667,0.9193413437737359,0.75
hard,7,200007,1007,6000,32,5,relu,sgd,0.03,He,11,0.20137004943121048,0.9466666666666667,0.887804230120447,0.7444444444444445,0.9257511644893223,0.7555555555555555
hard,7,200007,1007,6000,32,5,relu,sgd,0.03,He,12,0.155542342095148,0.9616666666666667,0.9387022325065401,0.7577777777777778,0.9806361969312032,0.7533333333333333
hard,7,200007,1007,6000,32,5,relu,sgd,0.03,He,13,0.13063403129577636,0.9695238095238096,0.9819141848882039,0.7544444444444445,1.0310540268156263,0.7544444444444445
hard,7,200007,1007,6000,32,5,relu,sgd,0.03,He,14,0.11937416757856097,0.9697619047619047,1.0718981514539982,0.7311111111111112,1.1000924878650242,0.75
hard,7,200007,1007,6000,32,5,relu,sgd,0.03,He,15,0.09548824128650484,0.9771428571428571,1.1238142417205705,0.7455555555555555,1.155480635960897,0.7466666666666667
hard,7,200007,1007,6000,32,5,relu,sgd,0.03,He,16,0.09241463036764236,0.9764285714285714,1.1687034295002618,0.7311111111111112,1.1862920453813341,0.7488888888888889
hard,7,200007,1007,6000,32,5,relu,sgd,0.03,He,17,0.11204464821588425,0.9666666666666667,1.3020230831040276,0.7166666666666667,1.287825403213501,0.7455555555555555
hard,7,200007,1007,6000,32,5,relu,sgd,0.03,He,18,0.12465353057498024,0.9564285714285714,1.3138292571074432,0.7311111111111112,1.3875730625788372,0.7388888888888889
hard,7,200007,1007,6000,32,5,relu,sgd,0.03,He,19,0.05521232616333734,0.9902380952380953,1.329406389262941,0.7244444444444444,1.3552444138791826,0.7422222222222222
hard,7,200007,1007,6000,32,5,relu,sgd,0.03,He,20,0.03828758966355097,0.9940476190476191,1.3567090923504697,0.73,1.385962683359782,0.7388888888888889
hard,7,200007,1007,6000,32,5,relu,sgd,0.03,Xavier,0,1.950334225609189,0.1911904761904762,1.9589334286583795,0.20777777777777778,1.9531320105658636,0.17888888888888888
hard,7,200007,1007,6000,32,5,relu,sgd,0.03,Xavier,1,1.1990625345139276,0.5192857142857142,1.263877886666192,0.4711111111111111,1.2655323102739122,0.4922222222222222
hard,7,200007,1007,6000,32,5,relu,sgd,0.03,Xavier,2,0.8770454860868908,0.6983333333333334,0.9832450252109104,0.6422222222222222,1.0189739169014824,0.6644444444444444
hard,7,200007,1007,6000,32,5,relu,sgd,0.03,Xavier,3,0.6712634640648252,0.7857142857142857,0.8583047193951077,0.7222222222222222,0.886649380657408,0.7333333333333333
hard,7,200007,1007,6000,32,5,relu,sgd,0.03,Xavier,4,0.5605337796892439,0.8280952380952381,0.8142806243896484,0.7422222222222222,0.8504326184590657,0.7388888888888889
hard,7,200007,1007,6000,32,5,relu,sgd,0.03,Xavier,5,0.4588247362772624,0.8640476190476191,0.7788799153433905,0.7511111111111111,0.8180413982603285,0.7644444444444445
hard,7,200007,1007,6000,32,5,relu,sgd,0.03,Xavier,6,0.3978131021772112,0.8804761904761905,0.7604321151309543,0.77,0.810151718656222,0.7866666666666666
hard,7,200007,1007,6000,32,5,relu,sgd,0.03,Xavier,7,0.3701627172742571,0.8919047619047619,0.7996188828680251,0.7544444444444445,0.8458183832301034,0.7655555555555555
hard,7,200007,1007,6000,32,5,relu,sgd,0.03,Xavier,8,0.3017355174110049,0.9111904761904762,0.8012585598892635,0.7633333333333333,0.8780617985460494,0.7755555555555556
hard,7,200007,1007,6000,32,5,relu,sgd,0.03,Xavier,9,0.2660163911183675,0.9226190476190477,0.8115461544195811,0.7666666666666667,0.9150629820426305,0.76
hard,7,200007,1007,6000,32,5,relu,sgd,0.03,Xavier,10,0.21169343448820568,0.9388095238095238,0.8223662935362922,0.7644444444444445,0.9116422781017092,0.7633333333333333
hard,7,200007,1007,6000,32,5,relu,sgd,0.03,Xavier,11,0.17243387222290038,0.9571428571428572,0.8308041711648305,0.7766666666666666,0.9545816598667038,0.7555555555555555
hard,7,200007,1007,6000,32,5,relu,sgd,0.03,Xavier,12,0.14062910238901774,0.9638095238095238,0.8638100597924656,0.7733333333333333,1.0119690275854534,0.7577777777777778
hard,7,200007,1007,6000,32,5,relu,sgd,0.03,Xavier,13,0.12100878306797573,0.9704761904761905,0.9379115727212693,0.7622222222222222,1.079458168413904,0.7588888888888888
hard,7,200007,1007,6000,32,5,relu,sgd,0.03,Xavier,14,0.10454159668513707,0.9754761904761905,1.0084288582536909,0.7588888888888888,1.1304038952787716,0.7666666666666667
hard,7,200007,1007,6000,32,5,relu,sgd,0.03,Xavier,15,0.07858394690922328,0.9838095238095238,1.013138060569763,0.7722222222222223,1.193722455435329,0.7477777777777778
hard,7,200007,1007,6000,32,5,relu,sgd,0.03,Xavier,16,0.06520775840395973,0.9876190476190476,1.0698959151075946,0.7666666666666667,1.2294693028264576,0.7488888888888889
hard,7,200007,1007,6000,32,5,relu,sgd,0.03,Xavier,17,0.08788361674263363,0.974047619047619,1.1462190371089511,0.7655555555555555,1.3172895587152904,0.7333333333333333
hard,7,200007,1007,6000,32,5,relu,sgd,0.03,Xavier,18,0.07207663433892386,0.9804761904761905,1.2139427697327403,0.7511111111111111,1.339259291489919,0.7488888888888889
hard,7,200007,1007,6000,32,5,relu,sgd,0.03,Xavier,19,0.04332236687342326,0.9938095238095238,1.215150281853146,0.7611111111111111,1.3456970911555821,0.7377777777777778
hard,7,200007,1007,6000,32,5,relu,sgd,0.03,Xavier,20,0.03139414395604815,0.9954761904761905,1.2173923150698345,0.7588888888888888,1.4011330155531565,0.7533333333333333
hard,7,200007,1007,6000,32,5,relu,sgd,0.03,Orthogonal,0,1.7928617640904019,0.21904761904761905,1.7962046421898736,0.21777777777777776,1.7767337375217014,0.21222222222222223
hard,7,200007,1007,6000,32,5,relu,sgd,0.03,Orthogonal,1,1.1748652776082358,0.5616666666666666,1.2380378188027277,0.5066666666666667,1.2169975143008762,0.5333333333333333
hard,7,200007,1007,6000,32,5,relu,sgd,0.03,Orthogonal,2,0.8353681854974656,0.7169047619047619,0.9445946349038018,0.6477777777777778,0.9536142534679837,0.6688888888888889
hard,7,200007,1007,6000,32,5,relu,sgd,0.03,Orthogonal,3,0.6336158089410691,0.8135714285714286,0.7733515016237895,0.7488888888888889,0.8140033358997769,0.7544444444444445
hard,7,200007,1007,6000,32,5,relu,sgd,0.03,Orthogonal,4,0.5396608143761045,0.8366666666666667,0.7283150127198961,0.7777777777777778,0.7827091937594943,0.7766666666666666
hard,7,200007,1007,6000,32,5,relu,sgd,0.03,Orthogonal,5,0.4443600018819173,0.8790476190476191,0.7009571038352118,0.7911111111111111,0.7638615965843201,0.7911111111111111
hard,7,200007,1007,6000,32,5,relu,sgd,0.03,Orthogonal,6,0.4024080530802409,0.8835714285714286,0.7117661792702145,0.7733333333333333,0.7905503336588542,0.7866666666666666
hard,7,200007,1007,6000,32,5,relu,sgd,0.03,Orthogonal,7,0.3566484569367908,0.8935714285714286,0.7290175178315904,0.7811111111111111,0.808252256181505,0.7788888888888889
hard,7,200007,1007,6000,32,5,relu,sgd,0.03,Orthogonal,8,0.3177387183053153,0.9047619047619048,0.7820269580019845,0.7744444444444445,0.8442425040404001,0.78
hard,7,200007,1007,6000,32,5,relu,sgd,0.03,Orthogonal,9,0.2720100470951625,0.9207142857142857,0.7954474768373702,0.7611111111111111,0.8584532398647732,0.7855555555555556
hard,7,200007,1007,6000,32,5,relu,sgd,0.03,Orthogonal,10,0.258863715217227,0.9257142857142857,0.851864411301083,0.76,0.9051026431719462,0.7677777777777778
hard,7,200007,1007,6000,32,5,relu,sgd,0.03,Orthogonal,11,0.20068769318716867,0.9461904761904761,0.8198732495307922,0.7844444444444445,0.9112587213516236,0.7733333333333333
hard,7,200007,1007,6000,32,5,relu,sgd,0.03,Orthogonal,12,0.1984037923812866,0.940952380952381,0.9241708548863729,0.7555555555555555,1.0254878118303088,0.76
hard,7,200007,1007,6000,32,5,relu,sgd,0.03,Orthogonal,13,0.14521644251687185,0.9611904761904762,0.8706762670146094,0.7955555555555556,1.0051655824979147,0.7677777777777778
hard,7,200007,1007,6000,32,5,relu,sgd,0.03,Orthogonal,14,0.13526142688024612,0.9666666666666667,0.9746320373482175,0.7733333333333333,1.0838369554943508,0.7677777777777778
hard,7,200007,1007,6000,32,5,relu,sgd,0.03,Orthogonal,15,0.10720993223644439,0.9709523809523809,0.9957912498050265,0.7733333333333333,1.1051339348157247,0.7622222222222222
hard,7,200007,1007,6000,32,5,relu,sgd,0.03,Orthogonal,16,0.08694221678234282,0.9804761904761905,1.0752234396007325,0.7733333333333333,1.1607659855153825,0.7633333333333333
hard,7,200007,1007,6000,32,5,relu,sgd,0.03,Orthogonal,17,0.08034065133049374,0.9809523809523809,1.081001583735148,0.7633333333333333,1.1856209515200722,0.7511111111111111
hard,7,200007,1007,6000,32,5,relu,sgd,0.03,Orthogonal,18,0.07634049495061239,0.9785714285714285,1.2043681695395045,0.7566666666666667,1.2999038594298893,0.7455555555555555
hard,7,200007,1007,6000,32,5,relu,sgd,0.03,Orthogonal,19,0.056852326960790726,0.9871428571428571,1.1518516051769256,0.7722222222222223,1.3181515034039815,0.7666666666666667
hard,7,200007,1007,6000,32,5,relu,sgd,0.03,Orthogonal,20,0.05310277121407645,0.9890476190476191,1.233798074523608,0.7577777777777778,1.3226710764567058,0.7533333333333333
hard,8,200008,1008,6000,32,5,relu,sgd,0.03,ECED,0,1.6937852369035993,0.19785714285714287,1.675014508565267,0.2111111111111111,1.6854588582780625,0.22111111111111112
hard,8,200008,1008,6000,32,5,relu,sgd,0.03,ECED,1,1.3464166768391927,0.49452380952380953,1.3568332619137233,0.48444444444444446,1.3559675211376614,0.49
hard,8,200008,1008,6000,32,5,relu,sgd,0.03,ECED,2,1.0006311053321475,0.6411904761904762,1.0721215624279445,0.5944444444444444,1.0552339760462444,0.6044444444444445
hard,8,200008,1008,6000,32,5,relu,sgd,0.03,ECED,3,0.7887831333705357,0.7404761904761905,0.9118917412228055,0.6855555555555556,0.9002802345487807,0.6777777777777778
hard,8,200008,1008,6000,32,5,relu,sgd,0.03,ECED,4,0.626713136945452,0.8073809523809524,0.7973338789410062,0.7422222222222222,0.7969760296079847,0.7433333333333333
hard,8,200008,1008,6000,32,5,relu,sgd,0.03,ECED,5,0.5401591001238142,0.8445238095238096,0.7834257915284899,0.7522222222222222,0.7823649594518873,0.7544444444444445
hard,8,200008,1008,6000,32,5,relu,sgd,0.03,ECED,6,0.49243168694632394,0.8519047619047619,0.7937009641859266,0.7477777777777778,0.7819943449232314,0.7755555555555556
hard,8,200008,1008,6000,32,5,relu,sgd,0.03,ECED,7,0.4240973272777739,0.8752380952380953,0.8014643102222019,0.7644444444444445,0.7904173231124878,0.7677777777777778
hard,8,200008,1008,6000,32,5,relu,sgd,0.03,ECED,8,0.3710260096050444,0.8940476190476191,0.813071543375651,0.7711111111111111,0.7922172350353665,0.79
hard,8,200008,1008,6000,32,5,relu,sgd,0.03,ECED,9,0.327968042918614,0.9052380952380953,0.8443597020043268,0.7544444444444445,0.8222466765509712,0.7811111111111111
hard,8,200008,1008,6000,32,5,relu,sgd,0.03,ECED,10,0.2714826561155773,0.924047619047619,0.8344774309794109,0.7677777777777778,0.8072590674294365,0.7955555555555556
hard,8,200008,1008,6000,32,5,relu,sgd,0.03,ECED,11,0.24684407552083334,0.9323809523809524,0.9048077646891276,0.7544444444444445,0.9162538210550945,0.7766666666666666
hard,8,200008,1008,6000,32,5,relu,sgd,0.03,ECED,12,0.21785526275634765,0.9407142857142857,0.9147637250688341,0.7633333333333333,0.8865989918178983,0.7788888888888889
hard,8,200008,1008,6000,32,5,relu,sgd,0.03,ECED,13,0.18956745102292016,0.944047619047619,0.9493761910332574,0.7644444444444445,0.9415494325425889,0.7744444444444445
hard,8,200008,1008,6000,32,5,relu,sgd,0.03,ECED,14,0.15077832903180804,0.9595238095238096,1.0251550239986844,0.7466666666666667,0.9777659469180637,0.7688888888888888
hard,8,200008,1008,6000,32,5,relu,sgd,0.03,ECED,15,0.12898791585649763,0.9683333333333334,1.0675111802419026,0.7488888888888889,1.0537484412723117,0.7677777777777778
hard,8,200008,1008,6000,32,5,relu,sgd,0.03,ECED,16,0.10970423380533854,0.9711904761904762,1.1815492969089085,0.7611111111111111,1.1114543024698893,0.7655555555555555
hard,8,200008,1008,6000,32,5,relu,sgd,0.03,ECED,17,0.09147886435190837,0.98,1.1929498449961344,0.7477777777777778,1.1852939722273086,0.7677777777777778
hard,8,200008,1008,6000,32,5,relu,sgd,0.03,ECED,18,0.07018257010550726,0.9854761904761905,1.3156245697869196,0.7466666666666667,1.2614340220557319,0.7677777777777778
hard,8,200008,1008,6000,32,5,relu,sgd,0.03,ECED,19,0.05283493598302205,0.9909523809523809,1.3085180727640788,0.7522222222222222,1.2693023109436035,0.7711111111111111
hard,8,200008,1008,6000,32,5,relu,sgd,0.03,ECED,20,0.05576091868536813,0.9888095238095238,1.3744706047905817,0.7511111111111111,1.3159285985098945,0.7633333333333333
hard,8,200008,1008,6000,32,5,relu,sgd,0.03,He,0,2.0527887435186476,0.19785714285714287,2.0118822876612343,0.2111111111111111,2.0374067952897814,0.22111111111111112
hard,8,200008,1008,6000,32,5,relu,sgd,0.03,He,1,1.2538699268159412,0.5247619047619048,1.291663261519538,0.48777777777777775,1.2785644425286187,0.51
hard,8,200008,1008,6000,32,5,relu,sgd,0.03,He,2,0.9486267380487351,0.665,1.0543565358055962,0.5977777777777777,1.0230212399694654,0.6088888888888889
hard,8,200008,1008,6000,32,5,relu,sgd,0.03,He,3,0.7380821246192569,0.7623809523809524,0.9268210993872749,0.6755555555555556,0.8855322252379524,0.7
hard,8,200008,1008,6000,32,5,relu,sgd,0.03,He,4,0.6104040018717448,0.8107142857142857,0.8481853379143609,0.7077777777777777,0.8240328391393026,0.73
hard,8,200008,1008,6000,32,5,relu,sgd,0.03,He,5,0.538671810513451,0.8373809523809523,0.84975288550059,0.7244444444444444,0.8206606022516887,0.7333333333333333
hard,8,200008,1008,6000,32,5,relu,sgd,0.03,He,6,0.48080587932041713,0.8523809523809524,0.8702413638432821,0.7155555555555555,0.8275974210103353,0.7555555555555555
hard,8,200008,1008,6000,32,5,relu,sgd,0.03,He,7,0.4181468672979446,0.8728571428571429,0.8773950237698025,0.7233333333333334,0.8175533617867364,0.7544444444444445
hard,8,200008,1008,6000,32,5,relu,sgd,0.03,He,8,0.34994734991164433,0.895952380952381,0.8898077196545071,0.7366666666666667,0.8416715992821587,0.7511111111111111
hard,8,200008,1008,6000,32,5,relu,sgd,0.03,He,9,0.33902540479387555,0.8978571428571429,0.9452560244666206,0.7188888888888889,0.8822608449723985,0.7422222222222222
hard,8,200008,1008,6000,32,5,relu,sgd,0.03,He,10,0.2710596752166748,0.9223809523809524,0.9302515623304579,0.7366666666666667,0.8746265835232205,0.7611111111111111
hard,8,200008,1008,6000,32,5,relu,sgd,0.03,He,11,0.23352921940031507,0.9342857142857143,0.9702256022559272,0.7411111111111112,0.9300871562957763,0.75
hard,8,200008,1008,6000,32,5,relu,sgd,0.03,He,12,0.2477255507877895,0.9264285714285714,1.0284977393680148,0.7166666666666667,0.9831428633795845,0.7188888888888889
hard,8,200008,1008,6000,32,5,relu,sgd,0.03,He,13,0.1580369234085083,0.9614285714285714,1.0307651768790351,0.7488888888888889,0.9747270276811388,0.76
hard,8,200008,1008,6000,32,5,relu,sgd,0.03,He,14,0.12708877722422282,0.9714285714285714,1.0984742938147651,0.7211111111111111,1.0660319879319933,0.7488888888888889
hard,8,200008,1008,6000,32,5,relu,sgd,0.03,He,15,0.11879068851470947,0.9702380952380952,1.1870615821414523,0.7122222222222222,1.144999328189426,0.7333333333333333
hard,8,200008,1008,6000,32,5,relu,sgd,0.03,He,16,0.08352263337089902,0.9826190476190476,1.2459122032589383,0.7211111111111111,1.1480159494611952,0.7411111111111112
hard,8,200008,1008,6000,32,5,relu,sgd,0.03,He,17,0.06272293772016253,0.9909523809523809,1.2615854114956326,0.7322222222222222,1.2226967196994358,0.7333333333333333
hard,8,200008,1008,6000,32,5,relu,sgd,0.03,He,18,0.060952980404808406,0.9880952380952381,1.3629708353678385,0.7177777777777777,1.2990548706054688,0.7388888888888889
hard,8,200008,1008,6000,32,5,relu,sgd,0.03,He,19,0.04490405411947341,0.9942857142857143,1.4149669541252985,0.7266666666666667,1.3511513010660807,0.7388888888888889
hard,8,200008,1008,6000,32,5,relu,sgd,0.03,He,20,0.02979452865464347,0.9985714285714286,1.4396985700395373,0.7322222222222222,1.3868126508924696,0.7333333333333333
hard,8,200008,1008,6000,32,5,relu,sgd,0.03,Xavier,0,1.9367960502987815,0.19785714285714287,1.9013596683078342,0.2111111111111111,1.922843713760376,0.22111111111111112
hard,8,200008,1008,6000,32,5,relu,sgd,0.03,Xavier,1,1.2397345951625278,0.5342857142857143,1.2716047732035318,0.51,1.2636716153886582,0.5222222222222223
hard,8,200008,1008,6000,32,5,relu,sgd,0.03,Xavier,2,0.8918888273693266,0.6971428571428572,0.9861114067501492,0.6288888888888889,0.9748617137802972,0.6488888888888888
hard,8,200008,1008,6000,32,5,relu,sgd,0.03,Xavier,3,0.676386246454148,0.7978571428571428,0.8461858426200018,0.7122222222222222,0.8455757125218709,0.7266666666666667
hard,8,200008,1008,6000,32,5,relu,sgd,0.03,Xavier,4,0.5611539631798154,0.8352380952380952,0.7971227714750502,0.7322222222222222,0.7992661807272169,0.7388888888888889
hard,8,200008,1008,6000,32,5,relu,sgd,0.03,Xavier,5,0.4749102828616188,0.865,0.7711950132581923,0.7655555555555555,0.7990726115968493,0.7511111111111111
hard,8,200008,1008,6000,32,5,relu,sgd,0.03,Xavier,6,0.4280782563345773,0.8726190476190476,0.7972624837027655,0.7422222222222222,0.8149289549721612,0.7611111111111111
hard,8,200008,1008,6000,32,5,relu,sgd,0.03,Xavier,7,0.35518068313598633,0.8995238095238095,0.7929750410715739,0.7633333333333333,0.799441024992201,0.7622222222222222
hard,8,200008,1008,6000,32,5,relu,sgd,0.03,Xavier,8,0.31106522333054315,0.9126190476190477,0.8095260938008626,0.7655555555555555,0.8197984684838189,0.7622222222222222
hard,8,200008,1008,6000,32,5,relu,sgd,0.03,Xavier,9,0.2802413817814418,0.9211904761904762,0.8737983391020033,0.7422222222222222,0.864275901582506,0.76
hard,8,200008,1008,6000,32,5,relu,sgd,0.03,Xavier,10,0.22997354416620164,0.9352380952380952,0.860941653251648,0.7755555555555556,0.8705715221828885,0.7688888888888888
hard,8,200008,1008,6000,32,5,relu,sgd,0.03,Xavier,11,0.1928246797834124,0.9485714285714286,0.9272284481260512,0.7677777777777778,0.9407170475853814,0.7811111111111111
hard,8,200008,1008,6000,32,5,relu,sgd,0.03,Xavier,12,0.18905273165021624,0.9464285714285714,0.9610655307769775,0.7422222222222222,0.919522933959961,0.7655555555555555
hard,8,200008,1008,6000,32,5,relu,sgd,0.03,Xavier,13,0.15610441889081683,0.9561904761904761,1.0077476851145426,0.7544444444444445,0.9884497833251953,0.7544444444444445
hard,8,200008,1008,6000,32,5,relu,sgd,0.03,Xavier,14,0.11816502820877801,0.9728571428571429,1.0525777848561604,0.7433333333333333,1.0333159255981446,0.7677777777777778
hard,8,200008,1008,6000,32,5,relu,sgd,0.03,Xavier,15,0.088170675663721,0.9840476190476191,1.0664399920569525,0.7611111111111111,1.0897657118903266,0.7644444444444445
hard,8,200008,1008,6000,32,5,relu,sgd,0.03,Xavier,16,0.06894798653466361,0.9880952380952381,1.1487137264675564,0.7566666666666667,1.1421457205878365,0.7622222222222222
hard,8,200008,1008,6000,32,5,relu,sgd,0.03,Xavier,17,0.06119045927411034,0.9909523809523809,1.1931950865851508,0.7566666666666667,1.2181936603122288,0.7744444444444445
hard,8,200008,1008,6000,32,5,relu,sgd,0.03,Xavier,18,0.053990219888233,0.9895238095238095,1.3028862232632108,0.7466666666666667,1.28069124645657,0.7488888888888889
hard,8,200008,1008,6000,32,5,relu,sgd,0.03,Xavier,19,0.042605143217813404,0.9947619047619047,1.3234012836880154,0.7455555555555555,1.3284092670016818,0.7566666666666667
hard,8,200008,1008,6000,32,5,relu,sgd,0.03,Xavier,20,0.029602672429311843,0.9978571428571429,1.342244373957316,0.7488888888888889,1.3817999606662326,0.7555555555555555
hard,8,200008,1008,6000,32,5,relu,sgd,0.03,Orthogonal,0,1.671372836884998,0.20714285714285716,1.6647884400685629,0.22111111111111112,1.6616156673431397,0.21777777777777776
hard,8,200008,1008,6000,32,5,relu,sgd,0.03,Orthogonal,1,1.2191510046096075,0.549047619047619,1.2467682149675157,0.5344444444444445,1.2352561728159586,0.5544444444444444
hard,8,200008,1008,6000,32,5,relu,sgd,0.03,Orthogonal,2,0.8410334432692755,0.7211904761904762,0.9282503684361776,0.6666666666666666,0.9315362575319078,0.6877777777777778
hard,8,200008,1008,6000,32,5,relu,sgd,0.03,Orthogonal,3,0.6292500750223795,0.8183333333333334,0.803181087176005,0.75,0.7924226225747002,0.7455555555555555
hard,8,200008,1008,6000,32,5,relu,sgd,0.03,Orthogonal,4,0.5120199130830311,0.8571428571428571,0.7466877253850301,0.7611111111111111,0.7422545658217536,0.7866666666666666
hard,8,200008,1008,6000,32,5,relu,sgd,0.03,Orthogonal,5,0.4489634132385254,0.8761904761904762,0.7578993686040243,0.7688888888888888,0.7629807721243964,0.7844444444444445
hard,8,200008,1008,6000,32,5,relu,sgd,0.03,Orthogonal,6,0.3856038297925677,0.8938095238095238,0.7663075436486139,0.7722222222222223,0.7450482734044392,0.7866666666666666
hard,8,200008,1008,6000,32,5,relu,sgd,0.03,Orthogonal,7,0.3373586232321603,0.9107142857142857,0.7892308055029975,0.7644444444444445,0.7780516613854302,0.7877777777777778
hard,8,200008,1008,6000,32,5,relu,sgd,0.03,Orthogonal,8,0.2883699217296782,0.9214285714285714,0.8137634023030599,0.7744444444444445,0.787607803079817,0.79
hard,8,200008,1008,6000,32,5,relu,sgd,0.03,Orthogonal,9,0.2682301884605771,0.9235714285714286,0.877316026157803,0.7633333333333333,0.8529809432559543,0.7866666666666666
hard,8,200008,1008,6000,32,5,relu,sgd,0.03,Orthogonal,10,0.21848326546805247,0.9376190476190476,0.8887048562367758,0.7666666666666667,0.8715848016738892,0.7766666666666666
hard,8,200008,1008,6000,32,5,relu,sgd,0.03,Orthogonal,11,0.2034899752480643,0.9411904761904762,0.9410239664713541,0.7588888888888888,0.952651408513387,0.7755555555555556
hard,8,200008,1008,6000,32,5,relu,sgd,0.03,Orthogonal,12,0.22063405672709147,0.9252380952380952,0.9875359185536703,0.7455555555555555,0.980196336110433,0.7588888888888888
hard,8,200008,1008,6000,32,5,relu,sgd,0.03,Orthogonal,13,0.16483052594321115,0.950952380952381,1.0175328763326008,0.7633333333333333,1.020666266547309,0.7711111111111111
hard,8,200008,1008,6000,32,5,relu,sgd,0.03,Orthogonal,14,0.1189633051554362,0.9709523809523809,1.0624537150065103,0.7422222222222222,1.054567699962192,0.7755555555555556
hard,8,200008,1008,6000,32,5,relu,sgd,0.03,Orthogonal,15,0.09933525823411488,0.9757142857142858,1.107697639465332,0.7588888888888888,1.0789990790685018,0.7588888888888888
hard,8,200008,1008,6000,32,5,relu,sgd,0.03,Orthogonal,16,0.09096818015688941,0.9778571428571429,1.1530417601267497,0.7666666666666667,1.1679281478457981,0.7688888888888888
hard,8,200008,1008,6000,32,5,relu,sgd,0.03,Orthogonal,17,0.06639729204631988,0.9854761904761905,1.1552592383490667,0.7688888888888888,1.1669031074311997,0.7744444444444445
hard,8,200008,1008,6000,32,5,relu,sgd,0.03,Orthogonal,18,0.04738896801358178,0.9914285714285714,1.2881735059950086,0.7611111111111111,1.2849104415045844,0.7877777777777778
hard,8,200008,1008,6000,32,5,relu,sgd,0.03,Orthogonal,19,0.03791064313479832,0.9961904761904762,1.3165311813354492,0.7588888888888888,1.3379602241516113,0.7688888888888888
hard,8,200008,1008,6000,32,5,relu,sgd,0.03,Orthogonal,20,0.031021769217082433,0.9964285714285714,1.3551737636990018,0.7711111111111111,1.323565124935574,0.7744444444444445
hard,9,200009,1009,6000,32,5,relu,sgd,0.03,ECED,0,1.6946732984270367,0.21928571428571428,1.7025377040439182,0.20222222222222222,1.6966045602162678,0.2222222222222222
hard,9,200009,1009,6000,32,5,relu,sgd,0.03,ECED,1,1.3473570324125743,0.46595238095238095,1.3773828808466593,0.44555555555555554,1.3582941341400145,0.45
hard,9,200009,1009,6000,32,5,relu,sgd,0.03,ECED,2,1.017948731921968,0.6416666666666667,1.060674523247613,0.6011111111111112,1.062351909743415,0.6222222222222222
hard,9,200009,1009,6000,32,5,relu,sgd,0.03,ECED,3,0.7871366482689267,0.7438095238095238,0.864927860101064,0.7044444444444444,0.8839555785391066,0.7
hard,9,200009,1009,6000,32,5,relu,sgd,0.03,ECED,4,0.6496860921950567,0.8019047619047619,0.7939884928862254,0.7455555555555555,0.8087318290604485,0.7511111111111111
hard,9,200009,1009,6000,32,5,relu,sgd,0.03,ECED,5,0.5494697543552943,0.8442857142857143,0.7532108804914687,0.7677777777777778,0.7623817618687948,0.7766666666666666
hard,9,200009,1009,6000,32,5,relu,sgd,0.03,ECED,6,0.4761511602855864,0.8695238095238095,0.7458801194032033,0.7866666666666666,0.7718388218349881,0.7744444444444445
hard,9,200009,1009,6000,32,5,relu,sgd,0.03,ECED,7,0.4320982406252906,0.8795238095238095,0.7279285193151898,0.7988888888888889,0.7383767557144165,0.7777777777777778
hard,9,200009,1009,6000,32,5,relu,sgd,0.03,ECED,8,0.3755084537324451,0.8973809523809524,0.7346649373902215,0.8011111111111111,0.7507978452576531,0.7944444444444444
hard,9,200009,1009,6000,32,5,relu,sgd,0.03,ECED,9,0.3510458215077718,0.9011904761904762,0.7885894658168157,0.7811111111111111,0.7710583342446221,0.7855555555555556
hard,9,200009,1009,6000,32,5,relu,sgd,0.03,ECED,10,0.30698536509559265,0.9157142857142857,0.7760436875621478,0.7955555555555556,0.7882991743087768,0.7888888888888889
hard,9,200009,1009,6000,32,5,relu,sgd,0.03,ECED,11,0.26512238048371817,0.9261904761904762,0.7769838228490618,0.8022222222222222,0.8289532174004449,0.7844444444444445
hard,9,200009,1009,6000,32,5,relu,sgd,0.03,ECED,12,0.24927000636146182,0.9276190476190476,0.8453603085544374,0.7866666666666666,0.8742602120505439,0.7888888888888889
hard,9,200009,1009,6000,32,5,relu,sgd,0.03,ECED,13,0.2297401596250988,0.9361904761904762,0.930374798907174,0.7766666666666666,0.9413399322827657,0.7788888888888889
hard,9,200009,1009,6000,32,5,relu,sgd,0.03,ECED,14,0.17965181509653727,0.9552380952380952,0.9334430886639489,0.7766666666666666,0.972458168665568,0.7666666666666667
hard,9,200009,1009,6000,32,5,relu,sgd,0.03,ECED,15,0.18218945821126303,0.9461904761904761,0.9808661833736632,0.7644444444444445,0.989475138982137,0.7544444444444445
hard,9,200009,1009,6000,32,5,relu,sgd,0.03,ECED,16,0.13782932622092112,0.9619047619047619,1.0393702265951368,0.7711111111111111,1.0437922641966078,0.7733333333333333
hard,9,200009,1009,6000,32,5,relu,sgd,0.03,ECED,17,0.14129765079134987,0.9578571428571429,1.1597406372759078,0.7555555555555555,1.1169842471016778,0.7633333333333333
hard,9,200009,1009,6000,32,5,relu,sgd,0.03,ECED,18,0.10603204136803036,0.9726190476190476,1.1596305293507045,0.7577777777777778,1.1684043158425226,0.7733333333333333
hard,9,200009,1009,6000,32,5,relu,sgd,0.03,ECED,19,0.07541606993902297,0.9833333333333333,1.1862087965011596,0.7622222222222222,1.2247391335169475,0.7511111111111111
hard,9,200009,1009,6000,32,5,relu,sgd,0.03,ECED,20,0.10138300872984386,0.9714285714285714,1.2407910060882568,0.7566666666666667,1.258528980149163,0.7488888888888889
hard,9,200009,1009,6000,32,5,relu,sgd,0.03,He,0,2.8650283813476562,0.21928571428571428,2.9168404409620496,0.20222222222222222,2.8652935398949517,0.2222222222222222
hard,9,200009,1009,6000,32,5,relu,sgd,0.03,He,1,1.320974117460705,0.45714285714285713,1.3581740050845676,0.4577777777777778,1.3359905497233073,0.46111111111111114
hard,9,200009,1009,6000,32,5,relu,sgd,0.03,He,2,1.0274264471871513,0.6240476190476191,1.0877729574839274,0.5811111111111111,1.0916353220409818,0.5944444444444444
hard,9,200009,1009,6000,32,5,relu,sgd,0.03,He,3,0.805792952037993,0.7342857142857143,0.9184759632746379,0.6711111111111111,0.9301203706529405,0.6644444444444444
hard,9,200009,1009,6000,32,5,relu,sgd,0.03,He,4,0.6906791269211542,0.7752380952380953,0.8630063107278612,0.7,0.8631259836090935,0.7155555555555555
hard,9,200009,1009,6000,32,5,relu,sgd,0.03,He,5,0.5638134883698963,0.8316666666666667,0.8096845498349932,0.7355555555555555,0.8067347464296553,0.74
hard,9,200009,1009,6000,32,5,relu,sgd,0.03,He,6,0.49692853382655555,0.8504761904761905,0.8147739087210761,0.7522222222222222,0.8144481194019317,0.7577777777777778
hard,9,200009,1009,6000,32,5,relu,sgd,0.03,He,7,0.44554695401872907,0.8697619047619047,0.80939499007331,0.7577777777777778,0.8219509540663825,0.7577777777777778
hard,9,200009,1009,6000,32,5,relu,sgd,0.03,He,8,0.3836506598336356,0.8954761904761904,0.8176886834700903,0.7555555555555555,0.8125763048066034,0.76
hard,9,200009,1009,6000,32,5,relu,sgd,0.03,He,9,0.33159535362606957,0.9102380952380953,0.8394552171230316,0.7611111111111111,0.8220709742440118,0.77
hard,9,200009,1009,6000,32,5,relu,sgd,0.03,He,10,0.2968377799079532,0.9185714285714286,0.8755339622497559,0.7555555555555555,0.8590103350745307,0.7655555555555555
hard,9,200009,1009,6000,32,5,relu,sgd,0.03,He,11,0.2614850303104946,0.9283333333333333,0.9182613884078131,0.7466666666666667,0.9298909404542711,0.7444444444444445
hard,9,200009,1009,6000,32,5,relu,sgd,0.03,He,12,0.23545144898550852,0.9328571428571428,0.958173345790969,0.7355555555555555,0.9314728946155972,0.7577777777777778
hard,9,200009,1009,6000,32,5,relu,sgd,0.03,He,13,0.20432753699166434,0.9447619047619048,1.0392079416910807,0.7422222222222222,0.990276210837894,0.7377777777777778
hard,9,200009,1009,6000,32,5,relu,sgd,0.03,He,14,0.17901455674852643,0.9511904761904761,1.0427277506722343,0.7377777777777778,1.0196654568778143,0.7433333333333333
hard,9,200009,1009,6000,32,5,relu,sgd,0.03,He,15,0.1379240526471819,0.9683333333333334,1.0874726744492849,0.75,1.0679955699708727,0.7444444444444445
hard,9,200009,1009,6000,32,5,relu,sgd,0.03,He,16,0.11536425545102073,0.9716666666666667,1.148047219713529,0.7522222222222222,1.120532422065735,0.7444444444444445
hard,9,200009,1009,6000,32,5,relu,sgd,0.03,He,17,0.09860385599590483,0.9776190476190476,1.2370495467715794,0.7488888888888889,1.219752271440294,0.74
hard,9,200009,1009,6000,32,5,relu,sgd,0.03,He,18,0.06928727195376441,0.9888095238095238,1.2364918253156874,0.7522222222222222,1.2598020479414198,0.7344444444444445
hard,9,200009,1009,6000,32,5,relu,sgd,0.03,He,19,0.06909338587806338,0.9873809523809524,1.3511190207799275,0.7377777777777778,1.336233705414666,0.7388888888888889
hard,9,200009,1009,6000,32,5,relu,sgd,0.03,He,20,0.05199165650776454,0.9914285714285714,1.3880994021892548,0.7488888888888889,1.3708970504336886,0.7333333333333333
hard,9,200009,1009,6000,32,5,relu,sgd,0.03,Xavier,0,2.5636197044735862,0.21928571428571428,2.6056849649217395,0.20222222222222222,2.5644987191094293,0.2222222222222222
hard,9,200009,1009,6000,32,5,relu,sgd,0.03,Xavier,1,1.2596203358968099,0.5233333333333333,1.3060870334837171,0.4888888888888889,1.2859878857930502,0.5
hard,9,200009,1009,6000,32,5,relu,sgd,0.03,Xavier,2,0.9249126961117698,0.6814285714285714,1.0060089259677463,0.6266666666666667,0.9997959648238288,0.6411111111111111
hard,9,200009,1009,6000,32,5,relu,sgd,0.03,Xavier,3,0.715285895211356,0.7723809523809524,0.8409152415063647,0.7255555555555555,0.8803017944759792,0.7022222222222222
hard,9,200009,1009,6000,32,5,relu,sgd,0.03,Xavier,4,0.596697822752453,0.8192857142857143,0.7996433324284024,0.7477777777777778,0.8277764452828301,0.7311111111111112
hard,9,200009,1009,6000,32,5,relu,sgd,0.03,Xavier,5,0.4891837910243443,0.8633333333333333,0.7579572533236609,0.7788888888888889,0.7915173774295383,0.7522222222222222
hard,9,200009,1009,6000,32,5,relu,sgd,0.03,Xavier,6,0.4274946049281529,0.8773809523809524,0.7840645607312521,0.7744444444444445,0.8155156535572475,0.76
hard,9,200009,1009,6000,32,5,relu,sgd,0.03,Xavier,7,0.3849286215645926,0.8876190476190476,0.7832258452309503,0.7866666666666666,0.8246240237024095,0.7722222222222223
hard,9,200009,1009,6000,32,5,relu,sgd,0.03,Xavier,8,0.3135340213775635,0.9180952380952381,0.8034027104907565,0.7811111111111111,0.8322422991858588,0.7644444444444445
hard,9,200009,1009,6000,32,5,relu,sgd,0.03,Xavier,9,0.27337905747549873,0.9271428571428572,0.8353981688949796,0.7777777777777778,0.8433743937810262,0.7722222222222223
hard,9,200009,1009,6000,32,5,relu,sgd,0.03,Xavier,10,0.23060074442908876,0.9416666666666667,0.8468007160557641,0.7866666666666666,0.8781699270672269,0.7611111111111111
hard,9,200009,1009,6000,32,5,relu,sgd,0.03,Xavier,11,0.21341382934933617,0.9461904761904761,0.8833097607559628,0.7677777777777778,0.9716878668467204,0.7288888888888889
hard,9,200009,1009,6000,32,5,relu,sgd,0.03,Xavier,12,0.17228119350615,0.955952380952381,0.9448317274120119,0.7711111111111111,0.9997763919830323,0.7433333333333333
hard,9,200009,1009,6000,32,5,relu,sgd,0.03,Xavier,13,0.15050512926919118,0.9619047619047619,1.0249379995134142,0.7622222222222222,1.0449264976713393,0.7533333333333333
hard,9,200009,1009,6000,32,5,relu,sgd,0.03,Xavier,14,0.12467636358170282,0.9719047619047619,1.0815559916363822,0.7611111111111111,1.1185561519198948,0.7366666666666667
hard,9,200009,1009,6000,32,5,relu,sgd,0.03,Xavier,15,0.10866748718988328,0.9754761904761905,1.140093252129025,0.7577777777777778,1.1565076933966743,0.7388888888888889
hard,9,200009,1009,6000,32,5,relu,sgd,0.03,Xavier,16,0.08654982180822464,0.9797619047619047,1.1960412000616392,0.7655555555555555,1.208339982562595,0.7511111111111111
hard,9,200009,1009,6000,32,5,relu,sgd,0.03,Xavier,17,0.07695339327766781,0.9838095238095238,1.2428461957640118,0.7677777777777778,1.239658972422282,0.7477777777777778
hard,9,200009,1009,6000,32,5,relu,sgd,0.03,Xavier,18,0.06139853500184559,0.9890476190476191,1.2917376783159045,0.7466666666666667,1.3266948943667942,0.7422222222222222
hard,9,200009,1009,6000,32,5,relu,sgd,0.03,Xavier,19,0.05023461699485779,0.9911904761904762,1.3043758804268306,0.7544444444444445,1.3821388922797309,0.7322222222222222
hard,9,200009,1009,6000,32,5,relu,sgd,0.03,Xavier,20,0.04436399618784587,0.9923809523809524,1.3740691022078195,0.7622222222222222,1.420642817815145,0.7377777777777778
hard,9,200009,1009,6000,32,5,relu,sgd,0.03,Orthogonal,0,1.952378867013114,0.22952380952380952,1.9513155841827392,0.2088888888888889,1.948054281870524,0.2222222222222222
hard,9,200009,1009,6000,32,5,relu,sgd,0.03,Orthogonal,1,1.2485628182547432,0.5328571428571428,1.2977683300442167,0.4822222222222222,1.2652812136544123,0.5255555555555556
hard,9,200009,1009,6000,32,5,relu,sgd,0.03,Orthogonal,2,0.877383531842913,0.7069047619047619,0.9651205870840285,0.6722222222222223,0.9345668143696255,0.6777777777777778
hard,9,200009,1009,6000,32,5,relu,sgd,0.03,Orthogonal,3,0.6632965324038551,0.8016666666666666,0.7966860185729133,0.7422222222222222,0.7823793776830037,0.75
hard,9,200009,1009,6000,32,5,relu,sgd,0.03,Orthogonal,4,0.5614724767775763,0.8347619047619048,0.7853622602091895,0.7511111111111111,0.7616609546873304,0.7766666666666666
hard,9,200009,1009,6000,32,5,relu,sgd,0.03,Orthogonal,5,0.47387364887055894,0.8676190476190476,0.7411159327957365,0.7855555555555556,0.7259039089414808,0.7966666666666666
hard,9,200009,1009,6000,32,5,relu,sgd,0.03,Orthogonal,6,0.41304684956868487,0.8852380952380953,0.780338884194692,0.78,0.7557044416003758,0.7888888888888889
hard,9,200009,1009,6000,32,5,relu,sgd,0.03,Orthogonal,7,0.3558455149332682,0.9033333333333333,0.7558078428109487,0.7977777777777778,0.7300180906719632,0.8055555555555556
hard,9,200009,1009,6000,32,5,relu,sgd,0.03,Orthogonal,8,0.304184634799049,0.914047619047619,0.7648167794280581,0.7944444444444444,0.7417267402013142,0.81
hard,9,200009,1009,6000,32,5,relu,sgd,0.03,Orthogonal,9,0.28577058428809754,0.9188095238095239,0.8199212114347352,0.7866666666666666,0.7765286058849759,0.8033333333333333
hard,9,200009,1009,6000,32,5,relu,sgd,0.03,Orthogonal,10,0.2466901938120524,0.9283333333333333,0.8223217051890161,0.7933333333333333,0.8135098218917847,0.8033333333333333
hard,9,200009,1009,6000,32,5,relu,sgd,0.03,Orthogonal,11,0.23266629355294363,0.9278571428571428,0.8266271430916257,0.7855555555555556,0.8413608800040351,0.7888888888888889
hard,9,200009,1009,6000,32,5,relu,sgd,0.03,Orthogonal,12,0.22004838761829196,0.9307142857142857,0.8962028234700362,0.77,0.9006414108806187,0.7966666666666666
hard,9,200009,1009,6000,32,5,relu,sgd,0.03,Orthogonal,13,0.17857657591501871,0.9473809523809524,0.9485574206047588,0.7711111111111111,0.9548654619852702,0.7888888888888889
hard,9,200009,1009,6000,32,5,relu,sgd,0.03,Orthogonal,14,0.12638213316599528,0.97,0.972371463212702,0.7644444444444445,0.951326937145657,0.7911111111111111
hard,9,200009,1009,6000,32,5,relu,sgd,0.03,Orthogonal,15,0.10698823065984817,0.9759523809523809,1.017494027449025,0.7566666666666667,1.0076638825734456,0.7744444444444445
hard,9,200009,1009,6000,32,5,relu,sgd,0.03,Orthogonal,16,0.10450510649454026,0.9757142857142858,1.0754017089969583,0.7688888888888888,1.0907420253753661,0.7777777777777778
hard,9,200009,1009,6000,32,5,relu,sgd,0.03,Orthogonal,17,0.07082960878099714,0.9871428571428571,1.1364924950732125,0.7588888888888888,1.1125370894538031,0.7811111111111111
hard,9,200009,1009,6000,32,5,relu,sgd,0.03,Orthogonal,18,0.06816940080551874,0.9876190476190476,1.158990608950456,0.7677777777777778,1.1572495153215197,0.7766666666666666
hard,9,200009,1009,6000,32,5,relu,sgd,0.03,Orthogonal,19,0.04975237596602667,0.9928571428571429,1.1994314799747534,0.7633333333333333,1.2075008042653401,0.7744444444444445
hard,9,200009,1009,6000,32,5,relu,sgd,0.03,Orthogonal,20,0.053363566795984904,0.9885714285714285,1.2309230010790957,0.77,1.2731774881150988,0.78
