regime,seed,data_seed,model_seed,n_samples,n_features,n_classes,activation,optimizer,learning_rate,method,epoch,train_loss,train_accuracy,val_loss,val_accuracy,test_loss,test_accuracy
medium,0,100000,1000,6000,32,5,relu,sgd,0.03,RLCI,0,1.6308375476655506,0.1626190476190476,1.635405486424764,0.1488888888888888,1.6301036092970107,0.1633333333333333
medium,0,100000,1000,6000,32,5,relu,sgd,0.03,RLCI,1,0.6530205445062547,0.8285714285714286,0.6616916743914286,0.8211111111111111,0.6782364988327027,0.81
medium,0,100000,1000,6000,32,5,relu,sgd,0.03,RLCI,2,0.3764700317382812,0.9,0.4072965346442329,0.8877777777777778,0.4615200397703383,0.8711111111111111
medium,0,100000,1000,6000,32,5,relu,sgd,0.03,RLCI,3,0.3430974251883371,0.9116666666666666,0.382795795864529,0.8922222222222222,0.4451334873835246,0.8777777777777778
medium,0,100000,1000,6000,32,5,relu,sgd,0.03,RLCI,4,0.3101966835203625,0.9226190476190476,0.3709206387731764,0.9,0.4275658321380615,0.89
medium,0,100000,1000,6000,32,5,relu,sgd,0.03,RLCI,5,0.2833211213066464,0.933095238095238,0.3672702196571562,0.9077777777777778,0.4218232920434739,0.8933333333333333
medium,0,100000,1000,6000,32,5,relu,sgd,0.03,RLCI,6,0.2600987700053623,0.9378571428571428,0.3583343027697669,0.9033333333333332,0.4136962774064806,0.8955555555555555
medium,0,100000,1000,6000,32,5,relu,sgd,0.03,RLCI,7,0.2413966433207194,0.9471428571428572,0.3558335770501031,0.9044444444444444,0.4145964458253648,0.9055555555555556
medium,0,100000,1000,6000,32,5,relu,sgd,0.03,RLCI,8,0.224664755094619,0.9514285714285714,0.3620033197270499,0.9033333333333332,0.4258725849787394,0.8888888888888888
medium,0,100000,1000,6000,32,5,relu,sgd,0.03,RLCI,9,0.2060996309916178,0.9564285714285714,0.3586320312817891,0.9011111111111112,0.4140748612085978,0.9
medium,0,100000,1000,6000,32,5,relu,sgd,0.03,RLCI,10,0.1911776890073503,0.9602380952380952,0.3598217311170366,0.9011111111111112,0.4268961893187629,0.8933333333333333
medium,0,100000,1000,6000,32,5,relu,sgd,0.03,RLCI,11,0.185231347538176,0.9592857142857144,0.372735940085517,0.9033333333333332,0.4376785845226711,0.8944444444444445
medium,0,100000,1000,6000,32,5,relu,sgd,0.03,RLCI,12,0.1662336660566784,0.965952380952381,0.3719369325372907,0.9011111111111112,0.4291941081153022,0.8966666666666666
medium,0,100000,1000,6000,32,5,relu,sgd,0.03,RLCI,13,0.154152895836603,0.9697619047619048,0.3802379539277818,0.9,0.462704283396403,0.8833333333333333
medium,0,100000,1000,6000,32,5,relu,sgd,0.03,RLCI,14,0.1433677541641962,0.9695238095238096,0.3867593035433027,0.8955555555555555,0.4547712508837382,0.8855555555555555
medium,0,100000,1000,6000,32,5,relu,sgd,0.03,RLCI,15,0.1241572632108415,0.9757142857142858,0.3895835121472676,0.8988888888888888,0.4716541857189602,0.8866666666666667
medium,0,100000,1000,6000,32,5,relu,sgd,0.03,RLCI,16,0.1125326917285011,0.9764285714285714,0.4100723297066159,0.8933333333333333,0.4767554614279005,0.8922222222222222
medium,0,100000,1000,6000,32,5,relu,sgd,0.03,RLCI,17,0.1038887744858151,0.979047619047619,0.4015066914425956,0.9,0.4783174949222141,0.8855555555555555
medium,0,100000,1000,6000,32,5,relu,sgd,0.03,RLCI,18,0.0959257138343084,0.9816666666666668,0.4374778168731265,0.8922222222222222,0.4979796091715495,0.8822222222222222
medium,0,100000,1000,6000,32,5,relu,sgd,0.03,RLCI,19,0.0804504969574156,0.9852380952380952,0.4256551387574938,0.8944444444444445,0.5154224157333374,0.88
medium,0,100000,1000,6000,32,5,relu,sgd,0.03,RLCI,20,0.0754761220727648,0.9842857142857144,0.4704549094041189,0.8944444444444445,0.5350017356872558,0.8766666666666667
medium,0,100000,1000,6000,32,5,relu,sgd,0.03,He,0,2.0608871023995534,0.1626190476190476,2.0992424721188017,0.1488888888888888,2.0465383932325576,0.1633333333333333
medium,0,100000,1000,6000,32,5,relu,sgd,0.03,He,1,0.4449260984148298,0.8716666666666667,0.4664688846800062,0.8588888888888889,0.5320990795559354,0.8444444444444444
medium,0,100000,1000,6000,32,5,relu,sgd,0.03,He,2,0.3477988901592436,0.9107142857142856,0.4189857761065165,0.8833333333333333,0.4686089460055033,0.8711111111111111
medium,0,100000,1000,6000,32,5,relu,sgd,0.03,He,3,0.325538706098284,0.911904761904762,0.4042903253104952,0.8888888888888888,0.4817138968573676,0.8666666666666667
medium,0,100000,1000,6000,32,5,relu,sgd,0.03,He,4,0.2812167535509381,0.930952380952381,0.3887083681424458,0.8955555555555555,0.4579295603434244,0.8855555555555555
medium,0,100000,1000,6000,32,5,relu,sgd,0.03,He,5,0.2573423412867955,0.940952380952381,0.3968049218919542,0.8933333333333333,0.46227437098821,0.8744444444444445
medium,0,100000,1000,6000,32,5,relu,sgd,0.03,He,6,0.2309335940224783,0.946904761904762,0.3848361376921336,0.8955555555555555,0.4608266909917196,0.89
medium,0,100000,1000,6000,32,5,relu,sgd,0.03,He,7,0.2135729683013189,0.951190476190476,0.390473560889562,0.8988888888888888,0.4674473004870944,0.8911111111111111
medium,0,100000,1000,6000,32,5,relu,sgd,0.03,He,8,0.1934836880366007,0.9576190476190476,0.3922328790691163,0.8966666666666666,0.4742804500791762,0.88
medium,0,100000,1000,6000,32,5,relu,sgd,0.03,He,9,0.1720796087809971,0.9614285714285714,0.4015673757923974,0.8944444444444445,0.4697950988345676,0.88
medium,0,100000,1000,6000,32,5,relu,sgd,0.03,He,10,0.1538012778191339,0.965952380952381,0.4008788021405537,0.8955555555555555,0.4815137232674493,0.8788888888888889
medium,0,100000,1000,6000,32,5,relu,sgd,0.03,He,11,0.1465165145056588,0.9666666666666668,0.4156769043869442,0.8966666666666666,0.498727486928304,0.8811111111111111
medium,0,100000,1000,6000,32,5,relu,sgd,0.03,He,12,0.1255310668264116,0.9721428571428572,0.4179849670992957,0.8933333333333333,0.4990338908301459,0.88
medium,0,100000,1000,6000,32,5,relu,sgd,0.03,He,13,0.1155028376125154,0.9754761904761904,0.4252860950099097,0.8977777777777778,0.5377071905136108,0.87
medium,0,100000,1000,6000,32,5,relu,sgd,0.03,He,14,0.1021494254611787,0.9778571428571428,0.4443134125073751,0.8877777777777778,0.5285703961054484,0.88
medium,0,100000,1000,6000,32,5,relu,sgd,0.03,He,15,0.0844762350264049,0.9833333333333332,0.4518353348970413,0.8888888888888888,0.5426431359185113,0.8766666666666667
medium,0,100000,1000,6000,32,5,relu,sgd,0.03,He,16,0.0739223551750183,0.9840476190476192,0.4696451591120826,0.8877777777777778,0.5535896052254571,0.88
medium,0,100000,1000,6000,32,5,relu,sgd,0.03,He,17,0.0650017045793079,0.9873809523809524,0.4778572255373001,0.89,0.5798720682991876,0.8766666666666667
medium,0,100000,1000,6000,32,5,relu,sgd,0.03,He,18,0.0598715058962504,0.9897619047619048,0.5044254944059584,0.8822222222222222,0.5976260916392009,0.8733333333333333
medium,0,100000,1000,6000,32,5,relu,sgd,0.03,He,19,0.0472567202363695,0.9911904761904762,0.5144002457459768,0.8911111111111111,0.6334652190738254,0.87
medium,0,100000,1000,6000,32,5,relu,sgd,0.03,He,20,0.0466658927145458,0.991904761904762,0.5321064813931783,0.8888888888888888,0.6507049338022868,0.8655555555555555
medium,0,100000,1000,6000,32,5,relu,sgd,0.03,Xavier,0,1.9519480968656997,0.1626190476190476,1.983975315623813,0.1488888888888888,1.9407494195302328,0.1633333333333333
medium,0,100000,1000,6000,32,5,relu,sgd,0.03,Xavier,1,0.4471157895951044,0.8733333333333333,0.4618104518784417,0.8711111111111111,0.5233186557557847,0.8411111111111111
medium,0,100000,1000,6000,32,5,relu,sgd,0.03,Xavier,2,0.3333623114086332,0.9164285714285716,0.4054844360881381,0.8855555555555555,0.4498673091994392,0.8744444444444445
medium,0,100000,1000,6000,32,5,relu,sgd,0.03,Xavier,3,0.3034558391571045,0.9221428571428572,0.3849016808138953,0.8955555555555555,0.4581475143962436,0.8766666666666667
medium,0,100000,1000,6000,32,5,relu,sgd,0.03,Xavier,4,0.2641427825746082,0.9345238095238096,0.3805866320927938,0.8955555555555555,0.4349797519048055,0.8866666666666667
medium,0,100000,1000,6000,32,5,relu,sgd,0.03,Xavier,5,0.2502693539574033,0.9402380952380952,0.3901711664597193,0.8966666666666666,0.4615477360619439,0.8755555555555555
medium,0,100000,1000,6000,32,5,relu,sgd,0.03,Xavier,6,0.2219221834909348,0.9473809523809524,0.3811385511027442,0.8922222222222222,0.4457664879163106,0.8933333333333333
medium,0,100000,1000,6000,32,5,relu,sgd,0.03,Xavier,7,0.1958619730813162,0.958095238095238,0.3779173174169328,0.9022222222222224,0.4501344161563449,0.8911111111111111
medium,0,100000,1000,6000,32,5,relu,sgd,0.03,Xavier,8,0.179948155993507,0.9623809523809524,0.382403162850274,0.8955555555555555,0.4536536447207133,0.8822222222222222
medium,0,100000,1000,6000,32,5,relu,sgd,0.03,Xavier,9,0.1588748654865083,0.9647619047619048,0.389233732091056,0.8955555555555555,0.4551070661014981,0.8855555555555555
medium,0,100000,1000,6000,32,5,relu,sgd,0.03,Xavier,10,0.1428204261688959,0.969047619047619,0.3945872518751356,0.8911111111111111,0.4673725832833184,0.8866666666666667
medium,0,100000,1000,6000,32,5,relu,sgd,0.03,Xavier,11,0.1332350251788184,0.97,0.4063540018267101,0.8944444444444445,0.4855170112186008,0.8866666666666667
medium,0,100000,1000,6000,32,5,relu,sgd,0.03,Xavier,12,0.1130357843353634,0.9754761904761904,0.4205174040132098,0.8977777777777778,0.4858545221222771,0.8877777777777778
medium,0,100000,1000,6000,32,5,relu,sgd,0.03,Xavier,13,0.1013023408253987,0.979047619047619,0.428451599544949,0.9022222222222224,0.5263214455710516,0.8755555555555555
medium,0,100000,1000,6000,32,5,relu,sgd,0.03,Xavier,14,0.0865374938646952,0.9842857142857144,0.4389861071772045,0.8922222222222222,0.5088131931093004,0.8777777777777778
medium,0,100000,1000,6000,32,5,relu,sgd,0.03,Xavier,15,0.072908314920607,0.9859523809523808,0.4528800633880827,0.8844444444444445,0.5386175616582235,0.8733333333333333
medium,0,100000,1000,6000,32,5,relu,sgd,0.03,Xavier,16,0.063254607177916,0.9883333333333332,0.4664991926815774,0.8888888888888888,0.5440701206525167,0.8822222222222222
medium,0,100000,1000,6000,32,5,relu,sgd,0.03,Xavier,17,0.0539327009518941,0.9914285714285714,0.47420448674096,0.8855555555555555,0.5645956092410618,0.8733333333333333
medium,0,100000,1000,6000,32,5,relu,sgd,0.03,Xavier,18,0.0484189711298261,0.993095238095238,0.5067393665677972,0.88,0.5774224434958564,0.8722222222222222
medium,0,100000,1000,6000,32,5,relu,sgd,0.03,Xavier,19,0.0395958168166024,0.9940476190476192,0.5112410965727435,0.8855555555555555,0.6157481617397732,0.8677777777777778
medium,0,100000,1000,6000,32,5,relu,sgd,0.03,Xavier,20,0.0343069709482647,0.996904761904762,0.5217125302718746,0.8833333333333333,0.6232880216174655,0.8688888888888889
medium,0,100000,1000,6000,32,5,relu,sgd,0.03,Orthogonal,0,1.697706033615839,0.1730952380952381,1.6953521103329128,0.1766666666666666,1.6824608739217122,0.19
medium,0,100000,1000,6000,32,5,relu,sgd,0.03,Orthogonal,1,0.4498049999418713,0.8721428571428571,0.437371549738778,0.8822222222222222,0.5068593676884969,0.8455555555555555
medium,0,100000,1000,6000,32,5,relu,sgd,0.03,Orthogonal,2,0.33883636202131,0.911904761904762,0.3887188492880927,0.8866666666666667,0.4324557619624667,0.88
medium,0,100000,1000,6000,32,5,relu,sgd,0.03,Orthogonal,3,0.3004435498373849,0.923809523809524,0.3673676039112938,0.9066666666666666,0.4233849419487847,0.8877777777777778
medium,0,100000,1000,6000,32,5,relu,sgd,0.03,Orthogonal,4,0.2731444767543248,0.9335714285714286,0.3689838267697228,0.9088888888888887,0.4168589962853326,0.8955555555555555
medium,0,100000,1000,6000,32,5,relu,sgd,0.03,Orthogonal,5,0.252804037729899,0.9414285714285714,0.3688514551851484,0.9011111111111112,0.4268352476755778,0.8866666666666667
medium,0,100000,1000,6000,32,5,relu,sgd,0.03,Orthogonal,6,0.2230683210917881,0.951904761904762,0.3570684741603003,0.9133333333333332,0.4137373288472493,0.9
medium,0,100000,1000,6000,32,5,relu,sgd,0.03,Orthogonal,7,0.2022539361317952,0.9592857142857144,0.3611660972568724,0.92,0.4134218666288587,0.9011111111111112
medium,0,100000,1000,6000,32,5,relu,sgd,0.03,Orthogonal,8,0.1819381863730294,0.9614285714285714,0.3618795497549905,0.9088888888888887,0.4212324084175957,0.8977777777777778
medium,0,100000,1000,6000,32,5,relu,sgd,0.03,Orthogonal,9,0.1617570995149158,0.9664285714285714,0.3740785446431902,0.9166666666666666,0.4175222990247938,0.9
medium,0,100000,1000,6000,32,5,relu,sgd,0.03,Orthogonal,10,0.1451040476844424,0.9702380952380952,0.373537748058637,0.9144444444444444,0.4307327752643161,0.8988888888888888
medium,0,100000,1000,6000,32,5,relu,sgd,0.03,Orthogonal,11,0.1336129740306309,0.9709523809523808,0.3875392524401347,0.91,0.4355681000815497,0.8955555555555555
medium,0,100000,1000,6000,32,5,relu,sgd,0.03,Orthogonal,12,0.1195438811892554,0.9738095238095238,0.4184142296844058,0.9088888888888887,0.452481255531311,0.8977777777777778
medium,0,100000,1000,6000,32,5,relu,sgd,0.03,Orthogonal,13,0.1083748878751482,0.975,0.4363044679164886,0.8955555555555555,0.4742930385801527,0.8855555555555555
medium,0,100000,1000,6000,32,5,relu,sgd,0.03,Orthogonal,14,0.0865859004429408,0.9821428571428572,0.4292163681652811,0.9022222222222224,0.4751545288827684,0.8955555555555555
medium,0,100000,1000,6000,32,5,relu,sgd,0.03,Orthogonal,15,0.0739559726488022,0.9845238095238096,0.4450151227580176,0.8911111111111111,0.5000126051902771,0.8855555555555555
medium,0,100000,1000,6000,32,5,relu,sgd,0.03,Orthogonal,16,0.063409449600038,0.9871428571428572,0.4654307290580537,0.9,0.5110988505681355,0.8933333333333333
medium,0,100000,1000,6000,32,5,relu,sgd,0.03,Orthogonal,17,0.0561005076907929,0.9873809523809524,0.4831732694307963,0.8966666666666666,0.5211299329333835,0.89
medium,0,100000,1000,6000,32,5,relu,sgd,0.03,Orthogonal,18,0.047401529323487,0.9928571428571428,0.4996476039621565,0.8877777777777778,0.540438887808058,0.8911111111111111
medium,0,100000,1000,6000,32,5,relu,sgd,0.03,Orthogonal,19,0.0368763680685134,0.9921428571428572,0.5157882947391934,0.8966666666666666,0.5687947638829549,0.89
medium,0,100000,1000,6000,32,5,relu,sgd,0.03,Orthogonal,20,0.0367102470852079,0.9935714285714284,0.5505154391129812,0.89,0.5920412980185614,0.8844444444444445
medium,1,100001,1001,6000,32,5,relu,sgd,0.03,RLCI,0,1.6087573641822452,0.2428571428571428,1.6113704744974773,0.2444444444444444,1.6099298159281412,0.2533333333333333
medium,1,100001,1001,6000,32,5,relu,sgd,0.03,RLCI,1,1.0755495580037435,0.6090476190476191,1.1028114933437771,0.6022222222222222,1.081979989475674,0.6122222222222222
medium,1,100001,1001,6000,32,5,relu,sgd,0.03,RLCI,2,0.3949988842010498,0.8942857142857142,0.4773292209042443,0.8677777777777778,0.4469738335079617,0.8777777777777778
medium,1,100001,1001,6000,32,5,relu,sgd,0.03,RLCI,3,0.3028491133735293,0.928809523809524,0.3782485827472475,0.9088888888888887,0.3645292928483751,0.9055555555555556
medium,1,100001,1001,6000,32,5,relu,sgd,0.03,RLCI,4,0.2782643433979579,0.9366666666666666,0.3659650564855999,0.91,0.3489799422522386,0.9166666666666666
medium,1,100001,1001,6000,32,5,relu,sgd,0.03,RLCI,5,0.2623697119667416,0.9433333333333334,0.3622278380725119,0.9155555555555556,0.34746669066449,0.9144444444444444
medium,1,100001,1001,6000,32,5,relu,sgd,0.03,RLCI,6,0.2459115330378214,0.9471428571428572,0.358499872121546,0.9177777777777778,0.3430663624405861,0.9155555555555556
medium,1,100001,1001,6000,32,5,relu,sgd,0.03,RLCI,7,0.2328453867776053,0.949047619047619,0.3551947667863634,0.9188888888888888,0.3386392386588785,0.9177777777777778
medium,1,100001,1001,6000,32,5,relu,sgd,0.03,RLCI,8,0.2195563541139875,0.955,0.3563199990987777,0.9222222222222224,0.3426657896074984,0.9188888888888888
medium,1,100001,1001,6000,32,5,relu,sgd,0.03,RLCI,9,0.2107686689921787,0.956190476190476,0.3569092744506068,0.93,0.3507776063473688,0.9144444444444444
medium,1,100001,1001,6000,32,5,relu,sgd,0.03,RLCI,10,0.1956028227579026,0.9607142857142856,0.3572090235021379,0.9244444444444444,0.3356294671818614,0.92
medium,1,100001,1001,6000,32,5,relu,sgd,0.03,RLCI,11,0.1837215001242501,0.9628571428571427,0.3621614002850321,0.9244444444444444,0.34699120229731,0.9177777777777778
medium,1,100001,1001,6000,32,5,relu,sgd,0.03,RLCI,12,0.1764885581107366,0.9635714285714284,0.3716898051235411,0.9177777777777778,0.3469194488227367,0.9222222222222224
medium,1,100001,1001,6000,32,5,relu,sgd,0.03,RLCI,13,0.160134733404432,0.9692857142857144,0.3718496831589274,0.92,0.3517400341439578,0.92
medium,1,100001,1001,6000,32,5,relu,sgd,0.03,RLCI,14,0.1498175971848624,0.9721428571428572,0.3798389099041621,0.9211111111111112,0.361355150124679,0.9155555555555556
medium,1,100001,1001,6000,32,5,relu,sgd,0.03,RLCI,15,0.1397373672894069,0.973095238095238,0.3879225050161282,0.92,0.3697889729589224,0.9133333333333332
medium,1,100001,1001,6000,32,5,relu,sgd,0.03,RLCI,16,0.1272569446336655,0.9757142857142858,0.3978211165799035,0.9133333333333332,0.3692050535625054,0.9133333333333332
medium,1,100001,1001,6000,32,5,relu,sgd,0.03,RLCI,17,0.1210676886921837,0.9752380952380952,0.4089487859027253,0.9133333333333332,0.3858603640231821,0.9111111111111112
medium,1,100001,1001,6000,32,5,relu,sgd,0.03,RLCI,18,0.1089628096989222,0.9792857142857144,0.4244021175470617,0.9066666666666666,0.378443159237504,0.9111111111111112
medium,1,100001,1001,6000,32,5,relu,sgd,0.03,RLCI,19,0.0997506282443091,0.9802380952380952,0.4356594263099961,0.9066666666666666,0.4164079176365501,0.9022222222222224
medium,1,100001,1001,6000,32,5,relu,sgd,0.03,RLCI,20,0.0898342926729293,0.981904761904762,0.4462702719618877,0.9011111111111112,0.4040597131020493,0.9033333333333332
medium,1,100001,1001,6000,32,5,relu,sgd,0.03,He,0,2.0816793605259485,0.2428571428571428,2.1331437789069283,0.2444444444444444,2.090955619812012,0.2533333333333333
medium,1,100001,1001,6000,32,5,relu,sgd,0.03,He,1,0.4049630941663469,0.8940476190476191,0.463469729092386,0.8744444444444445,0.4468376433352629,0.8855555555555555
medium,1,100001,1001,6000,32,5,relu,sgd,0.03,He,2,0.3449494057609921,0.9066666666666666,0.4426318560706244,0.8777777777777778,0.4313931420776579,0.88
medium,1,100001,1001,6000,32,5,relu,sgd,0.03,He,3,0.2854717774618239,0.9297619047619048,0.3980753591325548,0.9044444444444444,0.3966198790818452,0.9033333333333332
medium,1,100001,1001,6000,32,5,relu,sgd,0.03,He,4,0.2502406633467901,0.9421428571428572,0.3850070159965091,0.9088888888888887,0.3648417282601197,0.9066666666666666
medium,1,100001,1001,6000,32,5,relu,sgd,0.03,He,5,0.2288293679555257,0.950952380952381,0.387533579799864,0.9144444444444444,0.3657446696360906,0.91
medium,1,100001,1001,6000,32,5,relu,sgd,0.03,He,6,0.2082883371625628,0.9542857142857144,0.3824825497468312,0.9188888888888888,0.3684567652973863,0.9044444444444444
medium,1,100001,1001,6000,32,5,relu,sgd,0.03,He,7,0.1961351785205659,0.956190476190476,0.3919642959038416,0.91,0.3760799233160085,0.9111111111111112
medium,1,100001,1001,6000,32,5,relu,sgd,0.03,He,8,0.1753286463873727,0.9616666666666668,0.3998689643541971,0.9144444444444444,0.3804810012587242,0.9011111111111112
medium,1,100001,1001,6000,32,5,relu,sgd,0.03,He,9,0.1572700266611008,0.966904761904762,0.406982383330663,0.9133333333333332,0.3735052325204014,0.91
medium,1,100001,1001,6000,32,5,relu,sgd,0.03,He,10,0.1457466761271159,0.9704761904761904,0.4140381320317586,0.9122222222222224,0.3954592312044567,0.9022222222222224
medium,1,100001,1001,6000,32,5,relu,sgd,0.03,He,11,0.1299528335389636,0.9738095238095238,0.4271677654319339,0.9033333333333332,0.3901733185309503,0.9022222222222224
medium,1,100001,1001,6000,32,5,relu,sgd,0.03,He,12,0.1191330697422935,0.9742857142857144,0.4484234462844001,0.9,0.4143147955027719,0.8977777777777778
medium,1,100001,1001,6000,32,5,relu,sgd,0.03,He,13,0.1138208561851864,0.9752380952380952,0.4653563540842798,0.9,0.4307551354397502,0.8833333333333333
medium,1,100001,1001,6000,32,5,relu,sgd,0.03,He,14,0.0921746528716314,0.9788095238095238,0.4655367113484276,0.9022222222222224,0.4270691715149829,0.8966666666666666
medium,1,100001,1001,6000,32,5,relu,sgd,0.03,He,15,0.0855653077647799,0.98,0.5069785834352175,0.9011111111111112,0.4620320141563813,0.8933333333333333
medium,1,100001,1001,6000,32,5,relu,sgd,0.03,He,16,0.0694505088102249,0.9826190476190476,0.50662232293023,0.8955555555555555,0.45140715895945,0.8922222222222222
medium,1,100001,1001,6000,32,5,relu,sgd,0.03,He,17,0.068815628914606,0.9852380952380952,0.5262168134583367,0.8911111111111111,0.4784284933925503,0.8866666666666667
medium,1,100001,1001,6000,32,5,relu,sgd,0.03,He,18,0.0529429262592679,0.9885714285714284,0.5549806873003642,0.8922222222222222,0.4835737759599255,0.8855555555555555
medium,1,100001,1001,6000,32,5,relu,sgd,0.03,He,19,0.0433193897349493,0.9923809523809524,0.5706206361452738,0.8933333333333333,0.5154966493240661,0.8844444444444445
medium,1,100001,1001,6000,32,5,relu,sgd,0.03,He,20,0.0381517841986247,0.9921428571428572,0.5808742739094628,0.8855555555555555,0.5140357613429013,0.8844444444444445
medium,1,100001,1001,6000,32,5,relu,sgd,0.03,Xavier,0,1.94896721976144,0.2428571428571428,1.9915257681740652,0.2444444444444444,1.957987374199761,0.2533333333333333
medium,1,100001,1001,6000,32,5,relu,sgd,0.03,Xavier,1,0.4042195774260021,0.8926190476190476,0.4594716468453407,0.8855555555555555,0.4419683714128203,0.8933333333333333
medium,1,100001,1001,6000,32,5,relu,sgd,0.03,Xavier,2,0.3128750882829939,0.9254761904761905,0.4054333302709791,0.8911111111111111,0.4003783489598168,0.8977777777777778
medium,1,100001,1001,6000,32,5,relu,sgd,0.03,Xavier,3,0.2660450092951457,0.9411904761904762,0.3817453752623664,0.9144444444444444,0.3747091080662277,0.91
medium,1,100001,1001,6000,32,5,relu,sgd,0.03,Xavier,4,0.2424281138465518,0.9454761904761904,0.3748569722970327,0.91,0.3585023768411742,0.9111111111111112
medium,1,100001,1001,6000,32,5,relu,sgd,0.03,Xavier,5,0.2212135210491362,0.951190476190476,0.3765430378748311,0.9177777777777778,0.3611723369194402,0.9144444444444444
medium,1,100001,1001,6000,32,5,relu,sgd,0.03,Xavier,6,0.1981325621831984,0.9583333333333334,0.3715919385353724,0.9166666666666666,0.3568125185370445,0.9144444444444444
medium,1,100001,1001,6000,32,5,relu,sgd,0.03,Xavier,7,0.1859836374010358,0.9573809523809524,0.3846209931042459,0.9111111111111112,0.3649429058159391,0.91
medium,1,100001,1001,6000,32,5,relu,sgd,0.03,Xavier,8,0.167788929598672,0.965952380952381,0.3897975676589542,0.9077777777777778,0.3744176246722539,0.9088888888888887
medium,1,100001,1001,6000,32,5,relu,sgd,0.03,Xavier,9,0.1483471370878673,0.9697619047619048,0.3969113849351803,0.9188888888888888,0.371555958216389,0.91
medium,1,100001,1001,6000,32,5,relu,sgd,0.03,Xavier,10,0.1349496944745381,0.9716666666666668,0.4056371442062987,0.9155555555555556,0.3829808921698067,0.9066666666666666
medium,1,100001,1001,6000,32,5,relu,sgd,0.03,Xavier,11,0.1203081095786321,0.9752380952380952,0.419026364783446,0.9077777777777778,0.3952563217779,0.9055555555555556
medium,1,100001,1001,6000,32,5,relu,sgd,0.03,Xavier,12,0.1100211945034208,0.9761904761904762,0.4382398678527938,0.9022222222222224,0.4140137106883857,0.9033333333333332
medium,1,100001,1001,6000,32,5,relu,sgd,0.03,Xavier,13,0.0987807987985156,0.9788095238095238,0.4535730808393823,0.9,0.4326155384961102,0.9022222222222224
medium,1,100001,1001,6000,32,5,relu,sgd,0.03,Xavier,14,0.0829855346679687,0.9802380952380952,0.4633221358060836,0.9055555555555556,0.4258400486740801,0.9033333333333332
medium,1,100001,1001,6000,32,5,relu,sgd,0.03,Xavier,15,0.0756270191782996,0.9840476190476192,0.4874476022935576,0.9,0.4625232954819997,0.8977777777777778
medium,1,100001,1001,6000,32,5,relu,sgd,0.03,Xavier,16,0.0623676764397394,0.9861904761904762,0.4870719149460395,0.8933333333333333,0.4508030314743518,0.9033333333333332
medium,1,100001,1001,6000,32,5,relu,sgd,0.03,Xavier,17,0.0585600025880904,0.9897619047619048,0.5145754287536773,0.8933333333333333,0.4747782899356551,0.8977777777777778
medium,1,100001,1001,6000,32,5,relu,sgd,0.03,Xavier,18,0.0493541002273559,0.9895238095238096,0.5385743227021562,0.89,0.4741893113487296,0.8955555555555555
medium,1,100001,1001,6000,32,5,relu,sgd,0.03,Xavier,19,0.0405246138288861,0.991904761904762,0.5462946993526485,0.8911111111111111,0.4983631692619787,0.8877777777777778
medium,1,100001,1001,6000,32,5,relu,sgd,0.03,Xavier,20,0.0347780932698931,0.9923809523809524,0.5686534113592158,0.8911111111111111,0.5094394117614461,0.8922222222222222
medium,1,100001,1001,6000,32,5,relu,sgd,0.03,Orthogonal,0,1.7334605916341146,0.2142857142857142,1.754130983352661,0.22,1.7452821646796333,0.2266666666666666
medium,1,100001,1001,6000,32,5,relu,sgd,0.03,Orthogonal,1,0.3898648334684826,0.905,0.4524064861403571,0.8888888888888888,0.4330872378498316,0.9088888888888887
medium,1,100001,1001,6000,32,5,relu,sgd,0.03,Orthogonal,2,0.3126137856074742,0.9233333333333332,0.3970211395290163,0.9044444444444444,0.3890970265534189,0.9
medium,1,100001,1001,6000,32,5,relu,sgd,0.03,Orthogonal,3,0.270261108761742,0.9373809523809524,0.3753142907884386,0.9111111111111112,0.3552312089833948,0.9155555555555556
medium,1,100001,1001,6000,32,5,relu,sgd,0.03,Orthogonal,4,0.2512198246093023,0.9428571428571428,0.3803669699695375,0.9044444444444444,0.3497179727587435,0.9155555555555556
medium,1,100001,1001,6000,32,5,relu,sgd,0.03,Orthogonal,5,0.2305085375195457,0.9502380952380952,0.3692507371306419,0.9188888888888888,0.3485698187351226,0.9211111111111112
medium,1,100001,1001,6000,32,5,relu,sgd,0.03,Orthogonal,6,0.2113298870268322,0.9542857142857144,0.3690434195266829,0.9166666666666666,0.3473906241522895,0.92
medium,1,100001,1001,6000,32,5,relu,sgd,0.03,Orthogonal,7,0.200408737091791,0.9573809523809524,0.37495794451899,0.9111111111111112,0.3507215011119842,0.92
medium,1,100001,1001,6000,32,5,relu,sgd,0.03,Orthogonal,8,0.1825327144350324,0.961904761904762,0.3737742571698295,0.9155555555555556,0.3566127802100446,0.9088888888888887
medium,1,100001,1001,6000,32,5,relu,sgd,0.03,Orthogonal,9,0.1667676402273632,0.965952380952381,0.3756775465607643,0.92,0.3549008249574237,0.92
medium,1,100001,1001,6000,32,5,relu,sgd,0.03,Orthogonal,10,0.1521248611949739,0.9709523809523808,0.3752498377859592,0.9211111111111112,0.3544378414501746,0.9177777777777778
medium,1,100001,1001,6000,32,5,relu,sgd,0.03,Orthogonal,11,0.1384627654438927,0.9735714285714284,0.3904603846205605,0.9111111111111112,0.3639171317550871,0.9166666666666666
medium,1,100001,1001,6000,32,5,relu,sgd,0.03,Orthogonal,12,0.1295125097320193,0.9742857142857144,0.4028069869677226,0.9077777777777778,0.362224560028149,0.9222222222222224
medium,1,100001,1001,6000,32,5,relu,sgd,0.03,Orthogonal,13,0.1196085113570803,0.9735714285714284,0.4051578708489736,0.92,0.3787341721935404,0.9144444444444444
medium,1,100001,1001,6000,32,5,relu,sgd,0.03,Orthogonal,14,0.1021064115705944,0.9788095238095238,0.4136611094408565,0.91,0.3821863301305307,0.9122222222222224
medium,1,100001,1001,6000,32,5,relu,sgd,0.03,Orthogonal,15,0.0939321229571387,0.9795238095238096,0.4292076044281324,0.9077777777777778,0.4062578592946132,0.9111111111111112
medium,1,100001,1001,6000,32,5,relu,sgd,0.03,Orthogonal,16,0.0810061484859103,0.9826190476190476,0.4417959095372094,0.9033333333333332,0.4119564583732022,0.9088888888888887
medium,1,100001,1001,6000,32,5,relu,sgd,0.03,Orthogonal,17,0.0752647521949949,0.9842857142857144,0.4449034348461363,0.9044444444444444,0.4073216667067673,0.9166666666666666
medium,1,100001,1001,6000,32,5,relu,sgd,0.03,Orthogonal,18,0.0618184513705117,0.986904761904762,0.4639646057287852,0.9022222222222224,0.4233829423454073,0.9111111111111112
medium,1,100001,1001,6000,32,5,relu,sgd,0.03,Orthogonal,19,0.0527675786472502,0.9876190476190476,0.4753317944208781,0.8988888888888888,0.4475302399198214,0.9033333333333332
medium,1,100001,1001,6000,32,5,relu,sgd,0.03,Orthogonal,20,0.0464226098855336,0.9892857142857144,0.4828895988066991,0.9033333333333332,0.4517348888930347,0.9066666666666666
medium,2,100002,1002,6000,32,5,relu,sgd,0.03,RLCI,0,1.643588151477632,0.1926190476190476,1.6459936820136176,0.2066666666666666,1.6505603652530247,0.1877777777777777
medium,2,100002,1002,6000,32,5,relu,sgd,0.03,RLCI,1,0.4786587506248837,0.8621428571428571,0.4974091302023993,0.83,0.5278727093007829,0.8422222222222222
medium,2,100002,1002,6000,32,5,relu,sgd,0.03,RLCI,2,0.3511135328383672,0.9088095238095238,0.3911616407500373,0.89,0.4454874330096774,0.8822222222222222
medium,2,100002,1002,6000,32,5,relu,sgd,0.03,RLCI,3,0.3091524187723795,0.9221428571428572,0.3668763690524631,0.8888888888888888,0.4228711833556493,0.8866666666666667
medium,2,100002,1002,6000,32,5,relu,sgd,0.03,RLCI,4,0.2923283032008579,0.9276190476190476,0.3807555002636379,0.8788888888888889,0.4198251829379135,0.8833333333333333
medium,2,100002,1002,6000,32,5,relu,sgd,0.03,RLCI,5,0.2619560348419916,0.9364285714285714,0.3526514161957634,0.89,0.4171470504668024,0.8955555555555555
medium,2,100002,1002,6000,32,5,relu,sgd,0.03,RLCI,6,0.2384780813398815,0.9476190476190476,0.3509930417272779,0.8966666666666666,0.4169246489306291,0.8966666666666666
medium,2,100002,1002,6000,32,5,relu,sgd,0.03,RLCI,7,0.2188591014771234,0.9523809523809524,0.3508546953731113,0.8944444444444445,0.4263343939516279,0.9022222222222224
medium,2,100002,1002,6000,32,5,relu,sgd,0.03,RLCI,8,0.2070443187441144,0.9545238095238096,0.3608364290661282,0.8877777777777778,0.4387249405847655,0.8933333333333333
medium,2,100002,1002,6000,32,5,relu,sgd,0.03,RLCI,9,0.2054037407466343,0.953095238095238,0.3946332218911912,0.8855555555555555,0.4623543985022439,0.8855555555555555
medium,2,100002,1002,6000,32,5,relu,sgd,0.03,RLCI,10,0.1693993915830339,0.9638095238095238,0.3649504572815365,0.8922222222222222,0.4409890073537826,0.8911111111111111
medium,2,100002,1002,6000,32,5,relu,sgd,0.03,RLCI,11,0.1539454327310834,0.965952380952381,0.3610144111845228,0.8933333333333333,0.4658827582663959,0.8977777777777778
medium,2,100002,1002,6000,32,5,relu,sgd,0.03,RLCI,12,0.1339183375948951,0.9707142857142858,0.3818681987126668,0.8877777777777778,0.4639344933629036,0.8955555555555555
medium,2,100002,1002,6000,32,5,relu,sgd,0.03,RLCI,13,0.1190386204492478,0.9752380952380952,0.3789611212412516,0.8877777777777778,0.482145795557234,0.8922222222222222
medium,2,100002,1002,6000,32,5,relu,sgd,0.03,RLCI,14,0.1069091394969395,0.9764285714285714,0.3928117309676276,0.8866666666666667,0.4936448881361219,0.8955555555555555
medium,2,100002,1002,6000,32,5,relu,sgd,0.03,RLCI,15,0.0956506541797093,0.9807142857142858,0.4030523149172465,0.8833333333333333,0.5096266177296639,0.8911111111111111
medium,2,100002,1002,6000,32,5,relu,sgd,0.03,RLCI,16,0.0839785242080688,0.9835714285714284,0.4127170054117838,0.8866666666666667,0.5457119521829817,0.8822222222222222
medium,2,100002,1002,6000,32,5,relu,sgd,0.03,RLCI,17,0.073193856420971,0.9845238095238096,0.4475652284092373,0.8722222222222222,0.5593729050291909,0.8833333333333333
medium,2,100002,1002,6000,32,5,relu,sgd,0.03,RLCI,18,0.0669807120731898,0.9864285714285714,0.4454414831267463,0.8822222222222222,0.5944150180286831,0.8744444444444445
medium,2,100002,1002,6000,32,5,relu,sgd,0.03,RLCI,19,0.0545748207682654,0.9895238095238096,0.4792025380664401,0.8733333333333333,0.6117185907893711,0.8844444444444445
medium,2,100002,1002,6000,32,5,relu,sgd,0.03,RLCI,20,0.0469556166444505,0.9914285714285714,0.4825524736775292,0.8755555555555555,0.6298197799258762,0.8766666666666667
medium,2,100002,1002,6000,32,5,relu,sgd,0.03,He,0,2.3320440637497675,0.1926190476190476,2.345944752163357,0.2066666666666666,2.3744367959764268,0.1877777777777777
medium,2,100002,1002,6000,32,5,relu,sgd,0.03,He,1,0.4649311665126255,0.8652380952380953,0.5010249217351278,0.8433333333333334,0.5380895024206903,0.8444444444444444
medium,2,100002,1002,6000,32,5,relu,sgd,0.03,He,2,0.3433157362256731,0.9088095238095238,0.4110953659481472,0.8788888888888889,0.446130902270476,0.8844444444444445
medium,2,100002,1002,6000,32,5,relu,sgd,0.03,He,3,0.2959872189022245,0.9242857142857144,0.3989022962252299,0.8833333333333333,0.4263721095853381,0.8866666666666667
medium,2,100002,1002,6000,32,5,relu,sgd,0.03,He,4,0.2721010535103934,0.9328571428571428,0.4061674772368537,0.8788888888888889,0.4296545381347338,0.8755555555555555
medium,2,100002,1002,6000,32,5,relu,sgd,0.03,He,5,0.2411096077873593,0.9445238095238097,0.3828861583603753,0.8833333333333333,0.4276369953817791,0.8811111111111111
medium,2,100002,1002,6000,32,5,relu,sgd,0.03,He,6,0.2144922735577538,0.953095238095238,0.3817516615655687,0.8833333333333333,0.4273826192153824,0.8911111111111111
medium,2,100002,1002,6000,32,5,relu,sgd,0.03,He,7,0.1913224776585896,0.959047619047619,0.3819908809661865,0.8788888888888889,0.4420556878381305,0.8833333333333333
medium,2,100002,1002,6000,32,5,relu,sgd,0.03,He,8,0.1761212501071748,0.9614285714285714,0.3903206250402662,0.8822222222222222,0.4622755213578542,0.8833333333333333
medium,2,100002,1002,6000,32,5,relu,sgd,0.03,He,9,0.1688307725815546,0.9607142857142856,0.4278330447938707,0.87,0.4826652765936322,0.8755555555555555
medium,2,100002,1002,6000,32,5,relu,sgd,0.03,He,10,0.1377780027616591,0.9704761904761904,0.4117690420150757,0.8777777777777778,0.4801218554708693,0.8866666666666667
medium,2,100002,1002,6000,32,5,relu,sgd,0.03,He,11,0.1195851472445896,0.9716666666666668,0.412744223276774,0.8822222222222222,0.5124769173231389,0.8866666666666667
medium,2,100002,1002,6000,32,5,relu,sgd,0.03,He,12,0.100110737028576,0.9771428571428572,0.4408782728513082,0.8844444444444445,0.5171343730886777,0.8811111111111111
medium,2,100002,1002,6000,32,5,relu,sgd,0.03,He,13,0.0848783923330761,0.9811904761904762,0.447964514626397,0.8733333333333333,0.5517483896182643,0.8788888888888889
medium,2,100002,1002,6000,32,5,relu,sgd,0.03,He,14,0.0719032221181052,0.9835714285714284,0.4593820317586263,0.8766666666666667,0.5605802044934697,0.8844444444444445
medium,2,100002,1002,6000,32,5,relu,sgd,0.03,He,15,0.0657368411336626,0.9876190476190476,0.4699935089217292,0.8677777777777778,0.5885446384218004,0.8777777777777778
medium,2,100002,1002,6000,32,5,relu,sgd,0.03,He,16,0.0548545940717061,0.9897619047619048,0.4853457906511095,0.8777777777777778,0.6288033104605145,0.8722222222222222
medium,2,100002,1002,6000,32,5,relu,sgd,0.03,He,17,0.0424892149936585,0.9923809523809524,0.5109912512037489,0.8766666666666667,0.6509084514776866,0.8822222222222222
medium,2,100002,1002,6000,32,5,relu,sgd,0.03,He,18,0.0394796140137172,0.9938095238095238,0.5031429862976075,0.8722222222222222,0.6775952683554756,0.87
medium,2,100002,1002,6000,32,5,relu,sgd,0.03,He,19,0.0327592545463925,0.9947619047619048,0.5270336495505439,0.8755555555555555,0.6953705577055613,0.8744444444444445
medium,2,100002,1002,6000,32,5,relu,sgd,0.03,He,20,0.0246769346793492,0.996904761904762,0.5433327727847629,0.8766666666666667,0.7206137777699364,0.8711111111111111
medium,2,100002,1002,6000,32,5,relu,sgd,0.03,Xavier,0,2.134212126958938,0.1926190476190476,2.1452662499745685,0.2066666666666666,2.167958575354682,0.1877777777777777
medium,2,100002,1002,6000,32,5,relu,sgd,0.03,Xavier,1,0.4261081981658935,0.883095238095238,0.4743879731496175,0.8522222222222222,0.5094108023246129,0.8622222222222222
medium,2,100002,1002,6000,32,5,relu,sgd,0.03,Xavier,2,0.320960172471546,0.920952380952381,0.3902559616830613,0.8822222222222222,0.4389763110213809,0.89
medium,2,100002,1002,6000,32,5,relu,sgd,0.03,Xavier,3,0.2770993339447748,0.9311904761904762,0.3863692712783813,0.8866666666666667,0.4299574290712674,0.8922222222222222
medium,2,100002,1002,6000,32,5,relu,sgd,0.03,Xavier,4,0.2533463355473109,0.9423809523809524,0.3866568162706163,0.8788888888888889,0.428733142895831,0.8866666666666667
medium,2,100002,1002,6000,32,5,relu,sgd,0.03,Xavier,5,0.2226824603761945,0.9492857142857144,0.3624382755491468,0.8866666666666667,0.4299642003741529,0.8911111111111111
medium,2,100002,1002,6000,32,5,relu,sgd,0.03,Xavier,6,0.194854089419047,0.9588095238095238,0.3668410846922132,0.8977777777777778,0.4284511020779609,0.8977777777777778
medium,2,100002,1002,6000,32,5,relu,sgd,0.03,Xavier,7,0.1742776382537115,0.9633333333333334,0.369513525168101,0.89,0.4470130132469866,0.9011111111111112
medium,2,100002,1002,6000,32,5,relu,sgd,0.03,Xavier,8,0.1539315764109293,0.9683333333333334,0.3828089369667901,0.8877777777777778,0.4618408789734046,0.8922222222222222
medium,2,100002,1002,6000,32,5,relu,sgd,0.03,Xavier,9,0.1493618249893188,0.9664285714285714,0.41821317381329,0.8822222222222222,0.498379213280148,0.8844444444444445
medium,2,100002,1002,6000,32,5,relu,sgd,0.03,Xavier,10,0.1218775312105814,0.9747619047619048,0.3944555279943678,0.8922222222222222,0.4971490583817164,0.8877777777777778
medium,2,100002,1002,6000,32,5,relu,sgd,0.03,Xavier,11,0.1026073184467497,0.9761904761904762,0.4036878063943651,0.8888888888888888,0.5244367643694083,0.8966666666666666
medium,2,100002,1002,6000,32,5,relu,sgd,0.03,Xavier,12,0.0890367204802376,0.9809523809523808,0.427180536058214,0.8844444444444445,0.5297465449323256,0.8911111111111111
medium,2,100002,1002,6000,32,5,relu,sgd,0.03,Xavier,13,0.0754444067818777,0.9840476190476192,0.4357938883039686,0.8877777777777778,0.5663759352597926,0.8833333333333333
medium,2,100002,1002,6000,32,5,relu,sgd,0.03,Xavier,14,0.0643926703929901,0.9878571428571428,0.4563766392072041,0.8811111111111111,0.5775678066743745,0.8788888888888889
medium,2,100002,1002,6000,32,5,relu,sgd,0.03,Xavier,15,0.0565672594025021,0.9892857142857144,0.468826906548606,0.8855555555555555,0.6177025667164061,0.8766666666666667
medium,2,100002,1002,6000,32,5,relu,sgd,0.03,Xavier,16,0.0437925574893043,0.9923809523809524,0.4703793695237901,0.88,0.6254390837914414,0.8766666666666667
medium,2,100002,1002,6000,32,5,relu,sgd,0.03,Xavier,17,0.0345514149041402,0.9942857142857144,0.4916187980439928,0.8855555555555555,0.649183228082127,0.8755555555555555
medium,2,100002,1002,6000,32,5,relu,sgd,0.03,Xavier,18,0.0311495168152309,0.995,0.4934502326117621,0.88,0.687996652316716,0.8655555555555555
medium,2,100002,1002,6000,32,5,relu,sgd,0.03,Xavier,19,0.0237085464171,0.9959523809523808,0.5142153857813941,0.8933333333333333,0.698074325422446,0.8822222222222222
medium,2,100002,1002,6000,32,5,relu,sgd,0.03,Xavier,20,0.0197612025624229,0.9966666666666668,0.5315852937433455,0.8855555555555555,0.7228670474472974,0.8755555555555555
medium,2,100002,1002,6000,32,5,relu,sgd,0.03,Orthogonal,0,1.8821835218157088,0.1619047619047619,1.872799782223172,0.1733333333333333,1.901399474673801,0.1744444444444444
medium,2,100002,1002,6000,32,5,relu,sgd,0.03,Orthogonal,1,0.4139127749488467,0.8861904761904762,0.4381447315216064,0.8655555555555555,0.4981234909428491,0.8755555555555555
medium,2,100002,1002,6000,32,5,relu,sgd,0.03,Orthogonal,2,0.3267218126569475,0.919047619047619,0.3723950258890788,0.8966666666666666,0.4476712746255927,0.8833333333333333
medium,2,100002,1002,6000,32,5,relu,sgd,0.03,Orthogonal,3,0.2896896580287388,0.9271428571428572,0.3609448562728034,0.9033333333333332,0.4360550428430239,0.8866666666666667
medium,2,100002,1002,6000,32,5,relu,sgd,0.03,Orthogonal,4,0.2686573950449625,0.9354761904761904,0.3681325059466891,0.8922222222222222,0.4315726867980427,0.88
medium,2,100002,1002,6000,32,5,relu,sgd,0.03,Orthogonal,5,0.237403115317935,0.9478571428571428,0.3349621966150072,0.9077777777777778,0.4269969811704424,0.8944444444444445
medium,2,100002,1002,6000,32,5,relu,sgd,0.03,Orthogonal,6,0.2093877472196306,0.9545238095238096,0.3469501445028517,0.9044444444444444,0.4244703624977006,0.8922222222222222
medium,2,100002,1002,6000,32,5,relu,sgd,0.03,Orthogonal,7,0.1882167906988234,0.9602380952380952,0.3435342523786757,0.9088888888888887,0.4338322599397765,0.8955555555555555
medium,2,100002,1002,6000,32,5,relu,sgd,0.03,Orthogonal,8,0.1677220598856608,0.964047619047619,0.3497642554177178,0.9022222222222224,0.4391004490190082,0.8955555555555555
medium,2,100002,1002,6000,32,5,relu,sgd,0.03,Orthogonal,9,0.15676067227409,0.9652380952380952,0.3614021015167236,0.9044444444444444,0.4564906174606747,0.8844444444444445
medium,2,100002,1002,6000,32,5,relu,sgd,0.03,Orthogonal,10,0.1342602453913007,0.9721428571428572,0.3626827504899766,0.8977777777777778,0.4650086759858661,0.8966666666666666
medium,2,100002,1002,6000,32,5,relu,sgd,0.03,Orthogonal,11,0.1164048952148074,0.9735714285714284,0.3563738711675008,0.9088888888888887,0.4743146654301219,0.89
medium,2,100002,1002,6000,32,5,relu,sgd,0.03,Orthogonal,12,0.1004238682701474,0.9773809523809524,0.3711488416459825,0.8988888888888888,0.4871393009689119,0.8966666666666666
medium,2,100002,1002,6000,32,5,relu,sgd,0.03,Orthogonal,13,0.0963215689432053,0.9778571428571428,0.3886925464206271,0.8988888888888888,0.5227442118525505,0.8811111111111111
medium,2,100002,1002,6000,32,5,relu,sgd,0.03,Orthogonal,14,0.0805267596244812,0.9821428571428572,0.4127716414133707,0.8922222222222222,0.5237498915857739,0.8922222222222222
medium,2,100002,1002,6000,32,5,relu,sgd,0.03,Orthogonal,15,0.0647173469974881,0.9873809523809524,0.409912748336792,0.8966666666666666,0.5502621531320943,0.8855555555555555
medium,2,100002,1002,6000,32,5,relu,sgd,0.03,Orthogonal,16,0.0530930356184641,0.9888095238095238,0.4111577039294772,0.9022222222222224,0.5756564608381854,0.8877777777777778
medium,2,100002,1002,6000,32,5,relu,sgd,0.03,Orthogonal,17,0.0453368433316548,0.99,0.4398124035199483,0.8877777777777778,0.5917393178906706,0.8922222222222222
medium,2,100002,1002,6000,32,5,relu,sgd,0.03,Orthogonal,18,0.0394904158796582,0.9928571428571428,0.440597684946325,0.8988888888888888,0.6348358418212997,0.8844444444444445
medium,2,100002,1002,6000,32,5,relu,sgd,0.03,Orthogonal,19,0.0280528515293484,0.9954761904761904,0.4561234816577699,0.8911111111111111,0.6393152994579739,0.8866666666666667
medium,2,100002,1002,6000,32,5,relu,sgd,0.03,Orthogonal,20,0.0237949678443727,0.996904761904762,0.478786064684391,0.8933333333333333,0.6611999917692608,0.8922222222222222
medium,3,100003,1003,6000,32,5,relu,sgd,0.03,RLCI,0,1.613723852975028,0.2330952380952381,1.6113763570785522,0.2377777777777777,1.6106979433695476,0.2222222222222222
medium,3,100003,1003,6000,32,5,relu,sgd,0.03,RLCI,1,0.6734338742210751,0.8083333333333333,0.6891424126095242,0.8,0.6871821453836229,0.7922222222222223
medium,3,100003,1003,6000,32,5,relu,sgd,0.03,RLCI,2,0.3992641194661458,0.8873809523809524,0.4935946909586589,0.8566666666666667,0.4745273433791266,0.8577777777777778
medium,3,100003,1003,6000,32,5,relu,sgd,0.03,RLCI,3,0.3449746962956019,0.91,0.441077584558063,0.8722222222222222,0.4345690245098538,0.8733333333333333
medium,3,100003,1003,6000,32,5,relu,sgd,0.03,RLCI,4,0.3186253788357689,0.916904761904762,0.4292394940720664,0.8822222222222222,0.4353072929382324,0.8777777777777778
medium,3,100003,1003,6000,32,5,relu,sgd,0.03,RLCI,5,0.2906815342676072,0.928095238095238,0.415554179350535,0.8811111111111111,0.4205387149916755,0.8833333333333333
medium,3,100003,1003,6000,32,5,relu,sgd,0.03,RLCI,6,0.2759920937674386,0.9314285714285714,0.4122097065051396,0.8811111111111111,0.425943616496192,0.8777777777777778
medium,3,100003,1003,6000,32,5,relu,sgd,0.03,RLCI,7,0.252242793128604,0.9426190476190476,0.4044433959987428,0.8877777777777778,0.4253491984473334,0.8788888888888889
medium,3,100003,1003,6000,32,5,relu,sgd,0.03,RLCI,8,0.2388770037605649,0.9452380952380952,0.404143353568183,0.8866666666666667,0.433086142539978,0.8811111111111111
medium,3,100003,1003,6000,32,5,relu,sgd,0.03,RLCI,9,0.221485983303615,0.9473809523809524,0.4230743212170071,0.8844444444444445,0.4362926530838013,0.8766666666666667
medium,3,100003,1003,6000,32,5,relu,sgd,0.03,RLCI,10,0.2049857271285284,0.9542857142857144,0.4141794015301598,0.8888888888888888,0.4425893505414327,0.8777777777777778
medium,3,100003,1003,6000,32,5,relu,sgd,0.03,RLCI,11,0.1883126549493698,0.9588095238095238,0.4038755916224585,0.8944444444444445,0.4307557174894544,0.8866666666666667
medium,3,100003,1003,6000,32,5,relu,sgd,0.03,RLCI,12,0.1814596623466128,0.960952380952381,0.4359163681666056,0.8788888888888889,0.4568411864174737,0.8811111111111111
medium,3,100003,1003,6000,32,5,relu,sgd,0.03,RLCI,13,0.1611504158519563,0.9661904761904762,0.4191707793209288,0.8933333333333333,0.4433825511402554,0.8844444444444445
medium,3,100003,1003,6000,32,5,relu,sgd,0.03,RLCI,14,0.1501896741276695,0.9676190476190476,0.4396772922741042,0.8877777777777778,0.4984784613715278,0.8711111111111111
medium,3,100003,1003,6000,32,5,relu,sgd,0.03,RLCI,15,0.1282891340482802,0.971904761904762,0.4245621007349756,0.8822222222222222,0.4648668649461534,0.8811111111111111
medium,3,100003,1003,6000,32,5,relu,sgd,0.03,RLCI,16,0.1194944690522693,0.9728571428571428,0.4536560141377979,0.8855555555555555,0.4869852267371283,0.8822222222222222
medium,3,100003,1003,6000,32,5,relu,sgd,0.03,RLCI,17,0.1039160760243733,0.9788095238095238,0.4573008323046896,0.8877777777777778,0.498737787273195,0.88
medium,3,100003,1003,6000,32,5,relu,sgd,0.03,RLCI,18,0.090724785271145,0.9792857142857144,0.4730871359672811,0.8822222222222222,0.5270725112491184,0.8766666666666667
medium,3,100003,1003,6000,32,5,relu,sgd,0.03,RLCI,19,0.0799961949530101,0.9823809523809524,0.5001491941511631,0.8722222222222222,0.5289967756801182,0.8777777777777778
medium,3,100003,1003,6000,32,5,relu,sgd,0.03,RLCI,20,0.073927678607759,0.9845238095238096,0.5212518425782522,0.87,0.5633416835467021,0.8711111111111111
medium,3,100003,1003,6000,32,5,relu,sgd,0.03,He,0,2.225828534080869,0.2330952380952381,2.19878968556722,0.2377777777777777,2.204087585873074,0.2222222222222222
medium,3,100003,1003,6000,32,5,relu,sgd,0.03,He,1,0.5555633099873861,0.8226190476190476,0.6353599209255643,0.8177777777777778,0.6141030973858304,0.81
medium,3,100003,1003,6000,32,5,relu,sgd,0.03,He,2,0.3779784806569417,0.8928571428571429,0.4750642167197333,0.8533333333333334,0.4827983093261718,0.86
medium,3,100003,1003,6000,32,5,relu,sgd,0.03,He,3,0.3269177931830996,0.9126190476190476,0.4508590377701653,0.8655555555555555,0.455972777472602,0.8677777777777778
medium,3,100003,1003,6000,32,5,relu,sgd,0.03,He,4,0.2969344379788353,0.925,0.4357846784591674,0.8777777777777778,0.4584309405750698,0.8711111111111111
medium,3,100003,1003,6000,32,5,relu,sgd,0.03,He,5,0.265467160542806,0.9347619047619048,0.4253433076540629,0.8744444444444445,0.4461920327610439,0.8711111111111111
medium,3,100003,1003,6000,32,5,relu,sgd,0.03,He,6,0.2425344144730341,0.941904761904762,0.4288635969161987,0.8755555555555555,0.4646660514672597,0.8655555555555555
medium,3,100003,1003,6000,32,5,relu,sgd,0.03,He,7,0.2157387181690761,0.9514285714285714,0.424011413719919,0.8711111111111111,0.4592276581128438,0.8633333333333333
medium,3,100003,1003,6000,32,5,relu,sgd,0.03,He,8,0.2033696780885968,0.9526190476190476,0.4317632351318995,0.8755555555555555,0.4787355218993293,0.86
medium,3,100003,1003,6000,32,5,relu,sgd,0.03,He,9,0.178321491196042,0.9616666666666668,0.4492453881104787,0.8655555555555555,0.4740172296100192,0.8688888888888889
medium,3,100003,1003,6000,32,5,relu,sgd,0.03,He,10,0.1608242675236293,0.9657142857142856,0.439712892042266,0.8722222222222222,0.4824394644631279,0.87
medium,3,100003,1003,6000,32,5,relu,sgd,0.03,He,11,0.1426107924325125,0.9678571428571427,0.4517773724264569,0.8877777777777778,0.4887659692102008,0.8688888888888889
medium,3,100003,1003,6000,32,5,relu,sgd,0.03,He,12,0.1481525441578456,0.9602380952380952,0.5022504438956579,0.8666666666666667,0.5257984349462721,0.8588888888888889
medium,3,100003,1003,6000,32,5,relu,sgd,0.03,He,13,0.1303848950068156,0.9702380952380952,0.5151369686921438,0.8655555555555555,0.5261982257829773,0.8577777777777778
medium,3,100003,1003,6000,32,5,relu,sgd,0.03,He,14,0.0999315239134289,0.976904761904762,0.494147734509574,0.8677777777777778,0.5516521635320452,0.8677777777777778
medium,3,100003,1003,6000,32,5,relu,sgd,0.03,He,15,0.0843358606383914,0.9826190476190476,0.509583350552453,0.8733333333333333,0.5383818219105403,0.8688888888888889
medium,3,100003,1003,6000,32,5,relu,sgd,0.03,He,16,0.0736095719678061,0.9826190476190476,0.5279826188749738,0.8655555555555555,0.5596531852748658,0.8744444444444445
medium,3,100003,1003,6000,32,5,relu,sgd,0.03,He,17,0.0649532515094393,0.9866666666666668,0.5538347925742467,0.8633333333333333,0.5766391466226842,0.8655555555555555
medium,3,100003,1003,6000,32,5,relu,sgd,0.03,He,18,0.0476031454404195,0.9902380952380953,0.5590896027286848,0.8677777777777778,0.598687794374095,0.8655555555555555
medium,3,100003,1003,6000,32,5,relu,sgd,0.03,He,19,0.0421677166507357,0.9902380952380953,0.5887919029262331,0.8677777777777778,0.599192411005497,0.8666666666666667
medium,3,100003,1003,6000,32,5,relu,sgd,0.03,He,20,0.0378416145983196,0.9933333333333332,0.6090727359056473,0.8644444444444445,0.6121797491444482,0.87
medium,3,100003,1003,6000,32,5,relu,sgd,0.03,Xavier,0,2.0649710010346918,0.2330952380952381,2.0431932375166157,0.2377777777777777,2.0464020262824163,0.2222222222222222
medium,3,100003,1003,6000,32,5,relu,sgd,0.03,Xavier,1,0.5030342011224656,0.849047619047619,0.5759921007686191,0.8322222222222222,0.5757165601518419,0.8355555555555556
medium,3,100003,1003,6000,32,5,relu,sgd,0.03,Xavier,2,0.3721909032549177,0.8983333333333333,0.468053167131212,0.8633333333333333,0.4862122768825955,0.8511111111111112
medium,3,100003,1003,6000,32,5,relu,sgd,0.03,Xavier,3,0.3051326651800246,0.920952380952381,0.4343086679114236,0.8711111111111111,0.4528854706552294,0.8655555555555555
medium,3,100003,1003,6000,32,5,relu,sgd,0.03,Xavier,4,0.2724704415457589,0.9371428571428572,0.4197360995080736,0.8777777777777778,0.450472502178616,0.8688888888888889
medium,3,100003,1003,6000,32,5,relu,sgd,0.03,Xavier,5,0.2441518935703095,0.9438095238095238,0.4142302733659744,0.8877777777777778,0.4374284699228075,0.8722222222222222
medium,3,100003,1003,6000,32,5,relu,sgd,0.03,Xavier,6,0.2236748534157162,0.948095238095238,0.4162463256716728,0.8888888888888888,0.44933064116372,0.8711111111111111
medium,3,100003,1003,6000,32,5,relu,sgd,0.03,Xavier,7,0.2009931646074567,0.9566666666666668,0.4133325260215335,0.8866666666666667,0.4458412657843695,0.8788888888888889
medium,3,100003,1003,6000,32,5,relu,sgd,0.03,Xavier,8,0.1802954337710426,0.9616666666666668,0.4194437228308784,0.8822222222222222,0.4591898508866628,0.8777777777777778
medium,3,100003,1003,6000,32,5,relu,sgd,0.03,Xavier,9,0.1654746634619576,0.9638095238095238,0.4524661729070875,0.8688888888888889,0.4749751604927911,0.8744444444444445
medium,3,100003,1003,6000,32,5,relu,sgd,0.03,Xavier,10,0.1464117489542279,0.97,0.4420605488618215,0.8744444444444445,0.4696771343549092,0.8755555555555555
medium,3,100003,1003,6000,32,5,relu,sgd,0.03,Xavier,11,0.1300043593134199,0.9707142857142858,0.4515713964237107,0.8911111111111111,0.4767780776818593,0.8855555555555555
medium,3,100003,1003,6000,32,5,relu,sgd,0.03,Xavier,12,0.1292111539840698,0.9688095238095238,0.4948246396250195,0.8677777777777778,0.5104432765642802,0.8677777777777778
medium,3,100003,1003,6000,32,5,relu,sgd,0.03,Xavier,13,0.1009160318828764,0.9778571428571428,0.4751562333106994,0.8822222222222222,0.493286844558186,0.8877777777777778
medium,3,100003,1003,6000,32,5,relu,sgd,0.03,Xavier,14,0.0998187619163876,0.9761904761904762,0.5229477372765541,0.8722222222222222,0.5586024655236138,0.8777777777777778
medium,3,100003,1003,6000,32,5,relu,sgd,0.03,Xavier,15,0.0727765222958156,0.9854761904761904,0.5100778332849344,0.8744444444444445,0.5234288930892944,0.8777777777777778
medium,3,100003,1003,6000,32,5,relu,sgd,0.03,Xavier,16,0.0598818758555821,0.9876190476190476,0.5297198436326451,0.8711111111111111,0.5326230528619554,0.8866666666666667
medium,3,100003,1003,6000,32,5,relu,sgd,0.03,Xavier,17,0.0512842654046558,0.9911904761904762,0.5476699298040735,0.8666666666666667,0.555328894522455,0.8811111111111111
medium,3,100003,1003,6000,32,5,relu,sgd,0.03,Xavier,18,0.0391998107092721,0.9933333333333332,0.5680314892447657,0.8677777777777778,0.5756397263209025,0.88
medium,3,100003,1003,6000,32,5,relu,sgd,0.03,Xavier,19,0.0337373078153246,0.9926190476190476,0.5935884917113516,0.8677777777777778,0.6029251597325007,0.8788888888888889
medium,3,100003,1003,6000,32,5,relu,sgd,0.03,Xavier,20,0.0300540198314757,0.9947619047619048,0.6154484978173342,0.8722222222222222,0.6039138800568051,0.88
medium,3,100003,1003,6000,32,5,relu,sgd,0.03,Orthogonal,0,1.8354037584577287,0.2197619047619047,1.8479134633806016,0.2277777777777777,1.847711574236552,0.21
medium,3,100003,1003,6000,32,5,relu,sgd,0.03,Orthogonal,1,0.5016012346176874,0.8504761904761905,0.5443654492166308,0.83,0.5323483106825087,0.8355555555555556
medium,3,100003,1003,6000,32,5,relu,sgd,0.03,Orthogonal,2,0.3734768513270787,0.8957142857142857,0.4713471978902817,0.8622222222222222,0.4598285321394602,0.86
medium,3,100003,1003,6000,32,5,relu,sgd,0.03,Orthogonal,3,0.320588264465332,0.9138095238095238,0.4292420927683512,0.88,0.4325367779201931,0.87
medium,3,100003,1003,6000,32,5,relu,sgd,0.03,Orthogonal,4,0.2821630491529192,0.9333333333333332,0.420277904536989,0.8855555555555555,0.4306159721480475,0.8711111111111111
medium,3,100003,1003,6000,32,5,relu,sgd,0.03,Orthogonal,5,0.2561226145426432,0.9421428571428572,0.4086412931813134,0.8833333333333333,0.4218541595670912,0.8777777777777778
medium,3,100003,1003,6000,32,5,relu,sgd,0.03,Orthogonal,6,0.2381792561213175,0.9452380952380952,0.4153755721118715,0.8911111111111111,0.4289762443966335,0.8766666666666667
medium,3,100003,1003,6000,32,5,relu,sgd,0.03,Orthogonal,7,0.215358646256583,0.9538095238095238,0.4011197353733911,0.8911111111111111,0.4250684621598985,0.88
medium,3,100003,1003,6000,32,5,relu,sgd,0.03,Orthogonal,8,0.1979320385342552,0.956904761904762,0.4096936833196216,0.8911111111111111,0.4411077660984463,0.8877777777777778
medium,3,100003,1003,6000,32,5,relu,sgd,0.03,Orthogonal,9,0.1888704706373669,0.9578571428571429,0.4467992116345299,0.8822222222222222,0.4676421154869927,0.8811111111111111
medium,3,100003,1003,6000,32,5,relu,sgd,0.03,Orthogonal,10,0.1643899231865292,0.9616666666666668,0.4263706672853893,0.8855555555555555,0.4633099728160434,0.8822222222222222
medium,3,100003,1003,6000,32,5,relu,sgd,0.03,Orthogonal,11,0.1417968721616835,0.9685714285714284,0.4226136102941301,0.8877777777777778,0.4552534784211053,0.8911111111111111
medium,3,100003,1003,6000,32,5,relu,sgd,0.03,Orthogonal,12,0.1299747715677534,0.9721428571428572,0.4513057759073045,0.8844444444444445,0.4758400938245985,0.8822222222222222
medium,3,100003,1003,6000,32,5,relu,sgd,0.03,Orthogonal,13,0.1119355535507202,0.974047619047619,0.4508556181854672,0.8833333333333333,0.474621877140469,0.8877777777777778
medium,3,100003,1003,6000,32,5,relu,sgd,0.03,Orthogonal,14,0.1012796220325288,0.9735714285714284,0.4913535190290874,0.8733333333333333,0.5125278743108114,0.8855555555555555
medium,3,100003,1003,6000,32,5,relu,sgd,0.03,Orthogonal,15,0.079802119731903,0.9835714285714284,0.4830266389581892,0.88,0.5175939151975844,0.8822222222222222
medium,3,100003,1003,6000,32,5,relu,sgd,0.03,Orthogonal,16,0.0651450933161236,0.9859523809523808,0.4927757828765445,0.8722222222222222,0.5103888379202949,0.8944444444444445
medium,3,100003,1003,6000,32,5,relu,sgd,0.03,Orthogonal,17,0.0585899867897941,0.9878571428571428,0.5351264237032997,0.8777777777777778,0.5524914655420515,0.88
medium,3,100003,1003,6000,32,5,relu,sgd,0.03,Orthogonal,18,0.0446388031187511,0.9909523809523808,0.5421130261818567,0.8744444444444445,0.5642686520682441,0.8844444444444445
medium,3,100003,1003,6000,32,5,relu,sgd,0.03,Orthogonal,19,0.0381586422806694,0.9926190476190476,0.5568944181998571,0.8733333333333333,0.5833384794659084,0.8833333333333333
medium,3,100003,1003,6000,32,5,relu,sgd,0.03,Orthogonal,20,0.0294565709431966,0.9952380952380953,0.5906080278423097,0.8666666666666667,0.6059082134564717,0.8833333333333333
medium,4,100004,1004,6000,32,5,relu,sgd,0.03,RLCI,0,1.631057873680478,0.1571428571428571,1.6375996812184652,0.1522222222222222,1.626876990000407,0.1588888888888888
medium,4,100004,1004,6000,32,5,relu,sgd,0.03,RLCI,1,0.6812605412801107,0.81,0.7173605926831563,0.8033333333333333,0.7070196686850654,0.7911111111111111
medium,4,100004,1004,6000,32,5,relu,sgd,0.03,RLCI,2,0.3575064777192615,0.9114285714285716,0.4190337467193603,0.8911111111111111,0.4092624595512946,0.9033333333333332
medium,4,100004,1004,6000,32,5,relu,sgd,0.03,RLCI,3,0.323652073542277,0.9252380952380952,0.3887272585762871,0.9033333333333332,0.3861189655959606,0.9066666666666666
medium,4,100004,1004,6000,32,5,relu,sgd,0.03,RLCI,4,0.2969923373631069,0.931904761904762,0.3803345833222071,0.9055555555555556,0.3877569925122791,0.9122222222222224
medium,4,100004,1004,6000,32,5,relu,sgd,0.03,RLCI,5,0.2728540783836728,0.9388095238095238,0.3654724385341008,0.9133333333333332,0.3695794695946905,0.9144444444444444
medium,4,100004,1004,6000,32,5,relu,sgd,0.03,RLCI,6,0.2563892693746658,0.944047619047619,0.3752813806136449,0.9055555555555556,0.3691746963063876,0.9211111111111112
medium,4,100004,1004,6000,32,5,relu,sgd,0.03,RLCI,7,0.2372026482082548,0.9495238095238095,0.3563255586557918,0.9144444444444444,0.3756522763768832,0.9133333333333332
medium,4,100004,1004,6000,32,5,relu,sgd,0.03,RLCI,8,0.2293278024310157,0.9488095238095238,0.3687065680159462,0.9044444444444444,0.3760134189989831,0.9155555555555556
medium,4,100004,1004,6000,32,5,relu,sgd,0.03,RLCI,9,0.2068404842558361,0.958095238095238,0.3635559237996737,0.9088888888888887,0.3689053322705957,0.9222222222222224
medium,4,100004,1004,6000,32,5,relu,sgd,0.03,RLCI,10,0.1934055859701974,0.9585714285714284,0.3614600827958849,0.9111111111111112,0.3770238680640856,0.9188888888888888
medium,4,100004,1004,6000,32,5,relu,sgd,0.03,RLCI,11,0.1784474406923566,0.9645238095238096,0.3670677794350518,0.9133333333333332,0.3695180227027999,0.9222222222222224
medium,4,100004,1004,6000,32,5,relu,sgd,0.03,RLCI,12,0.1599794301532563,0.9683333333333334,0.3721578065719869,0.91,0.3727137972000572,0.9255555555555556
medium,4,100004,1004,6000,32,5,relu,sgd,0.03,RLCI,13,0.1504527368999662,0.9697619047619048,0.3761423531340228,0.9088888888888887,0.3862201875282658,0.9144444444444444
medium,4,100004,1004,6000,32,5,relu,sgd,0.03,RLCI,14,0.1391237638110206,0.9707142857142858,0.3900936700238122,0.9055555555555556,0.3898565768533283,0.9166666666666666
medium,4,100004,1004,6000,32,5,relu,sgd,0.03,RLCI,15,0.1219591258821033,0.9759523809523808,0.3936107417941093,0.8977777777777778,0.3895530945724911,0.9211111111111112
medium,4,100004,1004,6000,32,5,relu,sgd,0.03,RLCI,16,0.1094768868173871,0.9773809523809524,0.3901929349866178,0.9011111111111112,0.4023657247631086,0.9144444444444444
medium,4,100004,1004,6000,32,5,relu,sgd,0.03,RLCI,17,0.1051848416101364,0.9785714285714284,0.407640047909485,0.8988888888888888,0.4209585277777579,0.9122222222222224
medium,4,100004,1004,6000,32,5,relu,sgd,0.03,RLCI,18,0.0899873979886373,0.983095238095238,0.4131363541715674,0.8933333333333333,0.4109379485497872,0.9033333333333332
medium,4,100004,1004,6000,32,5,relu,sgd,0.03,RLCI,19,0.0791070533934093,0.983095238095238,0.4283778497080008,0.8988888888888888,0.4308981572505501,0.9088888888888887
medium,4,100004,1004,6000,32,5,relu,sgd,0.03,RLCI,20,0.0672535687968844,0.985,0.4322015851736068,0.8944444444444445,0.4516101993372043,0.9066666666666666
medium,4,100004,1004,6000,32,5,relu,sgd,0.03,He,0,2.400857747395833,0.1571428571428571,2.4534933757781983,0.1522222222222222,2.3311397737926907,0.1588888888888888
medium,4,100004,1004,6000,32,5,relu,sgd,0.03,He,1,0.4719555173601423,0.8704761904761905,0.554659960269928,0.8488888888888889,0.5191303970416387,0.8455555555555555
medium,4,100004,1004,6000,32,5,relu,sgd,0.03,He,2,0.3447758647373744,0.9085714285714286,0.4346274819638994,0.8777777777777778,0.4257388390103976,0.8933333333333333
medium,4,100004,1004,6000,32,5,relu,sgd,0.03,He,3,0.302338205065046,0.9276190476190476,0.4153934748967489,0.8866666666666667,0.4121232184602155,0.8977777777777778
medium,4,100004,1004,6000,32,5,relu,sgd,0.03,He,4,0.2735694567362467,0.9364285714285714,0.4030165727933248,0.8922222222222222,0.4178928755554888,0.8988888888888888
medium,4,100004,1004,6000,32,5,relu,sgd,0.03,He,5,0.2452627595265706,0.9447619047619048,0.3907374019092983,0.9033333333333332,0.406078648964564,0.9066666666666666
medium,4,100004,1004,6000,32,5,relu,sgd,0.03,He,6,0.2229652136848086,0.9523809523809524,0.3945729568931791,0.8988888888888888,0.407221716236737,0.9066666666666666
medium,4,100004,1004,6000,32,5,relu,sgd,0.03,He,7,0.2019999422345842,0.956904761904762,0.3866538882255554,0.9022222222222224,0.4212014825890461,0.9055555555555556
medium,4,100004,1004,6000,32,5,relu,sgd,0.03,He,8,0.1924699058986845,0.9588095238095238,0.4025836127996445,0.9033333333333332,0.4379437552889188,0.8977777777777778
medium,4,100004,1004,6000,32,5,relu,sgd,0.03,He,9,0.1691506585620698,0.9654761904761904,0.4052168546120325,0.8966666666666666,0.436935553782516,0.89
medium,4,100004,1004,6000,32,5,relu,sgd,0.03,He,10,0.1520435467220488,0.969047619047619,0.4118899403678046,0.89,0.4435479150878058,0.8955555555555555
medium,4,100004,1004,6000,32,5,relu,sgd,0.03,He,11,0.1382700974600655,0.9716666666666668,0.4113578973876105,0.8944444444444445,0.4471205082039038,0.89
medium,4,100004,1004,6000,32,5,relu,sgd,0.03,He,12,0.1168301182701474,0.9764285714285714,0.4229404214355681,0.8955555555555555,0.4597843232005834,0.8977777777777778
medium,4,100004,1004,6000,32,5,relu,sgd,0.03,He,13,0.1058285739308311,0.9783333333333334,0.4370785374111599,0.8866666666666667,0.4742917033450471,0.8866666666666667
medium,4,100004,1004,6000,32,5,relu,sgd,0.03,He,14,0.0925500763030279,0.9802380952380952,0.4418777675098843,0.8933333333333333,0.4928072064949406,0.8922222222222222
medium,4,100004,1004,6000,32,5,relu,sgd,0.03,He,15,0.0809527849015735,0.9821428571428572,0.4585454128848182,0.8944444444444445,0.5125135134346783,0.8833333333333333
medium,4,100004,1004,6000,32,5,relu,sgd,0.03,He,16,0.0722630394072759,0.985,0.4634455201360914,0.8877777777777778,0.5387771602223317,0.8811111111111111
medium,4,100004,1004,6000,32,5,relu,sgd,0.03,He,17,0.0594479431424822,0.988095238095238,0.4944710964626736,0.89,0.5492199851862258,0.8822222222222222
medium,4,100004,1004,6000,32,5,relu,sgd,0.03,He,18,0.0531746680963607,0.9902380952380953,0.5062360366185507,0.8822222222222222,0.5698504202730126,0.8788888888888889
medium,4,100004,1004,6000,32,5,relu,sgd,0.03,He,19,0.0458089856874375,0.9895238095238096,0.5296716684765286,0.8922222222222222,0.6072480505032258,0.8788888888888889
medium,4,100004,1004,6000,32,5,relu,sgd,0.03,He,20,0.0353306300867171,0.9947619047619048,0.5287951268090142,0.8877777777777778,0.6125350572748317,0.8777777777777778
medium,4,100004,1004,6000,32,5,relu,sgd,0.03,Xavier,0,2.200225365048363,0.1571428571428571,2.244752564960056,0.1522222222222222,2.1446541595458983,0.1588888888888888
medium,4,100004,1004,6000,32,5,relu,sgd,0.03,Xavier,1,0.450511238461449,0.878095238095238,0.5231213682889938,0.8611111111111112,0.5016216792994075,0.8611111111111112
medium,4,100004,1004,6000,32,5,relu,sgd,0.03,Xavier,2,0.3362948281424386,0.9135714285714286,0.4152420092953576,0.8933333333333333,0.4241798566116227,0.8911111111111111
medium,4,100004,1004,6000,32,5,relu,sgd,0.03,Xavier,3,0.2887940179734003,0.9302380952380952,0.3950391197866864,0.9022222222222224,0.3951192812290456,0.8977777777777778
medium,4,100004,1004,6000,32,5,relu,sgd,0.03,Xavier,4,0.2563591809499831,0.9414285714285714,0.3818478312095006,0.9066666666666666,0.4003251904249191,0.9
medium,4,100004,1004,6000,32,5,relu,sgd,0.03,Xavier,5,0.2386615637370518,0.9478571428571428,0.387383526497417,0.9111111111111112,0.3923267459124326,0.9033333333333332
medium,4,100004,1004,6000,32,5,relu,sgd,0.03,Xavier,6,0.2125471180961245,0.9557142857142856,0.3817578420042992,0.9033333333333332,0.3938482490181922,0.9066666666666666
medium,4,100004,1004,6000,32,5,relu,sgd,0.03,Xavier,7,0.1969952533358619,0.9597619047619048,0.3746156450443798,0.9066666666666666,0.4060771713323063,0.9044444444444444
medium,4,100004,1004,6000,32,5,relu,sgd,0.03,Xavier,8,0.1908649860109601,0.9573809523809524,0.3987009518345197,0.9022222222222224,0.4240758371518718,0.9033333333333332
medium,4,100004,1004,6000,32,5,relu,sgd,0.03,Xavier,9,0.1612425867716471,0.9685714285714284,0.383567934135596,0.91,0.4123041234082646,0.9044444444444444
medium,4,100004,1004,6000,32,5,relu,sgd,0.03,Xavier,10,0.147082267488752,0.9723809523809523,0.3855702141920725,0.9044444444444444,0.4250680514176687,0.9
medium,4,100004,1004,6000,32,5,relu,sgd,0.03,Xavier,11,0.1288009204183306,0.9761904761904762,0.3863366731670167,0.9033333333333332,0.4275583705471621,0.9011111111111112
medium,4,100004,1004,6000,32,5,relu,sgd,0.03,Xavier,12,0.1154498708815801,0.9788095238095238,0.4082363709972964,0.9033333333333332,0.4457940217190319,0.9033333333333332
medium,4,100004,1004,6000,32,5,relu,sgd,0.03,Xavier,13,0.103594183581216,0.9795238095238096,0.4185372638040118,0.8966666666666666,0.4558772453665733,0.8922222222222222
medium,4,100004,1004,6000,32,5,relu,sgd,0.03,Xavier,14,0.0897995499202183,0.9816666666666668,0.4142078738411268,0.8966666666666666,0.4607250349223614,0.8977777777777778
medium,4,100004,1004,6000,32,5,relu,sgd,0.03,Xavier,15,0.0815971837724958,0.9814285714285714,0.4427815087470743,0.8955555555555555,0.491619960375958,0.9055555555555556
medium,4,100004,1004,6000,32,5,relu,sgd,0.03,Xavier,16,0.0736926540874299,0.985,0.4479566611515151,0.8911111111111111,0.5082099819887016,0.8966666666666666
medium,4,100004,1004,6000,32,5,relu,sgd,0.03,Xavier,17,0.0595228789533887,0.9873809523809524,0.4549722709920671,0.8922222222222222,0.5078259284649458,0.8977777777777778
medium,4,100004,1004,6000,32,5,relu,sgd,0.03,Xavier,18,0.052428122872398,0.9907142857142858,0.4740451160404417,0.8933333333333333,0.5156908965359132,0.8877777777777778
medium,4,100004,1004,6000,32,5,relu,sgd,0.03,Xavier,19,0.0449254892837433,0.9907142857142858,0.4972626239392492,0.89,0.5435298760959671,0.8922222222222222
medium,4,100004,1004,6000,32,5,relu,sgd,0.03,Xavier,20,0.039330780165536,0.9923809523809524,0.4949740396936734,0.8944444444444445,0.5535552274642719,0.8888888888888888
medium,4,100004,1004,6000,32,5,relu,sgd,0.03,Orthogonal,0,1.795779771350679,0.1457142857142857,1.7981366713841755,0.1411111111111111,1.759351690080431,0.1588888888888888
medium,4,100004,1004,6000,32,5,relu,sgd,0.03,Orthogonal,1,0.4473069822220575,0.8811904761904762,0.4806603818469577,0.8811111111111111,0.4919692052072948,0.8688888888888889
medium,4,100004,1004,6000,32,5,relu,sgd,0.03,Orthogonal,2,0.3250932039533342,0.9223809523809524,0.3939505534701877,0.9055555555555556,0.3996870373355017,0.9011111111111112
medium,4,100004,1004,6000,32,5,relu,sgd,0.03,Orthogonal,3,0.2928200658162435,0.9333333333333332,0.3847160298294491,0.91,0.3795856981807285,0.9077777777777778
medium,4,100004,1004,6000,32,5,relu,sgd,0.03,Orthogonal,4,0.2635176036471412,0.9404761904761904,0.3720354526572757,0.9155555555555556,0.382862062793639,0.9122222222222224
medium,4,100004,1004,6000,32,5,relu,sgd,0.03,Orthogonal,5,0.2463083360308692,0.9435714285714286,0.3751585404409303,0.91,0.37331669891874,0.9133333333333332
medium,4,100004,1004,6000,32,5,relu,sgd,0.03,Orthogonal,6,0.22025827839261,0.9538095238095238,0.3697457066509458,0.9144444444444444,0.3732326464354992,0.9122222222222224
medium,4,100004,1004,6000,32,5,relu,sgd,0.03,Orthogonal,7,0.2027954190117972,0.959047619047619,0.3585872702466117,0.9144444444444444,0.3838399386074808,0.9066666666666666
medium,4,100004,1004,6000,32,5,relu,sgd,0.03,Orthogonal,8,0.1966625626881917,0.9564285714285714,0.3846201440526379,0.9088888888888887,0.3893352967003981,0.9122222222222224
medium,4,100004,1004,6000,32,5,relu,sgd,0.03,Orthogonal,9,0.1686819537480672,0.9647619047619048,0.3692711494697465,0.9144444444444444,0.3860869486629963,0.9133333333333332
medium,4,100004,1004,6000,32,5,relu,sgd,0.03,Orthogonal,10,0.1502949657894316,0.9685714285714284,0.3628350350591871,0.9188888888888888,0.3916690109587378,0.9144444444444444
medium,4,100004,1004,6000,32,5,relu,sgd,0.03,Orthogonal,11,0.1343519022351219,0.973095238095238,0.3692049393057823,0.9166666666666666,0.3926892561962207,0.9144444444444444
medium,4,100004,1004,6000,32,5,relu,sgd,0.03,Orthogonal,12,0.1210510664894467,0.975,0.3845401009917259,0.9122222222222224,0.4063210603884525,0.9166666666666666
medium,4,100004,1004,6000,32,5,relu,sgd,0.03,Orthogonal,13,0.1082614575113568,0.978095238095238,0.3873976800673537,0.9144444444444444,0.4144373595424824,0.91
medium,4,100004,1004,6000,32,5,relu,sgd,0.03,Orthogonal,14,0.0969605834143502,0.9804761904761904,0.3975710980428589,0.9111111111111112,0.4250872269127931,0.91
medium,4,100004,1004,6000,32,5,relu,sgd,0.03,Orthogonal,15,0.0848665758541652,0.9809523809523808,0.4107476016134023,0.9077777777777778,0.4384170964318845,0.9111111111111112
medium,4,100004,1004,6000,32,5,relu,sgd,0.03,Orthogonal,16,0.0748386300745464,0.9840476190476192,0.4173372109234333,0.9077777777777778,0.4549405019564761,0.9111111111111112
medium,4,100004,1004,6000,32,5,relu,sgd,0.03,Orthogonal,17,0.0637175741649809,0.9852380952380952,0.427361022018724,0.9022222222222224,0.4659131401032209,0.9088888888888887
medium,4,100004,1004,6000,32,5,relu,sgd,0.03,Orthogonal,18,0.0558472082728431,0.9902380952380953,0.43507704095708,0.9044444444444444,0.4667092222782473,0.9055555555555556
medium,4,100004,1004,6000,32,5,relu,sgd,0.03,Orthogonal,19,0.050261503458023,0.9888095238095238,0.4704534817404217,0.9033333333333332,0.5060251937935957,0.9044444444444444
medium,4,100004,1004,6000,32,5,relu,sgd,0.03,Orthogonal,20,0.045290329399563,0.991904761904762,0.4762390038371086,0.9011111111111112,0.5095626551725178,0.9022222222222224
medium,5,100005,1005,6000,32,5,relu,sgd,0.03,RLCI,0,1.5974987102690197,0.2028571428571428,1.596795696152581,0.1911111111111111,1.5973764854007295,0.1922222222222222
medium,5,100005,1005,6000,32,5,relu,sgd,0.03,RLCI,1,0.9683832713535854,0.7445238095238095,0.986357077492608,0.7377777777777778,0.9697940974765352,0.7433333333333333
medium,5,100005,1005,6000,32,5,relu,sgd,0.03,RLCI,2,0.3779832331339518,0.905,0.4557638875643412,0.8766666666666667,0.4009177234437731,0.88
medium,5,100005,1005,6000,32,5,relu,sgd,0.03,RLCI,3,0.3092784141358875,0.924047619047619,0.3965338947706752,0.8933333333333333,0.3521551259358724,0.9066666666666666
medium,5,100005,1005,6000,32,5,relu,sgd,0.03,RLCI,4,0.2906022003718785,0.9292857142857144,0.3874674567580223,0.9,0.3452684463395012,0.9066666666666666
medium,5,100005,1005,6000,32,5,relu,sgd,0.03,RLCI,5,0.2635423937298002,0.9383333333333334,0.3816434118151665,0.9033333333333332,0.332826832930247,0.9222222222222224
medium,5,100005,1005,6000,32,5,relu,sgd,0.03,RLCI,6,0.2459695343744187,0.9478571428571428,0.3709413613213433,0.9033333333333332,0.3289666096369425,0.9211111111111112
medium,5,100005,1005,6000,32,5,relu,sgd,0.03,RLCI,7,0.2364737172353835,0.9471428571428572,0.3728134508762095,0.9088888888888887,0.3291415135065714,0.9188888888888888
medium,5,100005,1005,6000,32,5,relu,sgd,0.03,RLCI,8,0.2182900247119722,0.9533333333333334,0.3680359997020827,0.9077777777777778,0.3306704028447469,0.9177777777777778
medium,5,100005,1005,6000,32,5,relu,sgd,0.03,RLCI,9,0.2071473085312616,0.9571428571428572,0.3839477600985103,0.9033333333333332,0.3344924709531996,0.9266666666666666
medium,5,100005,1005,6000,32,5,relu,sgd,0.03,RLCI,10,0.1894754986535935,0.9628571428571427,0.3702050332725048,0.9066666666666666,0.3241685533523559,0.9233333333333332
medium,5,100005,1005,6000,32,5,relu,sgd,0.03,RLCI,11,0.1771136531375703,0.9673809523809525,0.3798804271386729,0.9,0.340252325269911,0.9166666666666666
medium,5,100005,1005,6000,32,5,relu,sgd,0.03,RLCI,12,0.1639616114752633,0.9673809523809525,0.3731221479839748,0.9133333333333332,0.3380382543139987,0.9188888888888888
medium,5,100005,1005,6000,32,5,relu,sgd,0.03,RLCI,13,0.1578778856141226,0.966904761904762,0.3947148538960351,0.8977777777777778,0.3590006393856472,0.9144444444444444
medium,5,100005,1005,6000,32,5,relu,sgd,0.03,RLCI,14,0.1407244559696742,0.9726190476190476,0.4054588681293858,0.9044444444444444,0.3502474170260959,0.9166666666666666
medium,5,100005,1005,6000,32,5,relu,sgd,0.03,RLCI,15,0.1324908786728268,0.975,0.3974048023256991,0.9033333333333332,0.3620563962724474,0.92
medium,5,100005,1005,6000,32,5,relu,sgd,0.03,RLCI,16,0.117620985507965,0.976904761904762,0.4219401532742712,0.8988888888888888,0.3744197199079725,0.9188888888888888
medium,5,100005,1005,6000,32,5,relu,sgd,0.03,RLCI,17,0.1140112405731564,0.9757142857142858,0.4558719659348328,0.8866666666666667,0.390693113538954,0.9133333333333332
medium,5,100005,1005,6000,32,5,relu,sgd,0.03,RLCI,18,0.0990749817235129,0.98,0.4477685483296712,0.9011111111111112,0.4049081304338243,0.9066666666666666
medium,5,100005,1005,6000,32,5,relu,sgd,0.03,RLCI,19,0.0919340658187866,0.9811904761904762,0.4671432732211218,0.88,0.4163632848527696,0.9111111111111112
medium,5,100005,1005,6000,32,5,relu,sgd,0.03,RLCI,20,0.0791087902159917,0.9835714285714284,0.4797206202977233,0.8955555555555555,0.4251720523834228,0.9088888888888887
medium,5,100005,1005,6000,32,5,relu,sgd,0.03,He,0,2.0030619739350817,0.2028571428571428,1.995454857084486,0.1911111111111111,1.9927192380693224,0.1922222222222222
medium,5,100005,1005,6000,32,5,relu,sgd,0.03,He,1,0.4126252896445138,0.8878571428571429,0.503207671046257,0.8644444444444445,0.4307484258545769,0.8833333333333333
medium,5,100005,1005,6000,32,5,relu,sgd,0.03,He,2,0.3277847271873837,0.9171428571428571,0.4285829250348938,0.8788888888888889,0.3814117532306247,0.8888888888888888
medium,5,100005,1005,6000,32,5,relu,sgd,0.03,He,3,0.2802804517745971,0.9345238095238096,0.4211784750719865,0.8844444444444445,0.3560181744893392,0.9133333333333332
medium,5,100005,1005,6000,32,5,relu,sgd,0.03,He,4,0.259475222996303,0.9371428571428572,0.4157681585682763,0.8844444444444445,0.3524285152223375,0.9133333333333332
medium,5,100005,1005,6000,32,5,relu,sgd,0.03,He,5,0.2288658230645316,0.9502380952380952,0.4152663090493944,0.8888888888888888,0.3556744093365139,0.9177777777777778
medium,5,100005,1005,6000,32,5,relu,sgd,0.03,He,6,0.2119916952224005,0.9523809523809524,0.4146114670568042,0.8855555555555555,0.3601029194725884,0.9177777777777778
medium,5,100005,1005,6000,32,5,relu,sgd,0.03,He,7,0.2063300437018984,0.9516666666666668,0.4330555481546455,0.8822222222222222,0.3683946275711059,0.9188888888888888
medium,5,100005,1005,6000,32,5,relu,sgd,0.03,He,8,0.1796939086914062,0.9614285714285714,0.4220801944865121,0.8944444444444445,0.3737210930718316,0.9144444444444444
medium,5,100005,1005,6000,32,5,relu,sgd,0.03,He,9,0.1637135938235691,0.9642857142857144,0.4332704560624228,0.8877777777777778,0.3806681542926364,0.92
medium,5,100005,1005,6000,32,5,relu,sgd,0.03,He,10,0.1462659811973571,0.97,0.4318051919672224,0.8888888888888888,0.3709278541141086,0.9211111111111112
medium,5,100005,1005,6000,32,5,relu,sgd,0.03,He,11,0.1300871526627313,0.9714285714285714,0.4544503042432997,0.89,0.3946606959236993,0.9144444444444444
medium,5,100005,1005,6000,32,5,relu,sgd,0.03,He,12,0.1196752221243722,0.973095238095238,0.4483562467826737,0.8833333333333333,0.3946407106187608,0.9211111111111112
medium,5,100005,1005,6000,32,5,relu,sgd,0.03,He,13,0.1062039875416528,0.9754761904761904,0.4658495197031233,0.8888888888888888,0.4144412824842665,0.9144444444444444
medium,5,100005,1005,6000,32,5,relu,sgd,0.03,He,14,0.0917885329609825,0.9785714285714284,0.5022885744273663,0.8822222222222222,0.4345448557535807,0.9155555555555556
medium,5,100005,1005,6000,32,5,relu,sgd,0.03,He,15,0.0795747404439108,0.9804761904761904,0.4957953679809967,0.8833333333333333,0.4400375853644477,0.9177777777777778
medium,5,100005,1005,6000,32,5,relu,sgd,0.03,He,16,0.0720587102004459,0.985,0.5199189926518334,0.8922222222222222,0.4743564732869466,0.8977777777777778
medium,5,100005,1005,6000,32,5,relu,sgd,0.03,He,17,0.069140030826841,0.9854761904761904,0.5775614809658792,0.8711111111111111,0.5081958505842421,0.8944444444444445
medium,5,100005,1005,6000,32,5,relu,sgd,0.03,He,18,0.0536621579102107,0.9892857142857144,0.551116841427154,0.8788888888888889,0.4983968310885959,0.9088888888888887
medium,5,100005,1005,6000,32,5,relu,sgd,0.03,He,19,0.0494435499395643,0.9897619047619048,0.5953452449043591,0.8788888888888889,0.5363682587941487,0.8977777777777778
medium,5,100005,1005,6000,32,5,relu,sgd,0.03,He,20,0.0352871123382023,0.993095238095238,0.5838074927197562,0.8788888888888889,0.5232313145531549,0.9044444444444444
medium,5,100005,1005,6000,32,5,relu,sgd,0.03,Xavier,0,1.8716807774135045,0.2028571428571428,1.865041222042508,0.1911111111111111,1.863827801280552,0.1922222222222222
medium,5,100005,1005,6000,32,5,relu,sgd,0.03,Xavier,1,0.3882166399274553,0.8992857142857142,0.4750436271561516,0.8688888888888889,0.4105393067995707,0.8877777777777778
medium,5,100005,1005,6000,32,5,relu,sgd,0.03,Xavier,2,0.3058314938772292,0.9271428571428572,0.4068865365452236,0.8977777777777778,0.3633669418758816,0.9022222222222224
medium,5,100005,1005,6000,32,5,relu,sgd,0.03,Xavier,3,0.2665238503047398,0.94,0.4109137436416414,0.8977777777777778,0.3547858084572686,0.9144444444444444
medium,5,100005,1005,6000,32,5,relu,sgd,0.03,Xavier,4,0.2434653334390549,0.9442857142857144,0.3944774565266238,0.8944444444444445,0.3470695220099555,0.9188888888888888
medium,5,100005,1005,6000,32,5,relu,sgd,0.03,Xavier,5,0.2132112732387724,0.956904761904762,0.3970062447587649,0.9033333333333332,0.3531334543228149,0.92
medium,5,100005,1005,6000,32,5,relu,sgd,0.03,Xavier,6,0.1923114379247029,0.9602380952380952,0.3878098530239529,0.9033333333333332,0.3493136019176907,0.9211111111111112
medium,5,100005,1005,6000,32,5,relu,sgd,0.03,Xavier,7,0.1840555016199747,0.959047619047619,0.4002879263626204,0.8966666666666666,0.3600563293033176,0.9211111111111112
medium,5,100005,1005,6000,32,5,relu,sgd,0.03,Xavier,8,0.1619685293379284,0.9673809523809525,0.3928619804647233,0.9033333333333332,0.3658071343104044,0.9133333333333332
medium,5,100005,1005,6000,32,5,relu,sgd,0.03,Xavier,9,0.1459637368293035,0.9685714285714284,0.4112968303428755,0.9033333333333332,0.376544533835517,0.9177777777777778
medium,5,100005,1005,6000,32,5,relu,sgd,0.03,Xavier,10,0.1284381163687933,0.9745238095238096,0.4077792372968462,0.9044444444444444,0.3687574598524306,0.92
medium,5,100005,1005,6000,32,5,relu,sgd,0.03,Xavier,11,0.1134651295344034,0.975,0.421328282588058,0.9033333333333332,0.3867608780331081,0.9111111111111112
medium,5,100005,1005,6000,32,5,relu,sgd,0.03,Xavier,12,0.1031695560046604,0.9773809523809524,0.4273739577001995,0.9044444444444444,0.3993748823801676,0.9144444444444444
medium,5,100005,1005,6000,32,5,relu,sgd,0.03,Xavier,13,0.0925770766394478,0.978095238095238,0.4412671042813195,0.9066666666666666,0.4114680449167887,0.91
medium,5,100005,1005,6000,32,5,relu,sgd,0.03,Xavier,14,0.0793893176601046,0.9816666666666668,0.4698266210489802,0.9033333333333332,0.4257952086130778,0.91
medium,5,100005,1005,6000,32,5,relu,sgd,0.03,Xavier,15,0.0693261757351103,0.9840476190476192,0.4578336012363433,0.8988888888888888,0.4342356618245442,0.91
medium,5,100005,1005,6000,32,5,relu,sgd,0.03,Xavier,16,0.0596648251442682,0.9861904761904762,0.4933643460273743,0.9,0.4568886513180203,0.9044444444444444
medium,5,100005,1005,6000,32,5,relu,sgd,0.03,Xavier,17,0.0536410769394465,0.9895238095238096,0.5208359915680355,0.8888888888888888,0.4820117961035834,0.8944444444444445
medium,5,100005,1005,6000,32,5,relu,sgd,0.03,Xavier,18,0.0439062497729346,0.9914285714285714,0.5202546315060721,0.9011111111111112,0.4929591083526611,0.9
medium,5,100005,1005,6000,32,5,relu,sgd,0.03,Xavier,19,0.0387216082641056,0.9928571428571428,0.5408007669448852,0.8888888888888888,0.5104903019799126,0.8988888888888888
medium,5,100005,1005,6000,32,5,relu,sgd,0.03,Xavier,20,0.030546547912416,0.9938095238095238,0.5586947501367993,0.8977777777777778,0.5237511486477322,0.8988888888888888
medium,5,100005,1005,6000,32,5,relu,sgd,0.03,Orthogonal,0,1.7228438241141184,0.2314285714285714,1.726121531592475,0.2244444444444444,1.7210397179921468,0.2344444444444444
medium,5,100005,1005,6000,32,5,relu,sgd,0.03,Orthogonal,1,0.3913114543188186,0.8988095238095238,0.4683017721441057,0.8777777777777778,0.4104978206422593,0.8877777777777778
medium,5,100005,1005,6000,32,5,relu,sgd,0.03,Orthogonal,2,0.3038117865153721,0.9271428571428572,0.3990654775831434,0.8966666666666666,0.3616743532816569,0.9044444444444444
medium,5,100005,1005,6000,32,5,relu,sgd,0.03,Orthogonal,3,0.2782668974286034,0.931904761904762,0.4006340903374883,0.89,0.3495328950881958,0.9155555555555556
medium,5,100005,1005,6000,32,5,relu,sgd,0.03,Orthogonal,4,0.2550932143983387,0.9407142857142856,0.3863109462791019,0.9044444444444444,0.3420147615008884,0.9122222222222224
medium,5,100005,1005,6000,32,5,relu,sgd,0.03,Orthogonal,5,0.2226521644138154,0.9538095238095238,0.3880975365307596,0.8966666666666666,0.3396853982077704,0.9155555555555556
medium,5,100005,1005,6000,32,5,relu,sgd,0.03,Orthogonal,6,0.2022891550972348,0.9583333333333334,0.3808036700884501,0.9033333333333332,0.3382582039303249,0.9222222222222224
medium,5,100005,1005,6000,32,5,relu,sgd,0.03,Orthogonal,7,0.193148200625465,0.9573809523809524,0.3910458387600051,0.8977777777777778,0.3412107276916504,0.9188888888888888
medium,5,100005,1005,6000,32,5,relu,sgd,0.03,Orthogonal,8,0.1727398334230695,0.9633333333333334,0.3875276117854648,0.9,0.3431607267591688,0.9255555555555556
medium,5,100005,1005,6000,32,5,relu,sgd,0.03,Orthogonal,9,0.1568856204123724,0.9661904761904762,0.411157855855094,0.8977777777777778,0.3574453083674113,0.9155555555555556
medium,5,100005,1005,6000,32,5,relu,sgd,0.03,Orthogonal,10,0.1393596900077093,0.97,0.4001188402043448,0.9055555555555556,0.3451650004916721,0.9233333333333332
medium,5,100005,1005,6000,32,5,relu,sgd,0.03,Orthogonal,11,0.1232172008923121,0.973095238095238,0.4172009586625629,0.8988888888888888,0.3782478025224474,0.9077777777777778
medium,5,100005,1005,6000,32,5,relu,sgd,0.03,Orthogonal,12,0.1082809369904654,0.9759523809523808,0.4221865986122025,0.8977777777777778,0.3819114589691162,0.9088888888888887
medium,5,100005,1005,6000,32,5,relu,sgd,0.03,Orthogonal,13,0.1021550336338224,0.9754761904761904,0.446752499739329,0.8944444444444445,0.4092423523796929,0.9066666666666666
medium,5,100005,1005,6000,32,5,relu,sgd,0.03,Orthogonal,14,0.0819097395170302,0.9816666666666668,0.4621076767974429,0.8922222222222222,0.4050299231211344,0.9055555555555556
medium,5,100005,1005,6000,32,5,relu,sgd,0.03,Orthogonal,15,0.0711919770354316,0.983095238095238,0.4585708677106433,0.8966666666666666,0.4218229590521918,0.9077777777777778
medium,5,100005,1005,6000,32,5,relu,sgd,0.03,Orthogonal,16,0.0616853201389312,0.9876190476190476,0.4857648687561353,0.8888888888888888,0.4494398011101617,0.9
medium,5,100005,1005,6000,32,5,relu,sgd,0.03,Orthogonal,17,0.0613081393355414,0.9871428571428572,0.5241643993722068,0.8788888888888889,0.4773158793979221,0.89
medium,5,100005,1005,6000,32,5,relu,sgd,0.03,Orthogonal,18,0.0471250477291288,0.9916666666666668,0.515248095591863,0.8933333333333333,0.4682379510667589,0.9066666666666666
medium,5,100005,1005,6000,32,5,relu,sgd,0.03,Orthogonal,19,0.0391861991655258,0.9935714285714284,0.5295182473129696,0.8911111111111111,0.4877047644721137,0.9011111111111112
medium,5,100005,1005,6000,32,5,relu,sgd,0.03,Orthogonal,20,0.0326351827950704,0.9935714285714284,0.5469387426144547,0.89,0.4910221046871609,0.9033333333333332
medium,6,100006,1006,6000,32,5,relu,sgd,0.03,RLCI,0,1.622377163115002,0.1521428571428571,1.6193854257795546,0.1588888888888888,1.6184471448262532,0.1788888888888888
medium,6,100006,1006,6000,32,5,relu,sgd,0.03,RLCI,1,0.823230227515811,0.789047619047619,0.8434504747390748,0.7755555555555556,0.818877379629347,0.7777777777777778
medium,6,100006,1006,6000,32,5,relu,sgd,0.03,RLCI,2,0.394249613171532,0.8935714285714286,0.4754719955391354,0.87,0.4438800320360395,0.8822222222222222
medium,6,100006,1006,6000,32,5,relu,sgd,0.03,RLCI,3,0.3373550428662981,0.9061904761904762,0.4307119448317422,0.8933333333333333,0.39926808224784,0.8844444444444445
medium,6,100006,1006,6000,32,5,relu,sgd,0.03,RLCI,4,0.2981782440912155,0.9223809523809524,0.400694212714831,0.9022222222222224,0.3871374479929606,0.8955555555555555
medium,6,100006,1006,6000,32,5,relu,sgd,0.03,RLCI,5,0.2793358180636451,0.9321428571428572,0.4056215216716131,0.9066666666666666,0.3927118296093411,0.9055555555555556
medium,6,100006,1006,6000,32,5,relu,sgd,0.03,RLCI,6,0.2568807170504615,0.9376190476190476,0.3987481792933411,0.9011111111111112,0.3806623281372918,0.9033333333333332
medium,6,100006,1006,6000,32,5,relu,sgd,0.03,RLCI,7,0.2388919101442609,0.9428571428571428,0.3895918289820353,0.9055555555555556,0.3744927970568339,0.9044444444444444
medium,6,100006,1006,6000,32,5,relu,sgd,0.03,RLCI,8,0.2208587787264869,0.9454761904761904,0.3984650299946467,0.91,0.3799530055787828,0.9044444444444444
medium,6,100006,1006,6000,32,5,relu,sgd,0.03,RLCI,9,0.2093630322955903,0.9516666666666668,0.3947480186157756,0.9033333333333332,0.3861346742841932,0.8977777777777778
medium,6,100006,1006,6000,32,5,relu,sgd,0.03,RLCI,10,0.1849264088131132,0.9604761904761904,0.3860320465928978,0.9111111111111112,0.3806891605589125,0.9122222222222224
medium,6,100006,1006,6000,32,5,relu,sgd,0.03,RLCI,11,0.1720140600204467,0.9607142857142856,0.3992519860466321,0.9111111111111112,0.3809668768776788,0.91
medium,6,100006,1006,6000,32,5,relu,sgd,0.03,RLCI,12,0.1624282021749587,0.966904761904762,0.4056036667525768,0.9055555555555556,0.3960368320677015,0.9088888888888887
medium,6,100006,1006,6000,32,5,relu,sgd,0.03,RLCI,13,0.1461616922560192,0.9676190476190476,0.4104427537984318,0.9111111111111112,0.3995535500844319,0.9122222222222224
medium,6,100006,1006,6000,32,5,relu,sgd,0.03,RLCI,14,0.1315758450826009,0.9716666666666668,0.4087827491429117,0.9111111111111112,0.4032895305421617,0.9055555555555556
medium,6,100006,1006,6000,32,5,relu,sgd,0.03,RLCI,15,0.1198792739141555,0.9759523809523808,0.4124828171398904,0.9133333333333332,0.4087249120076497,0.91
medium,6,100006,1006,6000,32,5,relu,sgd,0.03,RLCI,16,0.1100375396864754,0.978095238095238,0.4316568489538299,0.9111111111111112,0.4294788588417901,0.9044444444444444
medium,6,100006,1006,6000,32,5,relu,sgd,0.03,RLCI,17,0.105257552805401,0.9773809523809524,0.4415158680619465,0.9077777777777778,0.4586380545298258,0.9011111111111112
medium,6,100006,1006,6000,32,5,relu,sgd,0.03,RLCI,18,0.0912576564153035,0.9814285714285714,0.4586266193745865,0.9011111111111112,0.4545406537585788,0.9011111111111112
medium,6,100006,1006,6000,32,5,relu,sgd,0.03,RLCI,19,0.0798075342178344,0.9838095238095238,0.4731619554013014,0.9,0.4707818926705254,0.8966666666666666
medium,6,100006,1006,6000,32,5,relu,sgd,0.03,RLCI,20,0.0704115599110013,0.985,0.5096578444292148,0.8977777777777778,0.4971318631701999,0.8988888888888888
medium,6,100006,1006,6000,32,5,relu,sgd,0.03,He,0,2.0240146128336587,0.1521428571428571,1.9945472674899631,0.1588888888888888,1.9887442504035104,0.1788888888888888
medium,6,100006,1006,6000,32,5,relu,sgd,0.03,He,1,0.5054366334279379,0.8502380952380952,0.5885776546928617,0.84,0.5016038264168633,0.8422222222222222
medium,6,100006,1006,6000,32,5,relu,sgd,0.03,He,2,0.3523998578389485,0.9035714285714286,0.450791389743487,0.8866666666666667,0.4207850188679165,0.8877777777777778
medium,6,100006,1006,6000,32,5,relu,sgd,0.03,He,3,0.3143482612428211,0.9133333333333332,0.4521525215605895,0.8944444444444445,0.4025832189453973,0.8955555555555555
medium,6,100006,1006,6000,32,5,relu,sgd,0.03,He,4,0.2766919145129975,0.9283333333333332,0.435642735030916,0.8966666666666666,0.3990095159742567,0.8966666666666666
medium,6,100006,1006,6000,32,5,relu,sgd,0.03,He,5,0.2577090790158226,0.9383333333333334,0.4372719054089652,0.8888888888888888,0.4066805993186103,0.9066666666666666
medium,6,100006,1006,6000,32,5,relu,sgd,0.03,He,6,0.2317933625266665,0.9442857142857144,0.4382830793990029,0.8888888888888888,0.4100541480382283,0.8955555555555555
medium,6,100006,1006,6000,32,5,relu,sgd,0.03,He,7,0.2070021593003046,0.9516666666666668,0.4310697666969564,0.8977777777777778,0.3994861931271023,0.9077777777777778
medium,6,100006,1006,6000,32,5,relu,sgd,0.03,He,8,0.1812672324407668,0.9557142857142856,0.4518165181411637,0.8922222222222222,0.4003469276428222,0.9133333333333332
medium,6,100006,1006,6000,32,5,relu,sgd,0.03,He,9,0.1637057184037708,0.9607142857142856,0.4498246714969476,0.8955555555555555,0.412779709233178,0.9111111111111112
medium,6,100006,1006,6000,32,5,relu,sgd,0.03,He,10,0.1459310956228347,0.9666666666666668,0.4533346024817891,0.9,0.4315200471878052,0.9088888888888887
medium,6,100006,1006,6000,32,5,relu,sgd,0.03,He,11,0.1316177611123948,0.9685714285714284,0.4781337438006368,0.8944444444444445,0.429966578218672,0.9088888888888887
medium,6,100006,1006,6000,32,5,relu,sgd,0.03,He,12,0.1156068449928647,0.9721428571428572,0.490133668490582,0.8966666666666666,0.4370926083458794,0.9133333333333332
medium,6,100006,1006,6000,32,5,relu,sgd,0.03,He,13,0.098718299070994,0.9776190476190476,0.5044528180402186,0.8844444444444445,0.4571775772836473,0.9088888888888887
medium,6,100006,1006,6000,32,5,relu,sgd,0.03,He,14,0.0875218847819737,0.983095238095238,0.511403852103071,0.8877777777777778,0.4597227636973063,0.9033333333333332
medium,6,100006,1006,6000,32,5,relu,sgd,0.03,He,15,0.0778741791134788,0.9835714285714284,0.527767744190577,0.8866666666666667,0.4731773975160386,0.9111111111111112
medium,6,100006,1006,6000,32,5,relu,sgd,0.03,He,16,0.0665592684632255,0.9866666666666668,0.5508752357659654,0.8855555555555555,0.5057833925882975,0.8988888888888888
medium,6,100006,1006,6000,32,5,relu,sgd,0.03,He,17,0.0621541583538055,0.9864285714285714,0.5702812014965134,0.88,0.5265648635228475,0.9011111111111112
medium,6,100006,1006,6000,32,5,relu,sgd,0.03,He,18,0.0499287001859574,0.9892857142857144,0.5918867965425468,0.8877777777777778,0.5320116318596734,0.9033333333333332
medium,6,100006,1006,6000,32,5,relu,sgd,0.03,He,19,0.0443140648092542,0.991904761904762,0.6164504572469741,0.8811111111111111,0.5380161873499553,0.9
medium,6,100006,1006,6000,32,5,relu,sgd,0.03,He,20,0.0378494352386111,0.993095238095238,0.6559058252613371,0.88,0.5742151440514458,0.8933333333333333
medium,6,100006,1006,6000,32,5,relu,sgd,0.03,Xavier,0,1.918976215180897,0.1521428571428571,1.8949507448408336,0.1588888888888888,1.889686590830485,0.1788888888888888
medium,6,100006,1006,6000,32,5,relu,sgd,0.03,Xavier,1,0.4802616282871791,0.8607142857142858,0.5452492094039917,0.8533333333333334,0.4774642439683278,0.8611111111111112
medium,6,100006,1006,6000,32,5,relu,sgd,0.03,Xavier,2,0.3342152609143938,0.9128571428571428,0.4309510980712043,0.8888888888888888,0.4123602483007643,0.8911111111111111
medium,6,100006,1006,6000,32,5,relu,sgd,0.03,Xavier,3,0.2910620857420422,0.925952380952381,0.4239364782141314,0.9,0.3843800523546007,0.8988888888888888
medium,6,100006,1006,6000,32,5,relu,sgd,0.03,Xavier,4,0.25006898244222,0.9392857142857144,0.4058751912580596,0.9066666666666666,0.3809861326217651,0.9044444444444444
medium,6,100006,1006,6000,32,5,relu,sgd,0.03,Xavier,5,0.2332772472926548,0.9447619047619048,0.415965206987328,0.8988888888888888,0.3949007733662923,0.9088888888888887
medium,6,100006,1006,6000,32,5,relu,sgd,0.03,Xavier,6,0.2091542832056681,0.95,0.4127834416429202,0.9011111111111112,0.3971917454401652,0.9033333333333332
medium,6,100006,1006,6000,32,5,relu,sgd,0.03,Xavier,7,0.1851069221042451,0.959047619047619,0.4069534451597266,0.9033333333333332,0.3871688249376085,0.9055555555555556
medium,6,100006,1006,6000,32,5,relu,sgd,0.03,Xavier,8,0.1679017711821056,0.958095238095238,0.4264625169171227,0.9022222222222224,0.4002897045347425,0.9055555555555556
medium,6,100006,1006,6000,32,5,relu,sgd,0.03,Xavier,9,0.1524429752713158,0.9654761904761904,0.4292685537702507,0.8977777777777778,0.4138314867019653,0.9022222222222224
medium,6,100006,1006,6000,32,5,relu,sgd,0.03,Xavier,10,0.1301133248919532,0.9709523809523808,0.4299268575840526,0.9022222222222224,0.4205598068237304,0.9044444444444444
medium,6,100006,1006,6000,32,5,relu,sgd,0.03,Xavier,11,0.116824486482711,0.9723809523809523,0.4531247223416964,0.8966666666666666,0.4251811056666904,0.9066666666666666
medium,6,100006,1006,6000,32,5,relu,sgd,0.03,Xavier,12,0.1087910565875825,0.9742857142857144,0.4699461373852359,0.8977777777777778,0.4432835385534498,0.9044444444444444
medium,6,100006,1006,6000,32,5,relu,sgd,0.03,Xavier,13,0.090258229460035,0.9795238095238096,0.4757000731594032,0.8977777777777778,0.454234467347463,0.9033333333333332
medium,6,100006,1006,6000,32,5,relu,sgd,0.03,Xavier,14,0.0782820183890206,0.9845238095238096,0.4851629348513153,0.8955555555555555,0.4643383534749349,0.8966666666666666
medium,6,100006,1006,6000,32,5,relu,sgd,0.03,Xavier,15,0.0681758938516889,0.9854761904761904,0.4999823043536808,0.8977777777777778,0.4820232115851508,0.8922222222222222
medium,6,100006,1006,6000,32,5,relu,sgd,0.03,Xavier,16,0.0580293019044966,0.9897619047619048,0.5232901413076454,0.8922222222222222,0.5085591872533163,0.8988888888888888
medium,6,100006,1006,6000,32,5,relu,sgd,0.03,Xavier,17,0.056270462047486,0.9878571428571428,0.5460823529648284,0.8955555555555555,0.5304132747650147,0.8933333333333333
medium,6,100006,1006,6000,32,5,relu,sgd,0.03,Xavier,18,0.0423978849252065,0.991904761904762,0.5646561928838492,0.8966666666666666,0.5351955954233806,0.8966666666666666
medium,6,100006,1006,6000,32,5,relu,sgd,0.03,Xavier,19,0.0371039447897956,0.9921428571428572,0.5827774666249752,0.8944444444444445,0.5562447396914164,0.8911111111111111
medium,6,100006,1006,6000,32,5,relu,sgd,0.03,Xavier,20,0.0317007996070952,0.9938095238095238,0.6093514560949471,0.8922222222222222,0.5736467395888435,0.8922222222222222
medium,6,100006,1006,6000,32,5,relu,sgd,0.03,Orthogonal,0,1.8029918307349797,0.1595238095238095,1.7983320628272164,0.15,1.7890215312110054,0.1666666666666666
medium,6,100006,1006,6000,32,5,relu,sgd,0.03,Orthogonal,1,0.4247776004246303,0.8747619047619047,0.4834332658184899,0.8711111111111111,0.4525484180450439,0.8755555555555555
medium,6,100006,1006,6000,32,5,relu,sgd,0.03,Orthogonal,2,0.3292581176757812,0.9071428571428573,0.41110632803705,0.8888888888888888,0.4129662993219163,0.8955555555555555
medium,6,100006,1006,6000,32,5,relu,sgd,0.03,Orthogonal,3,0.2865198089962913,0.9261904761904762,0.3984453141027027,0.9033333333333332,0.3842017353905572,0.9022222222222224
medium,6,100006,1006,6000,32,5,relu,sgd,0.03,Orthogonal,4,0.2546090280442011,0.9404761904761904,0.3794852260086271,0.9055555555555556,0.3816277482774522,0.9088888888888887
medium,6,100006,1006,6000,32,5,relu,sgd,0.03,Orthogonal,5,0.2315488974253336,0.9473809523809524,0.3817722938458124,0.9055555555555556,0.3819727277755737,0.9144444444444444
medium,6,100006,1006,6000,32,5,relu,sgd,0.03,Orthogonal,6,0.2093511374791463,0.950952380952381,0.3792671180433697,0.9066666666666666,0.3747604992654588,0.9111111111111112
medium,6,100006,1006,6000,32,5,relu,sgd,0.03,Orthogonal,7,0.1910841880525861,0.9573809523809524,0.3731434606346819,0.9044444444444444,0.3731454581684536,0.9077777777777778
medium,6,100006,1006,6000,32,5,relu,sgd,0.03,Orthogonal,8,0.1728260512579055,0.9604761904761904,0.3839067392547925,0.9088888888888887,0.3752350412474738,0.9055555555555556
medium,6,100006,1006,6000,32,5,relu,sgd,0.03,Orthogonal,9,0.1592831638881138,0.9635714285714284,0.3935350779940684,0.9055555555555556,0.388856381840176,0.9044444444444444
medium,6,100006,1006,6000,32,5,relu,sgd,0.03,Orthogonal,10,0.1389725598834809,0.97,0.3894655217975378,0.9088888888888887,0.3898028519418504,0.92
medium,6,100006,1006,6000,32,5,relu,sgd,0.03,Orthogonal,11,0.1233680666060674,0.973095238095238,0.4003993813279602,0.9133333333333332,0.3875220849778917,0.9155555555555556
medium,6,100006,1006,6000,32,5,relu,sgd,0.03,Orthogonal,12,0.1128244955199105,0.9761904761904762,0.4139620549066199,0.9055555555555556,0.3947143885824415,0.91
medium,6,100006,1006,6000,32,5,relu,sgd,0.03,Orthogonal,13,0.0986662022272745,0.9785714285714284,0.4193790635963281,0.9088888888888887,0.4035314178466797,0.9122222222222224
medium,6,100006,1006,6000,32,5,relu,sgd,0.03,Orthogonal,14,0.0875802112760998,0.9816666666666668,0.4306203572824597,0.9055555555555556,0.4141131235493554,0.9077777777777778
medium,6,100006,1006,6000,32,5,relu,sgd,0.03,Orthogonal,15,0.0769792795181274,0.9847619047619048,0.4418786879194279,0.9077777777777778,0.4208105333646138,0.9044444444444444
medium,6,100006,1006,6000,32,5,relu,sgd,0.03,Orthogonal,16,0.0689601697240556,0.9857142857142858,0.4584396472697457,0.9077777777777778,0.445483230749766,0.9077777777777778
medium,6,100006,1006,6000,32,5,relu,sgd,0.03,Orthogonal,17,0.0660232816991351,0.9857142857142858,0.4687247161411991,0.9,0.4599733142058054,0.9066666666666666
medium,6,100006,1006,6000,32,5,relu,sgd,0.03,Orthogonal,18,0.0521632765020642,0.988095238095238,0.4931379054641972,0.9088888888888887,0.4558282744222217,0.9077777777777778
medium,6,100006,1006,6000,32,5,relu,sgd,0.03,Orthogonal,19,0.0430762792768932,0.9907142857142858,0.5024524870701135,0.9055555555555556,0.4693413829803466,0.9066666666666666
medium,6,100006,1006,6000,32,5,relu,sgd,0.03,Orthogonal,20,0.0364965683505648,0.9933333333333332,0.5191616335780256,0.9033333333333332,0.485813658369912,0.9022222222222224
medium,7,100007,1007,6000,32,5,relu,sgd,0.03,RLCI,0,1.6194594210670108,0.17,1.6138958258099023,0.1877777777777777,1.6152187013626098,0.1944444444444444
medium,7,100007,1007,6000,32,5,relu,sgd,0.03,RLCI,1,0.6437107158842541,0.8207142857142857,0.6835536752806769,0.8277777777777777,0.6830285207430522,0.7855555555555556
medium,7,100007,1007,6000,32,5,relu,sgd,0.03,RLCI,2,0.3559172444116502,0.9002380952380953,0.4507367204957538,0.8866666666666667,0.4450452749265565,0.88
medium,7,100007,1007,6000,32,5,relu,sgd,0.03,RLCI,3,0.3006468223390125,0.9233333333333332,0.3985465320282512,0.9011111111111112,0.4054027671946419,0.8833333333333333
medium,7,100007,1007,6000,32,5,relu,sgd,0.03,RLCI,4,0.284099242800758,0.9285714285714286,0.4105218472414546,0.9044444444444444,0.4005775642891725,0.8922222222222222
medium,7,100007,1007,6000,32,5,relu,sgd,0.03,RLCI,5,0.2532512296949114,0.936904761904762,0.3826169601413938,0.9066666666666666,0.3863517375124825,0.8955555555555555
medium,7,100007,1007,6000,32,5,relu,sgd,0.03,RLCI,6,0.2334326807657877,0.9473809523809524,0.378298308071163,0.9088888888888887,0.3921096368961864,0.8955555555555555
medium,7,100007,1007,6000,32,5,relu,sgd,0.03,RLCI,7,0.2194502544403076,0.9497619047619048,0.3765622647603353,0.9066666666666666,0.4035392672154638,0.8866666666666667
medium,7,100007,1007,6000,32,5,relu,sgd,0.03,RLCI,8,0.2046394820440383,0.9564285714285714,0.3912763944930501,0.9077777777777778,0.4017157205773724,0.8922222222222222
medium,7,100007,1007,6000,32,5,relu,sgd,0.03,RLCI,9,0.1883560026259649,0.9592857142857144,0.3891438547107908,0.9122222222222224,0.4071800041529867,0.8944444444444445
medium,7,100007,1007,6000,32,5,relu,sgd,0.03,RLCI,10,0.1812702133542015,0.9597619047619048,0.4122702421744664,0.8988888888888888,0.4307352346181869,0.89
medium,7,100007,1007,6000,32,5,relu,sgd,0.03,RLCI,11,0.1635676281792777,0.965952380952381,0.4126221062242984,0.9033333333333332,0.430337696224451,0.8866666666666667
medium,7,100007,1007,6000,32,5,relu,sgd,0.03,RLCI,12,0.1452022370837983,0.9707142857142858,0.4035493154161506,0.9,0.4374138599965307,0.8855555555555555
medium,7,100007,1007,6000,32,5,relu,sgd,0.03,RLCI,13,0.1413164520263672,0.9676190476190476,0.4132443469100528,0.9055555555555556,0.463418981399801,0.8844444444444445
medium,7,100007,1007,6000,32,5,relu,sgd,0.03,RLCI,14,0.1220550945826939,0.9766666666666668,0.4243630824651983,0.9011111111111112,0.4578295674837297,0.8855555555555555
medium,7,100007,1007,6000,32,5,relu,sgd,0.03,RLCI,15,0.112157297247932,0.9783333333333334,0.4357586375706725,0.9055555555555556,0.4730516025920709,0.8833333333333333
medium,7,100007,1007,6000,32,5,relu,sgd,0.03,RLCI,16,0.0954061472983587,0.9788095238095238,0.4551925362977717,0.9033333333333332,0.480694039232201,0.8911111111111111
medium,7,100007,1007,6000,32,5,relu,sgd,0.03,RLCI,17,0.085405322710673,0.9845238095238096,0.4491697151296668,0.8977777777777778,0.5075799695816305,0.8877777777777778
medium,7,100007,1007,6000,32,5,relu,sgd,0.03,RLCI,18,0.0786048985662914,0.9854761904761904,0.4915643625789218,0.8988888888888888,0.5252527785797914,0.8788888888888889
medium,7,100007,1007,6000,32,5,relu,sgd,0.03,RLCI,19,0.0680837516557602,0.9878571428571428,0.5003005178107156,0.8922222222222222,0.5296021594603857,0.8766666666666667
medium,7,100007,1007,6000,32,5,relu,sgd,0.03,RLCI,20,0.054904095899491,0.9890476190476192,0.5083051532506943,0.8888888888888888,0.5594111037254333,0.8722222222222222
medium,7,100007,1007,6000,32,5,relu,sgd,0.03,He,0,2.0787196095784504,0.17,2.0271253373887803,0.1877777777777777,2.0573027557796904,0.1944444444444444
medium,7,100007,1007,6000,32,5,relu,sgd,0.03,He,1,0.4459043148585728,0.8735714285714286,0.5347464350859324,0.8633333333333333,0.5666852923234303,0.8288888888888889
medium,7,100007,1007,6000,32,5,relu,sgd,0.03,He,2,0.3410123343694777,0.9057142857142856,0.4400193925698598,0.8755555555555555,0.4635886861218346,0.8677777777777778
medium,7,100007,1007,6000,32,5,relu,sgd,0.03,He,3,0.2852050009227934,0.9247619047619048,0.4198800490134292,0.8911111111111111,0.4438031530711386,0.8722222222222222
medium,7,100007,1007,6000,32,5,relu,sgd,0.03,He,4,0.2637811883290609,0.9352380952380952,0.430376528352499,0.8844444444444445,0.4447270086242093,0.88
medium,7,100007,1007,6000,32,5,relu,sgd,0.03,He,5,0.227233281135559,0.9473809523809524,0.407528343581491,0.8988888888888888,0.4241654810640547,0.8888888888888888
medium,7,100007,1007,6000,32,5,relu,sgd,0.03,He,6,0.2087585660389491,0.951190476190476,0.4054913435545232,0.8977777777777778,0.4297647341092427,0.8833333333333333
medium,7,100007,1007,6000,32,5,relu,sgd,0.03,He,7,0.1950924968719482,0.9545238095238096,0.4146426127768225,0.9044444444444444,0.4528983135355843,0.8777777777777778
medium,7,100007,1007,6000,32,5,relu,sgd,0.03,He,8,0.1732497444606962,0.960952380952381,0.4199523787531588,0.8944444444444445,0.4408293790287442,0.8877777777777778
medium,7,100007,1007,6000,32,5,relu,sgd,0.03,He,9,0.1555482046944754,0.9657142857142856,0.418431743548976,0.8955555555555555,0.4537927216622564,0.8766666666666667
medium,7,100007,1007,6000,32,5,relu,sgd,0.03,He,10,0.1428379914874122,0.9676190476190476,0.4538771849787897,0.8955555555555555,0.4797692070735825,0.88
medium,7,100007,1007,6000,32,5,relu,sgd,0.03,He,11,0.1231055348260062,0.9728571428571428,0.4487379588931799,0.8933333333333333,0.478807596448395,0.88
medium,7,100007,1007,6000,32,5,relu,sgd,0.03,He,12,0.1114449989228021,0.9757142857142858,0.4426621108377973,0.8988888888888888,0.4972922544346915,0.8766666666666667
medium,7,100007,1007,6000,32,5,relu,sgd,0.03,He,13,0.1032650501387459,0.9764285714285714,0.4668701357642809,0.8955555555555555,0.5208778850899802,0.8644444444444445
medium,7,100007,1007,6000,32,5,relu,sgd,0.03,He,14,0.0871838903427124,0.9811904761904762,0.4720552010792825,0.89,0.5265485243333711,0.8766666666666667
medium,7,100007,1007,6000,32,5,relu,sgd,0.03,He,15,0.0779966612089247,0.983095238095238,0.497956971352299,0.8933333333333333,0.5417474864257706,0.8722222222222222
medium,7,100007,1007,6000,32,5,relu,sgd,0.03,He,16,0.0628007940451304,0.9840476190476192,0.5132439991479947,0.8955555555555555,0.5514575809902615,0.8766666666666667
medium,7,100007,1007,6000,32,5,relu,sgd,0.03,He,17,0.0564071703524816,0.9890476190476192,0.4932907970725662,0.8988888888888888,0.5836085032092201,0.8688888888888889
medium,7,100007,1007,6000,32,5,relu,sgd,0.03,He,18,0.0480550464562007,0.99,0.5399580938824349,0.89,0.5957175499531958,0.8722222222222222
medium,7,100007,1007,6000,32,5,relu,sgd,0.03,He,19,0.0389503858770642,0.9921428571428572,0.5476078027031488,0.8966666666666666,0.6007134685582585,0.8755555555555555
medium,7,100007,1007,6000,32,5,relu,sgd,0.03,He,20,0.0308885699510574,0.9938095238095238,0.5676492083258927,0.8933333333333333,0.6474464030398263,0.8733333333333333
medium,7,100007,1007,6000,32,5,relu,sgd,0.03,Xavier,0,1.95736328851609,0.17,1.9149091418584188,0.1877777777777777,1.9377732886208427,0.1944444444444444
medium,7,100007,1007,6000,32,5,relu,sgd,0.03,Xavier,1,0.4033042539869036,0.89,0.493382423321406,0.8844444444444445,0.4983116093112363,0.86
medium,7,100007,1007,6000,32,5,relu,sgd,0.03,Xavier,2,0.3167013617924281,0.9171428571428571,0.4131405237317085,0.8855555555555555,0.4332160103983349,0.88
medium,7,100007,1007,6000,32,5,relu,sgd,0.03,Xavier,3,0.2709652660006568,0.9326190476190476,0.4007718428472678,0.9033333333333332,0.4240546015898386,0.8844444444444445
medium,7,100007,1007,6000,32,5,relu,sgd,0.03,Xavier,4,0.2464791293371291,0.94,0.4101852020786868,0.8966666666666666,0.4185831121272511,0.8877777777777778
medium,7,100007,1007,6000,32,5,relu,sgd,0.03,Xavier,5,0.2149037245341709,0.9502380952380952,0.3892896604041258,0.9,0.4088669319285287,0.8944444444444445
medium,7,100007,1007,6000,32,5,relu,sgd,0.03,Xavier,6,0.1957471509206862,0.9564285714285714,0.3868284136884742,0.9066666666666666,0.4164995815356572,0.8866666666666667
medium,7,100007,1007,6000,32,5,relu,sgd,0.03,Xavier,7,0.1791486978530883,0.9595238095238096,0.392833590383331,0.9066666666666666,0.4391727433602015,0.8777777777777778
medium,7,100007,1007,6000,32,5,relu,sgd,0.03,Xavier,8,0.1586881408237275,0.9666666666666668,0.4005219768153296,0.9033333333333332,0.4317017049259609,0.8877777777777778
medium,7,100007,1007,6000,32,5,relu,sgd,0.03,Xavier,9,0.1401353812217712,0.9695238095238096,0.4003645080327987,0.9022222222222224,0.4428881599836879,0.8855555555555555
medium,7,100007,1007,6000,32,5,relu,sgd,0.03,Xavier,10,0.1309642025402614,0.9711904761904762,0.4434940051204628,0.89,0.4764266041914622,0.8844444444444445
medium,7,100007,1007,6000,32,5,relu,sgd,0.03,Xavier,11,0.1129899185044424,0.9759523809523808,0.4370682339121898,0.8877777777777778,0.4789294431606928,0.8744444444444445
medium,7,100007,1007,6000,32,5,relu,sgd,0.03,Xavier,12,0.0971786229951041,0.9809523809523808,0.4286229241225454,0.8966666666666666,0.4838494675192568,0.88
medium,7,100007,1007,6000,32,5,relu,sgd,0.03,Xavier,13,0.0874102168991452,0.9826190476190476,0.443906330400043,0.8955555555555555,0.4981504394610723,0.8711111111111111
medium,7,100007,1007,6000,32,5,relu,sgd,0.03,Xavier,14,0.0766975028174264,0.9845238095238096,0.4593656229807271,0.8955555555555555,0.5105291498700778,0.8766666666666667
medium,7,100007,1007,6000,32,5,relu,sgd,0.03,Xavier,15,0.0639858717577798,0.9866666666666668,0.4729445127977265,0.8911111111111111,0.5227593718138006,0.8766666666666667
medium,7,100007,1007,6000,32,5,relu,sgd,0.03,Xavier,16,0.0523954473790668,0.9878571428571428,0.4736231605874167,0.9011111111111112,0.5332409656710095,0.8766666666666667
medium,7,100007,1007,6000,32,5,relu,sgd,0.03,Xavier,17,0.0476032546020689,0.9907142857142858,0.4827237048414018,0.8966666666666666,0.5723621829019653,0.8655555555555555
medium,7,100007,1007,6000,32,5,relu,sgd,0.03,Xavier,18,0.0395721044994535,0.9933333333333332,0.5135399286283387,0.8911111111111111,0.5797188598083125,0.8688888888888889
medium,7,100007,1007,6000,32,5,relu,sgd,0.03,Xavier,19,0.0323837999218986,0.9940476190476192,0.5275765060053932,0.8911111111111111,0.5796931615140704,0.8722222222222222
medium,7,100007,1007,6000,32,5,relu,sgd,0.03,Xavier,20,0.0264474999053137,0.9961904761904762,0.5369803235265944,0.8922222222222222,0.6072720809115304,0.8655555555555555
medium,7,100007,1007,6000,32,5,relu,sgd,0.03,Orthogonal,0,1.794155048188709,0.1783333333333333,1.7799904844495986,0.1877777777777777,1.7807503085666232,0.1944444444444444
medium,7,100007,1007,6000,32,5,relu,sgd,0.03,Orthogonal,1,0.3918721657707578,0.8947619047619048,0.4890043941140174,0.89,0.4906806454062462,0.8644444444444445
medium,7,100007,1007,6000,32,5,relu,sgd,0.03,Orthogonal,2,0.3062675771259126,0.9207142857142856,0.3994506976339552,0.8977777777777778,0.4112405010064442,0.8788888888888889
medium,7,100007,1007,6000,32,5,relu,sgd,0.03,Orthogonal,3,0.2687306158883231,0.9314285714285714,0.3827926747666464,0.9066666666666666,0.401382120847702,0.8877777777777778
medium,7,100007,1007,6000,32,5,relu,sgd,0.03,Orthogonal,4,0.2508027262914748,0.9378571428571428,0.4002965832418865,0.9055555555555556,0.3974876532951991,0.8955555555555555
medium,7,100007,1007,6000,32,5,relu,sgd,0.03,Orthogonal,5,0.2252182338351295,0.9488095238095238,0.3784248890479406,0.91,0.390438689092795,0.8955555555555555
medium,7,100007,1007,6000,32,5,relu,sgd,0.03,Orthogonal,6,0.2066427015122913,0.9533333333333334,0.3727177592284149,0.9077777777777778,0.3944739806320932,0.8866666666666667
medium,7,100007,1007,6000,32,5,relu,sgd,0.03,Orthogonal,7,0.1886973033632551,0.9595238095238096,0.3753487728867266,0.9,0.4019305010636647,0.8933333333333333
medium,7,100007,1007,6000,32,5,relu,sgd,0.03,Orthogonal,8,0.1702489385150727,0.964047619047619,0.3800673022866249,0.91,0.4013802911837896,0.8922222222222222
medium,7,100007,1007,6000,32,5,relu,sgd,0.03,Orthogonal,9,0.1521461679821922,0.969047619047619,0.3913067123128308,0.9077777777777778,0.411026827212837,0.8922222222222222
medium,7,100007,1007,6000,32,5,relu,sgd,0.03,Orthogonal,10,0.141173057329087,0.97,0.4012500537683566,0.8988888888888888,0.430966314971447,0.8911111111111111
medium,7,100007,1007,6000,32,5,relu,sgd,0.03,Orthogonal,11,0.1234953001567295,0.9733333333333334,0.401729405141539,0.9044444444444444,0.433036230372058,0.8922222222222222
medium,7,100007,1007,6000,32,5,relu,sgd,0.03,Orthogonal,12,0.1067286996614365,0.976904761904762,0.3998912396364741,0.9088888888888887,0.4402330256005128,0.8888888888888888
medium,7,100007,1007,6000,32,5,relu,sgd,0.03,Orthogonal,13,0.0944885501407441,0.978095238095238,0.427425689978732,0.8955555555555555,0.4638687563273642,0.8877777777777778
medium,7,100007,1007,6000,32,5,relu,sgd,0.03,Orthogonal,14,0.0838773703575134,0.9842857142857144,0.4319280532747507,0.8955555555555555,0.4771952717006206,0.8788888888888889
medium,7,100007,1007,6000,32,5,relu,sgd,0.03,Orthogonal,15,0.0724910568055652,0.9847619047619048,0.4542051688002215,0.9022222222222224,0.4972401154537996,0.8788888888888889
medium,7,100007,1007,6000,32,5,relu,sgd,0.03,Orthogonal,16,0.0581453625361124,0.9873809523809524,0.4692675137850973,0.8988888888888888,0.5011628238856792,0.8844444444444445
medium,7,100007,1007,6000,32,5,relu,sgd,0.03,Orthogonal,17,0.049200112365541,0.9911904761904762,0.469821130649911,0.8944444444444445,0.5327855968144205,0.8722222222222222
medium,7,100007,1007,6000,32,5,relu,sgd,0.03,Orthogonal,18,0.0436905103070395,0.9916666666666668,0.5067665108872784,0.8966666666666666,0.5605244919988844,0.8733333333333333
medium,7,100007,1007,6000,32,5,relu,sgd,0.03,Orthogonal,19,0.0340881429967426,0.9952380952380953,0.5104612772994571,0.8933333333333333,0.5659710918615262,0.8811111111111111
medium,7,100007,1007,6000,32,5,relu,sgd,0.03,Orthogonal,20,0.0278874276365552,0.996904761904762,0.5444751849108272,0.9011111111111112,0.596941140294075,0.8788888888888889
medium,8,100008,1008,6000,32,5,relu,sgd,0.03,RLCI,0,1.6263076709565665,0.1916666666666666,1.6306451903449164,0.1844444444444444,1.625555585225423,0.1944444444444444
medium,8,100008,1008,6000,32,5,relu,sgd,0.03,RLCI,1,0.9074428721836636,0.7269047619047619,0.9178412357966104,0.7366666666666667,0.904570540322198,0.7355555555555555
medium,8,100008,1008,6000,32,5,relu,sgd,0.03,RLCI,2,0.4780624970935639,0.8576190476190476,0.492539362112681,0.8455555555555555,0.4547318040000068,0.8388888888888889
medium,8,100008,1008,6000,32,5,relu,sgd,0.03,RLCI,3,0.3735438637506394,0.9011904761904762,0.3803575356801351,0.8944444444444445,0.359000962111685,0.8933333333333333
medium,8,100008,1008,6000,32,5,relu,sgd,0.03,RLCI,4,0.3348088219052269,0.915952380952381,0.3586944500605265,0.9011111111111112,0.3335624135533969,0.9011111111111112
medium,8,100008,1008,6000,32,5,relu,sgd,0.03,RLCI,5,0.3148028914133707,0.9185714285714286,0.3607313949531979,0.8922222222222222,0.3306541472673416,0.9022222222222224
medium,8,100008,1008,6000,32,5,relu,sgd,0.03,RLCI,6,0.2866376917702811,0.9335714285714286,0.338544922404819,0.8977777777777778,0.3253703259759479,0.9044444444444444
medium,8,100008,1008,6000,32,5,relu,sgd,0.03,RLCI,7,0.2742352294921875,0.9302380952380952,0.3643301461802588,0.8844444444444445,0.3379611032538944,0.8922222222222222
medium,8,100008,1008,6000,32,5,relu,sgd,0.03,RLCI,8,0.2463263561612083,0.9426190476190476,0.3389503730667962,0.9011111111111112,0.3144017320871353,0.9055555555555556
medium,8,100008,1008,6000,32,5,relu,sgd,0.03,RLCI,9,0.2270891909372238,0.9492857142857144,0.3451274036036597,0.8966666666666666,0.3198199410570992,0.9066666666666666
medium,8,100008,1008,6000,32,5,relu,sgd,0.03,RLCI,10,0.2306334654490153,0.9416666666666668,0.3510120165348053,0.9,0.3376476705405447,0.9088888888888887
medium,8,100008,1008,6000,32,5,relu,sgd,0.03,RLCI,11,0.1987583269391741,0.9542857142857144,0.3549984290864733,0.8988888888888888,0.342102044224739,0.9022222222222224
medium,8,100008,1008,6000,32,5,relu,sgd,0.03,RLCI,12,0.1936127610433669,0.9545238095238096,0.3606395641962687,0.9044444444444444,0.3635648057858149,0.8966666666666666
medium,8,100008,1008,6000,32,5,relu,sgd,0.03,RLCI,13,0.1816751954669044,0.9545238095238096,0.4053461217880249,0.8833333333333333,0.3753655806183815,0.8922222222222222
medium,8,100008,1008,6000,32,5,relu,sgd,0.03,RLCI,14,0.1461676306951613,0.968095238095238,0.3677003889613681,0.8988888888888888,0.3549797708127233,0.9011111111111112
medium,8,100008,1008,6000,32,5,relu,sgd,0.03,RLCI,15,0.1352650242760067,0.9723809523809523,0.3962200241618686,0.8922222222222222,0.3654962948958079,0.8911111111111111
medium,8,100008,1008,6000,32,5,relu,sgd,0.03,RLCI,16,0.1178121621268136,0.9776190476190476,0.3808306908607483,0.8977777777777778,0.3622715948356522,0.8988888888888888
medium,8,100008,1008,6000,32,5,relu,sgd,0.03,RLCI,17,0.1122708755447751,0.978095238095238,0.3931973326206207,0.8922222222222222,0.3662560779187414,0.9044444444444444
medium,8,100008,1008,6000,32,5,relu,sgd,0.03,RLCI,18,0.0987479862712678,0.9788095238095238,0.3996965218914879,0.8966666666666666,0.3911185255315568,0.8966666666666666
medium,8,100008,1008,6000,32,5,relu,sgd,0.03,RLCI,19,0.0862993054162888,0.985,0.4212719334496392,0.89,0.413595254752371,0.8922222222222222
medium,8,100008,1008,6000,32,5,relu,sgd,0.03,RLCI,20,0.0767044379029955,0.9847619047619048,0.4247548010614183,0.8955555555555555,0.3946919154789712,0.8944444444444445
medium,8,100008,1008,6000,32,5,relu,sgd,0.03,He,0,2.1306724403018045,0.1916666666666666,2.141170758141412,0.1844444444444444,2.1246025212605795,0.1944444444444444
medium,8,100008,1008,6000,32,5,relu,sgd,0.03,He,1,0.5121562040419806,0.8485714285714285,0.5353241758876377,0.8344444444444444,0.4645016442404853,0.8533333333333334
medium,8,100008,1008,6000,32,5,relu,sgd,0.03,He,2,0.386292785462879,0.8928571428571429,0.4396251577801174,0.8611111111111112,0.3924166744285159,0.8733333333333333
medium,8,100008,1008,6000,32,5,relu,sgd,0.03,He,3,0.3323209412892659,0.9114285714285716,0.3971385696199205,0.8744444444444445,0.3618657975726657,0.8888888888888888
medium,8,100008,1008,6000,32,5,relu,sgd,0.03,He,4,0.2948066625140962,0.9252380952380952,0.3879740783903334,0.8788888888888889,0.3506253839863671,0.8977777777777778
medium,8,100008,1008,6000,32,5,relu,sgd,0.03,He,5,0.2702968688238235,0.9311904761904762,0.3917820829815335,0.8833333333333333,0.3557131683826446,0.8966666666666666
medium,8,100008,1008,6000,32,5,relu,sgd,0.03,He,6,0.2365797696794782,0.9445238095238097,0.373875765270657,0.89,0.3486917948060565,0.9011111111111112
medium,8,100008,1008,6000,32,5,relu,sgd,0.03,He,7,0.2195367965244111,0.9495238095238095,0.397165806028578,0.8755555555555555,0.3592367625236511,0.8933333333333333
medium,8,100008,1008,6000,32,5,relu,sgd,0.03,He,8,0.1939109037035987,0.9542857142857144,0.3910197268591986,0.8844444444444445,0.3631592355834113,0.89
medium,8,100008,1008,6000,32,5,relu,sgd,0.03,He,9,0.1721262393678937,0.9616666666666668,0.3966461202833387,0.8811111111111111,0.3637758730517493,0.8944444444444445
medium,8,100008,1008,6000,32,5,relu,sgd,0.03,He,10,0.1740867939449492,0.9528571428571428,0.4279415493541293,0.8744444444444445,0.395047950413492,0.8966666666666666
medium,8,100008,1008,6000,32,5,relu,sgd,0.03,He,11,0.1417628204254877,0.9654761904761904,0.4317525608009762,0.8744444444444445,0.4190926048490736,0.8744444444444445
medium,8,100008,1008,6000,32,5,relu,sgd,0.03,He,12,0.1262557962962559,0.9709523809523808,0.442321973906623,0.8833333333333333,0.4342521468136046,0.8911111111111111
medium,8,100008,1008,6000,32,5,relu,sgd,0.03,He,13,0.1158761662528628,0.971904761904762,0.4807268971867031,0.8644444444444445,0.4413747185965379,0.8733333333333333
medium,8,100008,1008,6000,32,5,relu,sgd,0.03,He,14,0.0878275693030584,0.979047619047619,0.4722260641389423,0.8766666666666667,0.4473309267560641,0.8777777777777778
medium,8,100008,1008,6000,32,5,relu,sgd,0.03,He,15,0.0785125915209452,0.9840476190476192,0.4807466700341966,0.8722222222222222,0.467912696202596,0.8711111111111111
medium,8,100008,1008,6000,32,5,relu,sgd,0.03,He,16,0.0655806170191083,0.9852380952380952,0.4895554272333781,0.8688888888888889,0.4590351881252394,0.8877777777777778
medium,8,100008,1008,6000,32,5,relu,sgd,0.03,He,17,0.0547468248435429,0.9897619047619048,0.4961921542220645,0.8766666666666667,0.480613157649835,0.8822222222222222
medium,8,100008,1008,6000,32,5,relu,sgd,0.03,He,18,0.0459171661308833,0.9914285714285714,0.5363229860199822,0.8711111111111111,0.519111817644702,0.8744444444444445
medium,8,100008,1008,6000,32,5,relu,sgd,0.03,He,19,0.0411702494961874,0.9938095238095238,0.5442475759983063,0.88,0.5265158164666759,0.8677777777777778
medium,8,100008,1008,6000,32,5,relu,sgd,0.03,He,20,0.0328152589570908,0.9942857142857144,0.5657077244917552,0.8688888888888889,0.5267416170901722,0.8755555555555555
medium,8,100008,1008,6000,32,5,relu,sgd,0.03,Xavier,0,2.0002556028820218,0.1916666666666666,2.011548643642002,0.1844444444444444,1.995171535280016,0.1944444444444444
medium,8,100008,1008,6000,32,5,relu,sgd,0.03,Xavier,1,0.4852718298775809,0.8664285714285714,0.4875545732180277,0.8455555555555555,0.4278620473543802,0.8722222222222222
medium,8,100008,1008,6000,32,5,relu,sgd,0.03,Xavier,2,0.3677980477469308,0.906904761904762,0.399456572400199,0.8711111111111111,0.361374212635888,0.8911111111111111
medium,8,100008,1008,6000,32,5,relu,sgd,0.03,Xavier,3,0.3224525347210112,0.9195238095238096,0.3787088492181566,0.8933333333333333,0.3421266660425398,0.8911111111111111
medium,8,100008,1008,6000,32,5,relu,sgd,0.03,Xavier,4,0.2925232351393926,0.9278571428571428,0.3803804678387112,0.8833333333333333,0.3439352149102423,0.8955555555555555
medium,8,100008,1008,6000,32,5,relu,sgd,0.03,Xavier,5,0.2651457495916457,0.935,0.3764897819360097,0.88,0.3405996114677853,0.8966666666666666
medium,8,100008,1008,6000,32,5,relu,sgd,0.03,Xavier,6,0.2334031200408935,0.9445238095238097,0.3566649787955814,0.89,0.3376973838938607,0.8988888888888888
medium,8,100008,1008,6000,32,5,relu,sgd,0.03,Xavier,7,0.2131257969992501,0.9521428571428572,0.3785669879118601,0.8811111111111111,0.3505399865574307,0.8922222222222222
medium,8,100008,1008,6000,32,5,relu,sgd,0.03,Xavier,8,0.1948938122249784,0.955,0.3694840440485212,0.8888888888888888,0.3469819083478715,0.8944444444444445
medium,8,100008,1008,6000,32,5,relu,sgd,0.03,Xavier,9,0.1671242480050949,0.9633333333333334,0.385541742377811,0.8822222222222222,0.3563394215040736,0.8933333333333333
medium,8,100008,1008,6000,32,5,relu,sgd,0.03,Xavier,10,0.1651348781585693,0.9602380952380952,0.4000661997000376,0.8844444444444445,0.3818585693173938,0.8955555555555555
medium,8,100008,1008,6000,32,5,relu,sgd,0.03,Xavier,11,0.1357640102931431,0.9683333333333334,0.4186032615767585,0.8811111111111111,0.4048393818404939,0.8788888888888889
medium,8,100008,1008,6000,32,5,relu,sgd,0.03,Xavier,12,0.1236449347223554,0.9716666666666668,0.4222015966309441,0.8822222222222222,0.4218622169891993,0.8844444444444445
medium,8,100008,1008,6000,32,5,relu,sgd,0.03,Xavier,13,0.1085932564735412,0.975,0.4646490395069122,0.8722222222222222,0.4377698570489883,0.8744444444444445
medium,8,100008,1008,6000,32,5,relu,sgd,0.03,Xavier,14,0.0862126505942571,0.9821428571428572,0.4560986453957028,0.88,0.4395345141987006,0.8822222222222222
medium,8,100008,1008,6000,32,5,relu,sgd,0.03,Xavier,15,0.078131244069054,0.9871428571428572,0.4616019852956136,0.8744444444444445,0.4545021420386102,0.8788888888888889
medium,8,100008,1008,6000,32,5,relu,sgd,0.03,Xavier,16,0.0655524676186697,0.9861904761904762,0.4727222545279397,0.8755555555555555,0.4394535087214576,0.8944444444444445
medium,8,100008,1008,6000,32,5,relu,sgd,0.03,Xavier,17,0.0572408315681275,0.9890476190476192,0.4621118993229336,0.8844444444444445,0.4633142051431868,0.88
medium,8,100008,1008,6000,32,5,relu,sgd,0.03,Xavier,18,0.0464629710855938,0.9911904761904762,0.497213695247968,0.88,0.4860917834275298,0.8788888888888889
medium,8,100008,1008,6000,32,5,relu,sgd,0.03,Xavier,19,0.0433564862183162,0.9916666666666668,0.5218124538660049,0.8644444444444445,0.5016156242456701,0.8777777777777778
medium,8,100008,1008,6000,32,5,relu,sgd,0.03,Xavier,20,0.0343619726385389,0.9933333333333332,0.5450543088052008,0.8688888888888889,0.5174050279458364,0.8766666666666667
medium,8,100008,1008,6000,32,5,relu,sgd,0.03,Orthogonal,0,1.7102623785109747,0.1916666666666666,1.7214785114924114,0.1833333333333333,1.7064608107672796,0.1711111111111111
medium,8,100008,1008,6000,32,5,relu,sgd,0.03,Orthogonal,1,0.4867933055332729,0.8633333333333333,0.4740138220787048,0.8555555555555555,0.4431958870093028,0.8588888888888889
medium,8,100008,1008,6000,32,5,relu,sgd,0.03,Orthogonal,2,0.3765886415754045,0.8985714285714286,0.3877216635810004,0.8822222222222222,0.3609479029311074,0.8833333333333333
medium,8,100008,1008,6000,32,5,relu,sgd,0.03,Orthogonal,3,0.3339169098082042,0.911904761904762,0.3716915378305647,0.8888888888888888,0.3467223872741063,0.8877777777777778
medium,8,100008,1008,6000,32,5,relu,sgd,0.03,Orthogonal,4,0.3009071740649995,0.9235714285714286,0.3623696631855435,0.8911111111111111,0.3398509777916802,0.8966666666666666
medium,8,100008,1008,6000,32,5,relu,sgd,0.03,Orthogonal,5,0.2754841899871826,0.931904761904762,0.3648605026139153,0.8844444444444445,0.3383293602863947,0.8944444444444445
medium,8,100008,1008,6000,32,5,relu,sgd,0.03,Orthogonal,6,0.2425367010207403,0.9423809523809524,0.3410278924306233,0.8966666666666666,0.3281279400984446,0.8933333333333333
medium,8,100008,1008,6000,32,5,relu,sgd,0.03,Orthogonal,7,0.2231514739990234,0.9497619047619048,0.3581338135401408,0.8888888888888888,0.3365078290469117,0.8944444444444445
medium,8,100008,1008,6000,32,5,relu,sgd,0.03,Orthogonal,8,0.1975447139285859,0.9542857142857144,0.3456975322299533,0.8944444444444445,0.329377538445923,0.8944444444444445
medium,8,100008,1008,6000,32,5,relu,sgd,0.03,Orthogonal,9,0.179435026759193,0.960952380952381,0.3580612031618754,0.89,0.3292181496322155,0.9033333333333332
medium,8,100008,1008,6000,32,5,relu,sgd,0.03,Orthogonal,10,0.1729062237058367,0.959047619047619,0.3603415087858836,0.8911111111111111,0.3496317271722687,0.9022222222222224
medium,8,100008,1008,6000,32,5,relu,sgd,0.03,Orthogonal,11,0.1427156809398106,0.9671428571428572,0.3614624940024482,0.8966666666666666,0.3457578546139929,0.9011111111111112
medium,8,100008,1008,6000,32,5,relu,sgd,0.03,Orthogonal,12,0.1325048505692254,0.9711904761904762,0.3652408766746521,0.89,0.3721223912967576,0.8866666666666667
medium,8,100008,1008,6000,32,5,relu,sgd,0.03,Orthogonal,13,0.12590951079414,0.9685714285714284,0.412367668946584,0.8777777777777778,0.3848021324392822,0.8922222222222222
medium,8,100008,1008,6000,32,5,relu,sgd,0.03,Orthogonal,14,0.0970103556769234,0.9776190476190476,0.4006571956475576,0.8822222222222222,0.3738629382434818,0.8866666666666667
medium,8,100008,1008,6000,32,5,relu,sgd,0.03,Orthogonal,15,0.0857958798181443,0.9826190476190476,0.422720218234592,0.8822222222222222,0.3968584181533919,0.8711111111111111
medium,8,100008,1008,6000,32,5,relu,sgd,0.03,Orthogonal,16,0.0724225307646251,0.983095238095238,0.4121860565079583,0.8811111111111111,0.385842995180024,0.8833333333333333
medium,8,100008,1008,6000,32,5,relu,sgd,0.03,Orthogonal,17,0.0611744875567299,0.9878571428571428,0.4287072151899337,0.8833333333333333,0.4200319230556488,0.8766666666666667
medium,8,100008,1008,6000,32,5,relu,sgd,0.03,Orthogonal,18,0.0498370096797034,0.9892857142857144,0.447550217045678,0.8855555555555555,0.444394173870484,0.8833333333333333
medium,8,100008,1008,6000,32,5,relu,sgd,0.03,Orthogonal,19,0.0440191393239157,0.9928571428571428,0.4796644206841787,0.87,0.4523312717345026,0.8755555555555555
medium,8,100008,1008,6000,32,5,relu,sgd,0.03,Orthogonal,20,0.036278535354705,0.993095238095238,0.489180426829391,0.8733333333333333,0.4650191552854246,0.8811111111111111
medium,9,100009,1009,6000,32,5,relu,sgd,0.03,RLCI,0,1.7147179085867743,0.2130952380952381,1.713606350156996,0.2144444444444444,1.7064189471138849,0.22
medium,9,100009,1009,6000,32,5,relu,sgd,0.03,RLCI,1,0.5903513181777228,0.8128571428571428,0.5644015089670817,0.82,0.6229352513949077,0.8
medium,9,100009,1009,6000,32,5,relu,sgd,0.03,RLCI,2,0.3696879509517125,0.8985714285714286,0.3863183536132176,0.8833333333333333,0.4442804984251658,0.8822222222222222
medium,9,100009,1009,6000,32,5,relu,sgd,0.03,RLCI,3,0.328500432514009,0.911904761904762,0.360197372701433,0.8833333333333333,0.4145750129885143,0.8933333333333333
medium,9,100009,1009,6000,32,5,relu,sgd,0.03,RLCI,4,0.3094894690740676,0.9192857142857144,0.3586419793632295,0.8966666666666666,0.4234281465080049,0.88
medium,9,100009,1009,6000,32,5,relu,sgd,0.03,RLCI,5,0.2746959731692359,0.9333333333333332,0.3412932831048965,0.8966666666666666,0.4047333630588319,0.8911111111111111
medium,9,100009,1009,6000,32,5,relu,sgd,0.03,RLCI,6,0.2545081238519577,0.939047619047619,0.3401306233141157,0.9033333333333332,0.411029437051879,0.8877777777777778
medium,9,100009,1009,6000,32,5,relu,sgd,0.03,RLCI,7,0.2375255573363531,0.943095238095238,0.342475837137964,0.9044444444444444,0.4155234723620944,0.8888888888888888
medium,9,100009,1009,6000,32,5,relu,sgd,0.03,RLCI,8,0.2173237039929344,0.945952380952381,0.3365826872322294,0.9044444444444444,0.411091633439064,0.9
medium,9,100009,1009,6000,32,5,relu,sgd,0.03,RLCI,9,0.1952767551512945,0.9547619047619048,0.3324749274551868,0.9044444444444444,0.4103124635749393,0.9033333333333332
medium,9,100009,1009,6000,32,5,relu,sgd,0.03,RLCI,10,0.180873448281061,0.955952380952381,0.3358149218228128,0.9066666666666666,0.4218645243015554,0.8988888888888888
medium,9,100009,1009,6000,32,5,relu,sgd,0.03,RLCI,11,0.1598227279526846,0.9657142857142856,0.3394078544527292,0.9111111111111112,0.4349873547421561,0.8911111111111111
medium,9,100009,1009,6000,32,5,relu,sgd,0.03,RLCI,12,0.1444854059673491,0.9711904761904762,0.3469891549481286,0.9066666666666666,0.4422291479508082,0.8888888888888888
medium,9,100009,1009,6000,32,5,relu,sgd,0.03,RLCI,13,0.1310784453437442,0.9714285714285714,0.3474022103846073,0.9111111111111112,0.4582635747392972,0.8877777777777778
medium,9,100009,1009,6000,32,5,relu,sgd,0.03,RLCI,14,0.1187101368677048,0.9738095238095238,0.3626149290303389,0.9111111111111112,0.4791302304797702,0.8855555555555555
medium,9,100009,1009,6000,32,5,relu,sgd,0.03,RLCI,15,0.1056893254461742,0.9757142857142858,0.3816305651101801,0.9033333333333332,0.4900344294309616,0.89
medium,9,100009,1009,6000,32,5,relu,sgd,0.03,RLCI,16,0.090405455998012,0.9804761904761904,0.3923554400602976,0.9011111111111112,0.5039777213335037,0.8788888888888889
medium,9,100009,1009,6000,32,5,relu,sgd,0.03,RLCI,17,0.0763071057910011,0.9833333333333332,0.3930898694031768,0.9066666666666666,0.5145059214697943,0.8766666666666667
medium,9,100009,1009,6000,32,5,relu,sgd,0.03,RLCI,18,0.0655008251326424,0.986904761904762,0.4041394517322381,0.9022222222222224,0.5413027634554439,0.8822222222222222
medium,9,100009,1009,6000,32,5,relu,sgd,0.03,RLCI,19,0.0621583379450298,0.9876190476190476,0.4222036395139164,0.9022222222222224,0.5451592523852984,0.8788888888888889
medium,9,100009,1009,6000,32,5,relu,sgd,0.03,RLCI,20,0.0513323269571576,0.993095238095238,0.4175618572698699,0.8955555555555555,0.5659898743364546,0.8755555555555555
medium,9,100009,1009,6000,32,5,relu,sgd,0.03,He,0,2.940974622453962,0.2130952380952381,2.9174337747361925,0.2144444444444444,2.900059359868368,0.22
medium,9,100009,1009,6000,32,5,relu,sgd,0.03,He,1,0.5365299006870815,0.8369047619047619,0.5182815331882901,0.8422222222222222,0.5735559578405486,0.8288888888888889
medium,9,100009,1009,6000,32,5,relu,sgd,0.03,He,2,0.3702399203890846,0.9002380952380953,0.3977351004547543,0.8822222222222222,0.4510819094379742,0.8755555555555555
medium,9,100009,1009,6000,32,5,relu,sgd,0.03,He,3,0.3233374940781366,0.9142857142857144,0.3792332308822208,0.8866666666666667,0.4327165844705369,0.8811111111111111
medium,9,100009,1009,6000,32,5,relu,sgd,0.03,He,4,0.2975915926978701,0.924047619047619,0.3769025907251569,0.8888888888888888,0.4387913658221563,0.8722222222222222
medium,9,100009,1009,6000,32,5,relu,sgd,0.03,He,5,0.2599061343783424,0.935952380952381,0.3582105760441886,0.8933333333333333,0.4197142894234922,0.8822222222222222
medium,9,100009,1009,6000,32,5,relu,sgd,0.03,He,6,0.2402377137683686,0.9426190476190476,0.3618977598349253,0.8966666666666666,0.4268023231956694,0.8833333333333333
medium,9,100009,1009,6000,32,5,relu,sgd,0.03,He,7,0.2220136874062674,0.944047619047619,0.363278293940756,0.8966666666666666,0.4280247234635883,0.8877777777777778
medium,9,100009,1009,6000,32,5,relu,sgd,0.03,He,8,0.2078930259886242,0.9454761904761904,0.3659568028979831,0.8933333333333333,0.4348231502374013,0.8811111111111111
medium,9,100009,1009,6000,32,5,relu,sgd,0.03,He,9,0.1833290236336844,0.9554761904761904,0.3656640276643965,0.8955555555555555,0.4338931522104475,0.89
medium,9,100009,1009,6000,32,5,relu,sgd,0.03,He,10,0.1708375402859279,0.9564285714285714,0.3678972342279222,0.8933333333333333,0.4417718753880925,0.8833333333333333
medium,9,100009,1009,6000,32,5,relu,sgd,0.03,He,11,0.1505089808645702,0.965,0.3763109748893314,0.8888888888888888,0.4591002143091626,0.8755555555555555
medium,9,100009,1009,6000,32,5,relu,sgd,0.03,He,12,0.1325868147895449,0.9711904761904762,0.3788010048866272,0.8955555555555555,0.4661228545506795,0.8733333333333333
medium,9,100009,1009,6000,32,5,relu,sgd,0.03,He,13,0.1206609400113423,0.9742857142857144,0.3916059014532301,0.8833333333333333,0.4770383602380753,0.8766666666666667
medium,9,100009,1009,6000,32,5,relu,sgd,0.03,He,14,0.1055822363921574,0.9747619047619048,0.405961162911521,0.8933333333333333,0.4895813319418165,0.8833333333333333
medium,9,100009,1009,6000,32,5,relu,sgd,0.03,He,15,0.0930422742026192,0.9802380952380952,0.4138953410254584,0.8866666666666667,0.5024204699198405,0.8755555555555555
medium,9,100009,1009,6000,32,5,relu,sgd,0.03,He,16,0.0789002089273362,0.9838095238095238,0.4344067274199591,0.8888888888888888,0.5214276903205448,0.8722222222222222
medium,9,100009,1009,6000,32,5,relu,sgd,0.03,He,17,0.0661546918324061,0.9857142857142858,0.4408378150728014,0.8888888888888888,0.5201056495640013,0.8655555555555555
medium,9,100009,1009,6000,32,5,relu,sgd,0.03,He,18,0.0555509316637402,0.9892857142857144,0.4566533517837524,0.89,0.5409369912412432,0.8722222222222222
medium,9,100009,1009,6000,32,5,relu,sgd,0.03,He,19,0.0498091346309298,0.9911904761904762,0.4749288683467441,0.8888888888888888,0.5432326931423611,0.88
medium,9,100009,1009,6000,32,5,relu,sgd,0.03,He,20,0.0415820630107607,0.9947619047619048,0.4811599440044827,0.88,0.5665024423599243,0.8677777777777778
medium,9,100009,1009,6000,32,5,relu,sgd,0.03,Xavier,0,2.6269317699614025,0.2130952380952381,2.608633120854696,0.2144444444444444,2.592344538370768,0.22
medium,9,100009,1009,6000,32,5,relu,sgd,0.03,Xavier,1,0.4870183971949986,0.8571428571428571,0.4754470782809787,0.8566666666666667,0.5289828679296705,0.8466666666666667
medium,9,100009,1009,6000,32,5,relu,sgd,0.03,Xavier,2,0.346839211327689,0.9111904761904762,0.378104377190272,0.8855555555555555,0.4371964032120174,0.8822222222222222
medium,9,100009,1009,6000,32,5,relu,sgd,0.03,Xavier,3,0.3078051444462367,0.9202380952380952,0.359840299155977,0.9011111111111112,0.4194531831476423,0.8822222222222222
medium,9,100009,1009,6000,32,5,relu,sgd,0.03,Xavier,4,0.2752493735722133,0.9295238095238096,0.3495652390188641,0.9022222222222224,0.4205551530255211,0.8833333333333333
medium,9,100009,1009,6000,32,5,relu,sgd,0.03,Xavier,5,0.2405443368639264,0.9423809523809524,0.3339751693275239,0.9066666666666666,0.4053690608342488,0.89
medium,9,100009,1009,6000,32,5,relu,sgd,0.03,Xavier,6,0.2224833306812104,0.9454761904761904,0.3417769869168599,0.8977777777777778,0.4211082720756531,0.8866666666666667
medium,9,100009,1009,6000,32,5,relu,sgd,0.03,Xavier,7,0.2001742658160981,0.951190476190476,0.3395525054136912,0.9077777777777778,0.4223275699880388,0.8944444444444445
medium,9,100009,1009,6000,32,5,relu,sgd,0.03,Xavier,8,0.1870011804217384,0.9542857142857144,0.3474241258038414,0.9044444444444444,0.4309256326489978,0.89
medium,9,100009,1009,6000,32,5,relu,sgd,0.03,Xavier,9,0.157656690847306,0.9666666666666668,0.3433208606640497,0.9011111111111112,0.4328795864846971,0.8922222222222222
medium,9,100009,1009,6000,32,5,relu,sgd,0.03,Xavier,10,0.1442864172799246,0.965,0.3517673265271717,0.9055555555555556,0.439980842123429,0.8855555555555555
medium,9,100009,1009,6000,32,5,relu,sgd,0.03,Xavier,11,0.1245593467212858,0.9711904761904762,0.3562949774000379,0.9044444444444444,0.4685840482844247,0.8788888888888889
medium,9,100009,1009,6000,32,5,relu,sgd,0.03,Xavier,12,0.1058513564722878,0.979047619047619,0.3625502490335041,0.9022222222222224,0.469092181192504,0.8855555555555555
medium,9,100009,1009,6000,32,5,relu,sgd,0.03,Xavier,13,0.0925556844189053,0.9826190476190476,0.3727547521723641,0.8933333333333333,0.489281678530905,0.8888888888888888
medium,9,100009,1009,6000,32,5,relu,sgd,0.03,Xavier,14,0.0809014523029327,0.9835714285714284,0.3890977605846193,0.9055555555555556,0.5008252068360647,0.8788888888888889
medium,9,100009,1009,6000,32,5,relu,sgd,0.03,Xavier,15,0.0699090139071146,0.9854761904761904,0.402441140876876,0.8988888888888888,0.5276108727521367,0.8866666666666667
medium,9,100009,1009,6000,32,5,relu,sgd,0.03,Xavier,16,0.0564408699387595,0.988095238095238,0.4214843972524007,0.89,0.5420819246106677,0.88
medium,9,100009,1009,6000,32,5,relu,sgd,0.03,Xavier,17,0.046452617531731,0.9914285714285714,0.4257749183972676,0.8933333333333333,0.5577956752644645,0.8777777777777778
medium,9,100009,1009,6000,32,5,relu,sgd,0.03,Xavier,18,0.0391244900226593,0.9933333333333332,0.4509123518731859,0.8888888888888888,0.5854456742604573,0.8688888888888889
medium,9,100009,1009,6000,32,5,relu,sgd,0.03,Xavier,19,0.0327939770619074,0.995,0.4624195349216461,0.8866666666666667,0.5973334296213256,0.8711111111111111
medium,9,100009,1009,6000,32,5,relu,sgd,0.03,Xavier,20,0.0255317841541199,0.9973809523809524,0.4786155854331122,0.8866666666666667,0.6163279807898734,0.8722222222222222
medium,9,100009,1009,6000,32,5,relu,sgd,0.03,Orthogonal,0,1.90143563406808,0.2004761904761904,1.8751324441697863,0.2288888888888889,1.9085794157452052,0.21
medium,9,100009,1009,6000,32,5,relu,sgd,0.03,Orthogonal,1,0.4677683339800153,0.8707142857142857,0.4428888986508051,0.8655555555555555,0.5063463575310178,0.8533333333333334
medium,9,100009,1009,6000,32,5,relu,sgd,0.03,Orthogonal,2,0.348722885222662,0.9092857142857144,0.3700769100586573,0.8855555555555555,0.4287688333789508,0.8844444444444445
medium,9,100009,1009,6000,32,5,relu,sgd,0.03,Orthogonal,3,0.3057524179276966,0.9178571428571428,0.3466380223962996,0.8977777777777778,0.4124563588036431,0.89
medium,9,100009,1009,6000,32,5,relu,sgd,0.03,Orthogonal,4,0.2729068415505545,0.9295238095238096,0.3332383260462019,0.9033333333333332,0.4083304975099033,0.8888888888888888
medium,9,100009,1009,6000,32,5,relu,sgd,0.03,Orthogonal,5,0.2400250087465558,0.9433333333333334,0.3190125120017263,0.9022222222222224,0.3940115777154763,0.9022222222222224
medium,9,100009,1009,6000,32,5,relu,sgd,0.03,Orthogonal,6,0.2224565074557349,0.9497619047619048,0.3271141268147363,0.9088888888888887,0.4099288649857044,0.8988888888888888
medium,9,100009,1009,6000,32,5,relu,sgd,0.03,Orthogonal,7,0.199604366166251,0.951904761904762,0.3300093937085734,0.9077777777777778,0.4184836260477702,0.8966666666666666
medium,9,100009,1009,6000,32,5,relu,sgd,0.03,Orthogonal,8,0.1852798784346807,0.9545238095238096,0.3348597572909461,0.9077777777777778,0.4092502059208022,0.9044444444444444
medium,9,100009,1009,6000,32,5,relu,sgd,0.03,Orthogonal,9,0.1535999512672424,0.9666666666666668,0.3230668501059214,0.9077777777777778,0.4156603665815459,0.8944444444444445
medium,9,100009,1009,6000,32,5,relu,sgd,0.03,Orthogonal,10,0.1376035513196672,0.9683333333333334,0.3337641786038876,0.91,0.4327704343862004,0.8933333333333333
medium,9,100009,1009,6000,32,5,relu,sgd,0.03,Orthogonal,11,0.1176470675922575,0.975,0.3357789289620188,0.9055555555555556,0.4478932654857635,0.89
medium,9,100009,1009,6000,32,5,relu,sgd,0.03,Orthogonal,12,0.1032765488397507,0.9792857142857144,0.3547753285037147,0.9022222222222224,0.4647601402799288,0.8888888888888888
medium,9,100009,1009,6000,32,5,relu,sgd,0.03,Orthogonal,13,0.0884220184030987,0.9826190476190476,0.3583610406517982,0.9077777777777778,0.479218544529544,0.8888888888888888
medium,9,100009,1009,6000,32,5,relu,sgd,0.03,Orthogonal,14,0.0771033868335542,0.9811904761904762,0.381508700814512,0.9,0.5046666687726975,0.8922222222222222
medium,9,100009,1009,6000,32,5,relu,sgd,0.03,Orthogonal,15,0.0672415194624946,0.9861904761904762,0.3846819352275795,0.91,0.5398747180319494,0.8855555555555555
medium,9,100009,1009,6000,32,5,relu,sgd,0.03,Orthogonal,16,0.0550284299396333,0.9907142857142858,0.3900835113061799,0.9033333333333332,0.5427131988936,0.8877777777777778
medium,9,100009,1009,6000,32,5,relu,sgd,0.03,Orthogonal,17,0.0447835317395982,0.9909523809523808,0.4195364676250351,0.8944444444444445,0.5732875286704964,0.8833333333333333
medium,9,100009,1009,6000,32,5,relu,sgd,0.03,Orthogonal,18,0.0373481079794111,0.9938095238095238,0.4368664992248846,0.8944444444444445,0.5811454096602069,0.8766666666666667
medium,9,100009,1009,6000,32,5,relu,sgd,0.03,Orthogonal,19,0.0285422144617353,0.9966666666666668,0.4398954282452663,0.8988888888888888,0.6008337003986041,0.8811111111111111
medium,9,100009,1009,6000,32,5,relu,sgd,0.03,Orthogonal,20,0.0241606847161338,0.9973809523809524,0.4441456956995858,0.8955555555555555,0.6088173288106918,0.8833333333333333
hard,0,200000,1000,6000,32,5,relu,sgd,0.03,RLCI,0,1.711145277477446,0.1928571428571428,1.712251370218065,0.1911111111111111,1.7263282664616904,0.1955555555555555
hard,0,200000,1000,6000,32,5,relu,sgd,0.03,RLCI,1,1.2106146948678154,0.5269047619047619,1.2652247100406222,0.5022222222222222,1.2641856484942966,0.5011111111111111
hard,0,200000,1000,6000,32,5,relu,sgd,0.03,RLCI,2,0.8861208161853609,0.6916666666666667,1.0002549420462714,0.6266666666666667,1.0022998281319937,0.6433333333333333
hard,0,200000,1000,6000,32,5,relu,sgd,0.03,RLCI,3,0.7051174100240072,0.7745238095238095,0.8850790709919399,0.7011111111111111,0.9113107268015544,0.6911111111111111
hard,0,200000,1000,6000,32,5,relu,sgd,0.03,RLCI,4,0.5804904892331078,0.8328571428571429,0.809990425242318,0.7466666666666667,0.8384420808156331,0.73
hard,0,200000,1000,6000,32,5,relu,sgd,0.03,RLCI,5,0.5302945745558966,0.8454761904761905,0.8255791155497233,0.7455555555555555,0.8565082772572835,0.7244444444444444
hard,0,200000,1000,6000,32,5,relu,sgd,0.03,RLCI,6,0.4575922757103329,0.87,0.8154187146822611,0.7533333333333333,0.8235259494516585,0.7422222222222222
hard,0,200000,1000,6000,32,5,relu,sgd,0.03,RLCI,7,0.4095169862111409,0.8821428571428571,0.8146153838104672,0.76,0.846984671552976,0.7522222222222222
hard,0,200000,1000,6000,32,5,relu,sgd,0.03,RLCI,8,0.3507464490618024,0.8990476190476191,0.804745818508996,0.7755555555555556,0.8201673656702042,0.7622222222222222
hard,0,200000,1000,6000,32,5,relu,sgd,0.03,RLCI,9,0.3302807440076555,0.9054761904761904,0.8524580510457357,0.7577777777777778,0.8571101331710815,0.7577777777777778
hard,0,200000,1000,6000,32,5,relu,sgd,0.03,RLCI,10,0.2855823766617548,0.921904761904762,0.8554678107632531,0.7611111111111111,0.8819685886303584,0.75
hard,0,200000,1000,6000,32,5,relu,sgd,0.03,RLCI,11,0.24584037621816,0.9328571428571428,0.8696746204959022,0.7622222222222222,0.9312078510059252,0.7388888888888889
hard,0,200000,1000,6000,32,5,relu,sgd,0.03,RLCI,12,0.2130674166906447,0.9397619047619048,0.9047166911760964,0.77,0.9282010014520752,0.76
hard,0,200000,1000,6000,32,5,relu,sgd,0.03,RLCI,13,0.1790578453881399,0.9495238095238095,0.9112885541386074,0.7788888888888889,0.9449647192160288,0.76
hard,0,200000,1000,6000,32,5,relu,sgd,0.03,RLCI,14,0.1658001729420253,0.9516666666666668,0.949468227757348,0.7588888888888888,1.0168177444405029,0.7488888888888889
hard,0,200000,1000,6000,32,5,relu,sgd,0.03,RLCI,15,0.1311635444277809,0.9673809523809525,1.0427638064490423,0.7433333333333333,1.0383455101980104,0.7444444444444445
hard,0,200000,1000,6000,32,5,relu,sgd,0.03,RLCI,16,0.1076960739635286,0.9757142857142858,1.0563934694396124,0.77,1.077031057079633,0.7477777777777778
hard,0,200000,1000,6000,32,5,relu,sgd,0.03,RLCI,17,0.1037391563824245,0.9692857142857144,1.1662104574839274,0.7511111111111111,1.2162804616822136,0.7411111111111112
hard,0,200000,1000,6000,32,5,relu,sgd,0.03,RLCI,18,0.0755169476781572,0.9835714285714284,1.1454850737253826,0.7588888888888888,1.2408235554231537,0.7433333333333333
hard,0,200000,1000,6000,32,5,relu,sgd,0.03,RLCI,19,0.0579852242129189,0.9897619047619048,1.2801769844690958,0.7466666666666667,1.3090302086869876,0.7455555555555555
hard,0,200000,1000,6000,32,5,relu,sgd,0.03,RLCI,20,0.0463083650952293,0.9926190476190476,1.291059863832262,0.7488888888888889,1.3524418524901072,0.7455555555555555
hard,0,200000,1000,6000,32,5,relu,sgd,0.03,He,0,2.060285026913597,0.1928571428571428,2.066835782792833,0.1911111111111111,2.102847523159451,0.1955555555555555
hard,0,200000,1000,6000,32,5,relu,sgd,0.03,He,1,1.1216769427344913,0.5771428571428572,1.1934686575995552,0.5233333333333333,1.2022286290592616,0.54
hard,0,200000,1000,6000,32,5,relu,sgd,0.03,He,2,0.8365363093784878,0.7185714285714285,0.9664963054656982,0.6511111111111111,0.988089473909802,0.6577777777777778
hard,0,200000,1000,6000,32,5,relu,sgd,0.03,He,3,0.680947501772926,0.7830952380952381,0.9027206838130952,0.6933333333333334,0.9272882133060032,0.6933333333333334
hard,0,200000,1000,6000,32,5,relu,sgd,0.03,He,4,0.5789373352414086,0.8321428571428572,0.8590528795454238,0.7188888888888889,0.889578315284517,0.7133333333333334
hard,0,200000,1000,6000,32,5,relu,sgd,0.03,He,5,0.5226620973859515,0.8447619047619047,0.8573497231801351,0.7311111111111112,0.8977941575315264,0.7144444444444444
hard,0,200000,1000,6000,32,5,relu,sgd,0.03,He,6,0.4474481764293852,0.8652380952380953,0.8728319395913018,0.7333333333333333,0.8798394692606396,0.7188888888888889
hard,0,200000,1000,6000,32,5,relu,sgd,0.03,He,7,0.3958659730638776,0.8883333333333333,0.8864627544085185,0.7422222222222222,0.9100618970394134,0.7366666666666667
hard,0,200000,1000,6000,32,5,relu,sgd,0.03,He,8,0.3464387021745954,0.9038095238095238,0.8632938098907471,0.7633333333333333,0.8792567783925268,0.7466666666666667
hard,0,200000,1000,6000,32,5,relu,sgd,0.03,He,9,0.3123263608841669,0.913095238095238,0.9186581332153744,0.75,0.924460213581721,0.7411111111111112
hard,0,200000,1000,6000,32,5,relu,sgd,0.03,He,10,0.2949351478758312,0.9123809523809524,0.970202457639906,0.7244444444444444,0.9827730725871192,0.7333333333333333
hard,0,200000,1000,6000,32,5,relu,sgd,0.03,He,11,0.2301668339683896,0.933095238095238,0.9806390749083624,0.7455555555555555,1.0219808002975252,0.74
hard,0,200000,1000,6000,32,5,relu,sgd,0.03,He,12,0.1982008021218436,0.9442857142857144,0.9900794037183126,0.7455555555555555,1.0134840945733918,0.7544444444444445
hard,0,200000,1000,6000,32,5,relu,sgd,0.03,He,13,0.1694115920293898,0.9535714285714286,1.0387439515855577,0.7533333333333333,1.0387206748459077,0.7633333333333333
hard,0,200000,1000,6000,32,5,relu,sgd,0.03,He,14,0.1479244590940929,0.9611904761904762,1.077619377772013,0.7377777777777778,1.0937320535381636,0.7444444444444445
hard,0,200000,1000,6000,32,5,relu,sgd,0.03,He,15,0.1245104126703171,0.9697619047619048,1.1657622904247709,0.73,1.1683418238162997,0.7333333333333333
hard,0,200000,1000,6000,32,5,relu,sgd,0.03,He,16,0.1096199503399076,0.9738095238095238,1.2062165440453425,0.7422222222222222,1.2174945796860588,0.7266666666666667
hard,0,200000,1000,6000,32,5,relu,sgd,0.03,He,17,0.0934549324853079,0.9776190476190476,1.281059923701816,0.7433333333333333,1.2902240543895298,0.74
hard,0,200000,1000,6000,32,5,relu,sgd,0.03,He,18,0.0771907269387018,0.9842857142857144,1.2994554879930285,0.7344444444444445,1.3251517075300216,0.7266666666666667
hard,0,200000,1000,6000,32,5,relu,sgd,0.03,He,19,0.0715359272275652,0.981904761904762,1.4239319303300646,0.7333333333333333,1.4308125434981451,0.7188888888888889
hard,0,200000,1000,6000,32,5,relu,sgd,0.03,He,20,0.0519361797400883,0.9923809523809524,1.3813546832402548,0.7522222222222222,1.4302725899219513,0.7255555555555555
hard,0,200000,1000,6000,32,5,relu,sgd,0.03,Xavier,0,1.9488795798165457,0.1928571428571428,1.9535544533199731,0.1911111111111111,1.98358296500312,0.1955555555555555
hard,0,200000,1000,6000,32,5,relu,sgd,0.03,Xavier,1,1.1029309717814129,0.5866666666666667,1.1775448552767436,0.5455555555555556,1.1753274295065137,0.5477777777777778
hard,0,200000,1000,6000,32,5,relu,sgd,0.03,Xavier,2,0.7939978390648251,0.7366666666666667,0.9316236882739596,0.6555555555555556,0.9420931940608556,0.6677777777777778
hard,0,200000,1000,6000,32,5,relu,sgd,0.03,Xavier,3,0.6219277218409947,0.8107142857142857,0.8624865052435133,0.7233333333333334,0.8658008280065325,0.7111111111111111
hard,0,200000,1000,6000,32,5,relu,sgd,0.03,Xavier,4,0.5214544950212752,0.8547619047619047,0.8117465264267392,0.7544444444444445,0.8124496683809492,0.7477777777777778
hard,0,200000,1000,6000,32,5,relu,sgd,0.03,Xavier,5,0.4656496202378046,0.8661904761904762,0.8176015159818861,0.7544444444444445,0.8208836356798808,0.7433333333333333
hard,0,200000,1000,6000,32,5,relu,sgd,0.03,Xavier,6,0.397847367241269,0.8902380952380953,0.8347430639796787,0.7533333333333333,0.8060926365190082,0.76
hard,0,200000,1000,6000,32,5,relu,sgd,0.03,Xavier,7,0.3793877288273403,0.8859523809523809,0.8761995124816895,0.7533333333333333,0.8946634882026249,0.7477777777777778
hard,0,200000,1000,6000,32,5,relu,sgd,0.03,Xavier,8,0.3219358235313779,0.9097619047619048,0.8705918839242723,0.7677777777777778,0.8493315385447608,0.7588888888888888
hard,0,200000,1000,6000,32,5,relu,sgd,0.03,Xavier,9,0.2779951318105061,0.9216666666666666,0.9129765004581876,0.7455555555555555,0.8798582408163282,0.7577777777777778
hard,0,200000,1000,6000,32,5,relu,sgd,0.03,Xavier,10,0.2348997127442132,0.935952380952381,0.9365415743986766,0.75,0.8988846360312568,0.7533333333333333
hard,0,200000,1000,6000,32,5,relu,sgd,0.03,Xavier,11,0.1994387758345831,0.943095238095238,0.9595163852638668,0.7455555555555555,0.963313861687978,0.7455555555555555
hard,0,200000,1000,6000,32,5,relu,sgd,0.03,Xavier,12,0.1772882863453456,0.949047619047619,0.9666193517049154,0.7577777777777778,0.9676631384425692,0.7544444444444445
hard,0,200000,1000,6000,32,5,relu,sgd,0.03,Xavier,13,0.1447828422273908,0.9585714285714284,1.0090012335777283,0.7633333333333333,0.996199189821879,0.7633333333333333
hard,0,200000,1000,6000,32,5,relu,sgd,0.03,Xavier,14,0.1440078369776407,0.960952380952381,1.1095924064848155,0.74,1.0908866722053951,0.7411111111111112
hard,0,200000,1000,6000,32,5,relu,sgd,0.03,Xavier,15,0.1008124386696588,0.974047619047619,1.126414713329739,0.7488888888888889,1.0992365233103434,0.7511111111111111
hard,0,200000,1000,6000,32,5,relu,sgd,0.03,Xavier,16,0.0819962741079784,0.985,1.1330860646565757,0.7577777777777778,1.125829550690121,0.7455555555555555
hard,0,200000,1000,6000,32,5,relu,sgd,0.03,Xavier,17,0.0716345940317426,0.9828571428571428,1.1996985342767503,0.75,1.1941839665836758,0.7411111111111112
hard,0,200000,1000,6000,32,5,relu,sgd,0.03,Xavier,18,0.0517040287313007,0.9914285714285714,1.2610873283280266,0.7511111111111111,1.248038317494922,0.7355555555555555
hard,0,200000,1000,6000,32,5,relu,sgd,0.03,Xavier,19,0.0481853628158569,0.9933333333333332,1.3747704431745742,0.7344444444444445,1.306376363436381,0.7488888888888889
hard,0,200000,1000,6000,32,5,relu,sgd,0.03,Xavier,20,0.0300479848895754,0.9959523809523808,1.4120089035564,0.7533333333333333,1.3444636707835729,0.7533333333333333
hard,0,200000,1000,6000,32,5,relu,sgd,0.03,Orthogonal,0,1.690541988554455,0.1902380952380952,1.69052826139662,0.1855555555555555,1.6988616148630775,0.1755555555555555
hard,0,200000,1000,6000,32,5,relu,sgd,0.03,Orthogonal,1,1.1298987851824078,0.5680952380952381,1.20000475247701,0.5322222222222223,1.1985696228345235,0.5233333333333333
hard,0,200000,1000,6000,32,5,relu,sgd,0.03,Orthogonal,2,0.8226787221999395,0.73,0.9461527972751194,0.6766666666666666,0.9252430619133843,0.6688888888888889
hard,0,200000,1000,6000,32,5,relu,sgd,0.03,Orthogonal,3,0.6432013902210054,0.8116666666666666,0.847398944430881,0.7344444444444445,0.8057334690623813,0.7355555555555555
hard,0,200000,1000,6000,32,5,relu,sgd,0.03,Orthogonal,4,0.5185261054266067,0.8602380952380952,0.7788776773876614,0.7655555555555555,0.7340686130523681,0.7855555555555556
hard,0,200000,1000,6000,32,5,relu,sgd,0.03,Orthogonal,5,0.4497899922870454,0.8790476190476191,0.7594340266121758,0.79,0.7242270053757561,0.7877777777777778
hard,0,200000,1000,6000,32,5,relu,sgd,0.03,Orthogonal,6,0.3869382340567452,0.9002380952380953,0.8029432672924466,0.76,0.7230699306064182,0.7888888888888889
hard,0,200000,1000,6000,32,5,relu,sgd,0.03,Orthogonal,7,0.3393268421718052,0.905952380952381,0.8260525449117024,0.7711111111111111,0.7580913641717699,0.7933333333333333
hard,0,200000,1000,6000,32,5,relu,sgd,0.03,Orthogonal,8,0.2916620408921014,0.9176190476190476,0.8540691826078627,0.7788888888888889,0.7817127452956305,0.7844444444444445
hard,0,200000,1000,6000,32,5,relu,sgd,0.03,Orthogonal,9,0.2691506742295764,0.9285714285714286,0.8823275815116035,0.7677777777777778,0.7854082136021721,0.7955555555555556
hard,0,200000,1000,6000,32,5,relu,sgd,0.03,Orthogonal,10,0.2183114324297223,0.944047619047619,0.9039238214492796,0.7677777777777778,0.8162054663234287,0.7777777777777778
hard,0,200000,1000,6000,32,5,relu,sgd,0.03,Orthogonal,11,0.2052006228764852,0.940952380952381,0.9614790386623806,0.7555555555555555,0.918733425007926,0.7611111111111111
hard,0,200000,1000,6000,32,5,relu,sgd,0.03,Orthogonal,12,0.180748108455113,0.9466666666666668,0.9898644049962362,0.7555555555555555,0.9466194372706944,0.7688888888888888
hard,0,200000,1000,6000,32,5,relu,sgd,0.03,Orthogonal,13,0.1477895307540893,0.960952380952381,1.0057388310962254,0.7688888888888888,0.934604464504454,0.7844444444444445
hard,0,200000,1000,6000,32,5,relu,sgd,0.03,Orthogonal,14,0.141158759139833,0.96,1.0730957285563152,0.7588888888888888,1.0340841166178385,0.7666666666666667
hard,0,200000,1000,6000,32,5,relu,sgd,0.03,Orthogonal,15,0.1189788285891215,0.965,1.1692784701453316,0.7633333333333333,1.0693118953704834,0.7733333333333333
hard,0,200000,1000,6000,32,5,relu,sgd,0.03,Orthogonal,16,0.1088065853573027,0.9688095238095238,1.2007969156901042,0.7477777777777778,1.1352321481704712,0.7544444444444445
hard,0,200000,1000,6000,32,5,relu,sgd,0.03,Orthogonal,17,0.1011449268886021,0.9709523809523808,1.271367177433438,0.7322222222222222,1.229011288219028,0.7444444444444445
hard,0,200000,1000,6000,32,5,relu,sgd,0.03,Orthogonal,18,0.0830046708243233,0.9766666666666668,1.25188961452908,0.7533333333333333,1.24203537940979,0.7533333333333333
hard,0,200000,1000,6000,32,5,relu,sgd,0.03,Orthogonal,19,0.0880314069702511,0.9735714285714284,1.3882579464382596,0.7288888888888889,1.307700256506602,0.7433333333333333
hard,0,200000,1000,6000,32,5,relu,sgd,0.03,Orthogonal,20,0.0671642274515969,0.9821428571428572,1.4176355022854277,0.7522222222222222,1.2686222076416016,0.76
hard,1,200001,1001,6000,32,5,relu,sgd,0.03,RLCI,0,1.6889537447974796,0.1897619047619047,1.6838586309221055,0.19,1.6760405927234223,0.2111111111111111
hard,1,200001,1001,6000,32,5,relu,sgd,0.03,RLCI,1,1.224084085736956,0.5269047619047619,1.277330864270528,0.4988888888888889,1.2685287687513562,0.5088888888888888
hard,1,200001,1001,6000,32,5,relu,sgd,0.03,RLCI,2,0.9224065489996048,0.6773809523809524,1.0453018514315289,0.6344444444444445,0.9726610143979392,0.6633333333333333
hard,1,200001,1001,6000,32,5,relu,sgd,0.03,RLCI,3,0.7273627199445452,0.7619047619047619,0.9096358606550428,0.7088888888888889,0.825671919716729,0.7333333333333333
hard,1,200001,1001,6000,32,5,relu,sgd,0.03,RLCI,4,0.6185530653454009,0.8178571428571428,0.8424863810009426,0.7311111111111112,0.7567270074950324,0.7577777777777778
hard,1,200001,1001,6000,32,5,relu,sgd,0.03,RLCI,5,0.538545652117048,0.8485714285714285,0.8252461454603407,0.76,0.7342109963628981,0.78
hard,1,200001,1001,6000,32,5,relu,sgd,0.03,RLCI,6,0.4539036814371744,0.8773809523809524,0.8201979298061794,0.7644444444444445,0.7251661440398958,0.79
hard,1,200001,1001,6000,32,5,relu,sgd,0.03,RLCI,7,0.4150755246480306,0.8869047619047619,0.8241932005352444,0.7722222222222223,0.7056045171287325,0.7977777777777778
hard,1,200001,1001,6000,32,5,relu,sgd,0.03,RLCI,8,0.3747185611724853,0.8992857142857142,0.8534330670038859,0.7666666666666667,0.7115516116221746,0.7988888888888889
hard,1,200001,1001,6000,32,5,relu,sgd,0.03,RLCI,9,0.3308376144227527,0.9097619047619048,0.8571793927086724,0.7711111111111111,0.7718320270379384,0.7966666666666666
hard,1,200001,1001,6000,32,5,relu,sgd,0.03,RLCI,10,0.2983279314495268,0.911904761904762,0.9159710868199666,0.77,0.7784522369835112,0.7988888888888889
hard,1,200001,1001,6000,32,5,relu,sgd,0.03,RLCI,11,0.2756273260570708,0.9235714285714286,0.9369519790013632,0.7588888888888888,0.8427525109714932,0.7844444444444445
hard,1,200001,1001,6000,32,5,relu,sgd,0.03,RLCI,12,0.2217488470531645,0.9416666666666668,0.9659824222988552,0.76,0.850646915535132,0.7866666666666666
hard,1,200001,1001,6000,32,5,relu,sgd,0.03,RLCI,13,0.2116679786500476,0.9426190476190476,1.0324627780914306,0.7544444444444445,0.9049366693695386,0.7788888888888889
hard,1,200001,1001,6000,32,5,relu,sgd,0.03,RLCI,14,0.1753724920182001,0.9526190476190476,1.0303946908315025,0.76,0.9060147871159844,0.78
hard,1,200001,1001,6000,32,5,relu,sgd,0.03,RLCI,15,0.1332621163413638,0.9673809523809525,1.0542697514428032,0.7544444444444445,0.9427821191814212,0.7877777777777778
hard,1,200001,1001,6000,32,5,relu,sgd,0.03,RLCI,16,0.1206324533053806,0.9695238095238096,1.1436047066582573,0.7711111111111111,1.0129056253698137,0.7855555555555556
hard,1,200001,1001,6000,32,5,relu,sgd,0.03,RLCI,17,0.097717193194798,0.9761904761904762,1.1541393513149685,0.7688888888888888,1.0230030771096548,0.7944444444444444
hard,1,200001,1001,6000,32,5,relu,sgd,0.03,RLCI,18,0.080191262449537,0.983095238095238,1.2132460848490396,0.7555555555555555,1.0460909764758417,0.7855555555555556
hard,1,200001,1001,6000,32,5,relu,sgd,0.03,RLCI,19,0.0679053483122871,0.9871428571428572,1.26891937467787,0.7644444444444445,1.1565893358385395,0.7688888888888888
hard,1,200001,1001,6000,32,5,relu,sgd,0.03,RLCI,20,0.0583854369322458,0.9866666666666668,1.3217814350128174,0.7622222222222222,1.1489836257199446,0.7844444444444445
hard,1,200001,1001,6000,32,5,relu,sgd,0.03,He,0,2.075534715198335,0.1897619047619047,2.062991818851895,0.19,2.0372815397050648,0.2111111111111111
hard,1,200001,1001,6000,32,5,relu,sgd,0.03,He,1,1.192977173214867,0.5407142857142857,1.266079774432712,0.49,1.2523520024617514,0.5122222222222222
hard,1,200001,1001,6000,32,5,relu,sgd,0.03,He,2,0.8965492575509207,0.689047619047619,1.0566074191199408,0.6233333333333333,0.9842327049043444,0.6555555555555556
hard,1,200001,1001,6000,32,5,relu,sgd,0.03,He,3,0.7380657014392671,0.7542857142857143,0.9610331885019938,0.6833333333333333,0.8732044948471918,0.7055555555555556
hard,1,200001,1001,6000,32,5,relu,sgd,0.03,He,4,0.6265999984741211,0.8119047619047619,0.8986335113313463,0.7133333333333334,0.8175065371725294,0.7344444444444445
hard,1,200001,1001,6000,32,5,relu,sgd,0.03,He,5,0.5400497563680013,0.8452380952380952,0.889475474357605,0.7388888888888889,0.7760501931773292,0.7566666666666667
hard,1,200001,1001,6000,32,5,relu,sgd,0.03,He,6,0.4619888641720726,0.8704761904761905,0.8933914232254029,0.7277777777777777,0.7813469192716811,0.7644444444444445
hard,1,200001,1001,6000,32,5,relu,sgd,0.03,He,7,0.4249924668811616,0.8814285714285715,0.9039564368459914,0.7411111111111112,0.7558473128742642,0.7666666666666667
hard,1,200001,1001,6000,32,5,relu,sgd,0.03,He,8,0.3623098300752185,0.8976190476190476,0.911041865878635,0.7455555555555555,0.7626073935627937,0.77
hard,1,200001,1001,6000,32,5,relu,sgd,0.03,He,9,0.3358893548874628,0.9057142857142856,0.9218144114812216,0.75,0.801854609714614,0.76
hard,1,200001,1001,6000,32,5,relu,sgd,0.03,He,10,0.300378455661592,0.9092857142857144,0.9965411843193902,0.7333333333333333,0.8371009816063775,0.7566666666666667
hard,1,200001,1001,6000,32,5,relu,sgd,0.03,He,11,0.283277195975894,0.918809523809524,1.027033165825738,0.7355555555555555,0.858109656141864,0.7633333333333333
hard,1,200001,1001,6000,32,5,relu,sgd,0.03,He,12,0.2418779795510428,0.9271428571428572,1.0838171021143594,0.7277777777777777,0.951630750571688,0.7511111111111111
hard,1,200001,1001,6000,32,5,relu,sgd,0.03,He,13,0.2277482078188941,0.930952380952381,1.1088919655481977,0.7388888888888889,0.9408726931942832,0.7522222222222222
hard,1,200001,1001,6000,32,5,relu,sgd,0.03,He,14,0.1696149869192214,0.9538095238095238,1.1417468775643242,0.7466666666666667,0.9367630028062396,0.7588888888888888
hard,1,200001,1001,6000,32,5,relu,sgd,0.03,He,15,0.1360417942773728,0.9661904761904762,1.1918775722715589,0.7344444444444445,0.9850816456476847,0.7477777777777778
hard,1,200001,1001,6000,32,5,relu,sgd,0.03,He,16,0.1234878723961966,0.9685714285714284,1.2199980301327176,0.7522222222222222,1.0217785398165384,0.7566666666666667
hard,1,200001,1001,6000,32,5,relu,sgd,0.03,He,17,0.0992802401951381,0.973095238095238,1.2691439914703369,0.7255555555555555,1.0455976538856824,0.7588888888888888
hard,1,200001,1001,6000,32,5,relu,sgd,0.03,He,18,0.07913361958095,0.983095238095238,1.339805114534166,0.7422222222222222,1.0841884867681395,0.7577777777777778
hard,1,200001,1001,6000,32,5,relu,sgd,0.03,He,19,0.0733419786180768,0.9866666666666668,1.422430968814426,0.7111111111111111,1.1944124017159143,0.7355555555555555
hard,1,200001,1001,6000,32,5,relu,sgd,0.03,He,20,0.0634792566867101,0.9866666666666668,1.519345384173923,0.73,1.216988333662351,0.7622222222222222
hard,1,200001,1001,6000,32,5,relu,sgd,0.03,Xavier,0,1.947503654843285,0.1897619047619047,1.9369842841890124,0.19,1.9167314518822565,0.2111111111111111
hard,1,200001,1001,6000,32,5,relu,sgd,0.03,Xavier,1,1.1719891193934848,0.5426190476190477,1.2485280932320488,0.4977777777777777,1.2336938582526311,0.5122222222222222
hard,1,200001,1001,6000,32,5,relu,sgd,0.03,Xavier,2,0.8434530766805013,0.7123809523809523,1.006534833908081,0.6444444444444445,0.9324265645609962,0.6822222222222222
hard,1,200001,1001,6000,32,5,relu,sgd,0.03,Xavier,3,0.6668907292683919,0.7911904761904762,0.9064906952116224,0.7022222222222222,0.8079507965511746,0.7311111111111112
hard,1,200001,1001,6000,32,5,relu,sgd,0.03,Xavier,4,0.558403126852853,0.8421428571428572,0.8530558978186713,0.73,0.7633040750688976,0.7644444444444445
hard,1,200001,1001,6000,32,5,relu,sgd,0.03,Xavier,5,0.4959211131504604,0.8590476190476191,0.8601993306477864,0.7455555555555555,0.7486044610208935,0.7777777777777778
hard,1,200001,1001,6000,32,5,relu,sgd,0.03,Xavier,6,0.412253421601795,0.8857142857142857,0.8507806264029609,0.7566666666666667,0.7490778053137991,0.7788888888888889
hard,1,200001,1001,6000,32,5,relu,sgd,0.03,Xavier,7,0.3867242086501348,0.8890476190476191,0.8751166296005249,0.7566666666666667,0.7514757189154625,0.7833333333333333
hard,1,200001,1001,6000,32,5,relu,sgd,0.03,Xavier,8,0.337597264335269,0.9045238095238096,0.8800635931226942,0.7544444444444445,0.7634354331758287,0.7833333333333333
hard,1,200001,1001,6000,32,5,relu,sgd,0.03,Xavier,9,0.2995591585976737,0.9207142857142856,0.9153687397638955,0.7333333333333333,0.8134937548306254,0.7677777777777778
hard,1,200001,1001,6000,32,5,relu,sgd,0.03,Xavier,10,0.3069713297344389,0.9035714285714286,1.0166270605723062,0.7322222222222222,0.8678850301106771,0.7744444444444445
hard,1,200001,1001,6000,32,5,relu,sgd,0.03,Xavier,11,0.2350520015898205,0.9364285714285714,0.945900658501519,0.7577777777777778,0.8371387142936388,0.7811111111111111
hard,1,200001,1001,6000,32,5,relu,sgd,0.03,Xavier,12,0.1836058709734962,0.9533333333333334,1.0054060416751438,0.7555555555555555,0.8701230522327953,0.7844444444444445
hard,1,200001,1001,6000,32,5,relu,sgd,0.03,Xavier,13,0.1683654751096453,0.9597619047619048,1.0285035207536486,0.7622222222222222,0.9307386158075598,0.7777777777777778
hard,1,200001,1001,6000,32,5,relu,sgd,0.03,Xavier,14,0.1507059533255441,0.9611904761904762,1.1217507065667047,0.7455555555555555,0.9818706299778488,0.7655555555555555
hard,1,200001,1001,6000,32,5,relu,sgd,0.03,Xavier,15,0.1206759902409144,0.973095238095238,1.1339038923051623,0.7611111111111111,1.0182210834489929,0.7655555555555555
hard,1,200001,1001,6000,32,5,relu,sgd,0.03,Xavier,16,0.1152608403705415,0.9716666666666668,1.1748714097340902,0.7477777777777778,1.0633971998095513,0.7766666666666666
hard,1,200001,1001,6000,32,5,relu,sgd,0.03,Xavier,17,0.1010518130801972,0.9754761904761904,1.190882076687283,0.7777777777777778,1.076526205572817,0.7733333333333333
hard,1,200001,1001,6000,32,5,relu,sgd,0.03,Xavier,18,0.0818596810386294,0.9809523809523808,1.303986383014255,0.7477777777777778,1.1315797749327288,0.77
hard,1,200001,1001,6000,32,5,relu,sgd,0.03,Xavier,19,0.0737530008951822,0.983095238095238,1.3463788064320883,0.7422222222222222,1.1919619080755446,0.7577777777777778
hard,1,200001,1001,6000,32,5,relu,sgd,0.03,Xavier,20,0.0636360881442115,0.9871428571428572,1.3829630650414362,0.7544444444444445,1.2423556695050664,0.7611111111111111
hard,1,200001,1001,6000,32,5,relu,sgd,0.03,Orthogonal,0,1.7922459920247396,0.1959523809523809,1.7859474568896825,0.2033333333333333,1.7656195614073011,0.2188888888888888
hard,1,200001,1001,6000,32,5,relu,sgd,0.03,Orthogonal,1,1.217592250279018,0.5488095238095239,1.258618591096666,0.5233333333333333,1.2514492246839737,0.5333333333333333
hard,1,200001,1001,6000,32,5,relu,sgd,0.03,Orthogonal,2,0.8501792653401693,0.7104761904761905,0.9783931016921996,0.6688888888888889,0.9161393804020352,0.6966666666666667
hard,1,200001,1001,6000,32,5,relu,sgd,0.03,Orthogonal,3,0.6682438132876442,0.7957142857142857,0.8650179399384392,0.7144444444444444,0.7988855722215441,0.7422222222222222
hard,1,200001,1001,6000,32,5,relu,sgd,0.03,Orthogonal,4,0.5392719123477028,0.8516666666666667,0.7820449765523275,0.7655555555555555,0.7107838016086154,0.7955555555555556
hard,1,200001,1001,6000,32,5,relu,sgd,0.03,Orthogonal,5,0.4736349441891624,0.8704761904761905,0.7825626680586073,0.7822222222222223,0.7087806736098395,0.7988888888888889
hard,1,200001,1001,6000,32,5,relu,sgd,0.03,Orthogonal,6,0.4015614700317382,0.8933333333333333,0.7711410278744167,0.79,0.7095420283741422,0.7977777777777778
hard,1,200001,1001,6000,32,5,relu,sgd,0.03,Orthogonal,7,0.3677586578187488,0.8988095238095238,0.8193706766764323,0.7844444444444445,0.719828428030014,0.7888888888888889
hard,1,200001,1001,6000,32,5,relu,sgd,0.03,Orthogonal,8,0.3179146103631882,0.9142857142857144,0.8148651064766778,0.7866666666666666,0.7180942242675358,0.8044444444444444
hard,1,200001,1001,6000,32,5,relu,sgd,0.03,Orthogonal,9,0.2788960820152646,0.9226190476190476,0.860912127494812,0.7711111111111111,0.7592467553085751,0.7988888888888889
hard,1,200001,1001,6000,32,5,relu,sgd,0.03,Orthogonal,10,0.2580175794873919,0.928809523809524,0.8719760412640042,0.8,0.7810874949561225,0.7977777777777778
hard,1,200001,1001,6000,32,5,relu,sgd,0.03,Orthogonal,11,0.2168301900227864,0.9392857142857144,0.9086357678307428,0.7844444444444445,0.826338843372133,0.7844444444444445
hard,1,200001,1001,6000,32,5,relu,sgd,0.03,Orthogonal,12,0.1993269275483631,0.9457142857142856,1.0092367463641696,0.7644444444444445,0.8763327458169725,0.7677777777777778
hard,1,200001,1001,6000,32,5,relu,sgd,0.03,Orthogonal,13,0.1887763509296235,0.945952380952381,1.0569718853632608,0.7622222222222222,0.9341770102580388,0.77
hard,1,200001,1001,6000,32,5,relu,sgd,0.03,Orthogonal,14,0.155595588684082,0.9566666666666668,1.065502217080858,0.7733333333333333,0.9260716716448466,0.7822222222222223
hard,1,200001,1001,6000,32,5,relu,sgd,0.03,Orthogonal,15,0.1340330607550484,0.9652380952380952,1.0903928650750054,0.7722222222222223,0.9737220347589916,0.78
hard,1,200001,1001,6000,32,5,relu,sgd,0.03,Orthogonal,16,0.1266031521842593,0.965,1.1414155366685654,0.75,0.9969602689312564,0.7688888888888888
hard,1,200001,1001,6000,32,5,relu,sgd,0.03,Orthogonal,17,0.1003789083162943,0.9723809523809523,1.145858925713433,0.77,1.0060346648428176,0.7888888888888889
hard,1,200001,1001,6000,32,5,relu,sgd,0.03,Orthogonal,18,0.0676982008843194,0.986904761904762,1.2262814860873752,0.7644444444444445,1.0181381758064445,0.7966666666666666
hard,1,200001,1001,6000,32,5,relu,sgd,0.03,Orthogonal,19,0.0766097399166652,0.983095238095238,1.2760913615756564,0.7677777777777778,1.1252427716387643,0.77
hard,1,200001,1001,6000,32,5,relu,sgd,0.03,Orthogonal,20,0.0598341681843712,0.9864285714285714,1.261037843492296,0.78,1.120136870721148,0.7777777777777778
hard,2,200002,1002,6000,32,5,relu,sgd,0.03,RLCI,0,1.7227520279657274,0.2,1.737002362145318,0.1933333333333333,1.7375889841715495,0.2066666666666666
hard,2,200002,1002,6000,32,5,relu,sgd,0.03,RLCI,1,1.2088438488188245,0.5269047619047619,1.2612497864829169,0.5111111111111111,1.253459272914463,0.5077777777777778
hard,2,200002,1002,6000,32,5,relu,sgd,0.03,RLCI,2,0.9063703391665504,0.6811904761904762,0.9790901194678412,0.66,1.009840046564738,0.6455555555555555
hard,2,200002,1002,6000,32,5,relu,sgd,0.03,RLCI,3,0.740022584824335,0.7542857142857143,0.8803325769636366,0.7088888888888889,0.8830865632163154,0.7122222222222222
hard,2,200002,1002,6000,32,5,relu,sgd,0.03,RLCI,4,0.635677615574428,0.800952380952381,0.8278865028752221,0.7288888888888889,0.8516060348351796,0.7355555555555555
hard,2,200002,1002,6000,32,5,relu,sgd,0.03,RLCI,5,0.5486673918224516,0.8388095238095238,0.763150157796012,0.7722222222222223,0.8113255638546414,0.7588888888888888
hard,2,200002,1002,6000,32,5,relu,sgd,0.03,RLCI,6,0.4686686488560267,0.8671428571428571,0.7615008436308967,0.77,0.7850212829642825,0.7788888888888889
hard,2,200002,1002,6000,32,5,relu,sgd,0.03,RLCI,7,0.3975215603056408,0.8890476190476191,0.7468065235349867,0.78,0.7843192386627197,0.7888888888888889
hard,2,200002,1002,6000,32,5,relu,sgd,0.03,RLCI,8,0.3466139734359014,0.8990476190476191,0.7820003286997477,0.7666666666666667,0.7878692441516453,0.78
hard,2,200002,1002,6000,32,5,relu,sgd,0.03,RLCI,9,0.3137503074464344,0.9133333333333332,0.8037398064136505,0.77,0.8474355708228217,0.7822222222222223
hard,2,200002,1002,6000,32,5,relu,sgd,0.03,RLCI,10,0.2689074080330985,0.9221428571428572,0.834634434249666,0.7788888888888889,0.8737734774748485,0.7688888888888888
hard,2,200002,1002,6000,32,5,relu,sgd,0.03,RLCI,11,0.2330435221535819,0.934047619047619,0.8820867439111074,0.7555555555555555,0.8938893304930793,0.7711111111111111
hard,2,200002,1002,6000,32,5,relu,sgd,0.03,RLCI,12,0.1962828474953061,0.9476190476190476,0.9268345459302266,0.7688888888888888,0.9529097165001764,0.7744444444444445
hard,2,200002,1002,6000,32,5,relu,sgd,0.03,RLCI,13,0.1731776716595604,0.9502380952380952,0.9619778870211708,0.7644444444444445,0.9945504400465224,0.7677777777777778
hard,2,200002,1002,6000,32,5,relu,sgd,0.03,RLCI,14,0.1591840671357654,0.9538095238095238,0.9812467592292362,0.7722222222222223,1.032483581437005,0.7533333333333333
hard,2,200002,1002,6000,32,5,relu,sgd,0.03,RLCI,15,0.1267170747121175,0.9666666666666668,1.030777364803685,0.7711111111111111,1.0324921454323663,0.7644444444444445
hard,2,200002,1002,6000,32,5,relu,sgd,0.03,RLCI,16,0.1216358775184268,0.9638095238095238,1.1223754323853388,0.7588888888888888,1.1470955480469598,0.7555555555555555
hard,2,200002,1002,6000,32,5,relu,sgd,0.03,RLCI,17,0.1007773416382925,0.9728571428571428,1.1703707423475054,0.7566666666666667,1.1897129768795438,0.7666666666666667
hard,2,200002,1002,6000,32,5,relu,sgd,0.03,RLCI,18,0.0786235234850928,0.9828571428571428,1.179838646782769,0.7577777777777778,1.211830800904168,0.7522222222222222
hard,2,200002,1002,6000,32,5,relu,sgd,0.03,RLCI,19,0.0543889865988776,0.9883333333333332,1.246954361067878,0.7744444444444445,1.2152325114276674,0.7633333333333333
hard,2,200002,1002,6000,32,5,relu,sgd,0.03,RLCI,20,0.0472172770046052,0.9914285714285714,1.2943494987156656,0.7611111111111111,1.3348071440060931,0.7477777777777778
hard,2,200002,1002,6000,32,5,relu,sgd,0.03,He,0,2.297567058744885,0.2,2.328273804982503,0.1933333333333333,2.3142471504211426,0.2066666666666666
hard,2,200002,1002,6000,32,5,relu,sgd,0.03,He,1,1.1783138820103236,0.5452380952380952,1.247973041534424,0.5166666666666667,1.255296541849772,0.5055555555555555
hard,2,200002,1002,6000,32,5,relu,sgd,0.03,He,2,0.8955431474958148,0.68,1.015189672311147,0.6366666666666667,1.041316508717007,0.6366666666666667
hard,2,200002,1002,6000,32,5,relu,sgd,0.03,He,3,0.7324621872674851,0.7559523809523809,0.9088435337278578,0.6888888888888889,0.9358459870020548,0.7
hard,2,200002,1002,6000,32,5,relu,sgd,0.03,He,4,0.6447134326753162,0.790952380952381,0.8697936393817266,0.7288888888888889,0.9200576085514492,0.7066666666666667
hard,2,200002,1002,6000,32,5,relu,sgd,0.03,He,5,0.5352330107915969,0.8445238095238096,0.808184000717269,0.7566666666666667,0.8723681921429104,0.7422222222222222
hard,2,200002,1002,6000,32,5,relu,sgd,0.03,He,6,0.4650334358215332,0.861904761904762,0.8025008755260044,0.76,0.8511148301760355,0.7511111111111111
hard,2,200002,1002,6000,32,5,relu,sgd,0.03,He,7,0.4037843177432105,0.8864285714285715,0.8072045373916626,0.7677777777777778,0.8531044170591566,0.7533333333333333
hard,2,200002,1002,6000,32,5,relu,sgd,0.03,He,8,0.3626338295709519,0.8988095238095238,0.8620777144696977,0.7433333333333333,0.8738375359111362,0.7433333333333333
hard,2,200002,1002,6000,32,5,relu,sgd,0.03,He,9,0.3102634457179478,0.9104761904761904,0.8453486236598756,0.7777777777777778,0.8991989448335436,0.7544444444444445
hard,2,200002,1002,6000,32,5,relu,sgd,0.03,He,10,0.2675124472663516,0.9257142857142856,0.88225074145529,0.7666666666666667,0.9440713112221824,0.7522222222222222
hard,2,200002,1002,6000,32,5,relu,sgd,0.03,He,11,0.2262755493890671,0.9371428571428572,0.9021584403514862,0.7688888888888888,0.926168048646715,0.7511111111111111
hard,2,200002,1002,6000,32,5,relu,sgd,0.03,He,12,0.2007490112667992,0.9445238095238097,0.9843954674402872,0.7544444444444445,1.0293986792034573,0.7533333333333333
hard,2,200002,1002,6000,32,5,relu,sgd,0.03,He,13,0.2234004876727149,0.931904761904762,1.0695238211419846,0.7288888888888889,1.0995720060666403,0.7211111111111111
hard,2,200002,1002,6000,32,5,relu,sgd,0.03,He,14,0.147706313360305,0.9642857142857144,1.0146863770484924,0.7644444444444445,1.0899525086085002,0.7444444444444445
hard,2,200002,1002,6000,32,5,relu,sgd,0.03,He,15,0.1097574566659473,0.9747619047619048,1.0601276678509182,0.7711111111111111,1.0906591671042971,0.7588888888888888
hard,2,200002,1002,6000,32,5,relu,sgd,0.03,He,16,0.089865281127748,0.9816666666666668,1.1230156890551248,0.7577777777777778,1.1664258102575935,0.74
hard,2,200002,1002,6000,32,5,relu,sgd,0.03,He,17,0.0758198620024181,0.9845238095238096,1.2286299159791734,0.7411111111111112,1.2492616363366444,0.7466666666666667
hard,2,200002,1002,6000,32,5,relu,sgd,0.03,He,18,0.0638426886286054,0.9885714285714284,1.2142547120650609,0.7588888888888888,1.2797832253244188,0.7344444444444445
hard,2,200002,1002,6000,32,5,relu,sgd,0.03,He,19,0.0444547730968112,0.9945238095238096,1.2922714757257037,0.7477777777777778,1.3016335924466451,0.7355555555555555
hard,2,200002,1002,6000,32,5,relu,sgd,0.03,He,20,0.0361841265928177,0.9964285714285714,1.3346201262540287,0.7566666666666667,1.3413603308465745,0.7466666666666667
hard,2,200002,1002,6000,32,5,relu,sgd,0.03,Xavier,0,2.10983526683989,0.2,2.1362402280171717,0.1933333333333333,2.127303943634033,0.2066666666666666
hard,2,200002,1002,6000,32,5,relu,sgd,0.03,Xavier,1,1.1201310639154345,0.574047619047619,1.201313534312778,0.5455555555555556,1.1973637761010063,0.55
hard,2,200002,1002,6000,32,5,relu,sgd,0.03,Xavier,2,0.8274263327462332,0.7183333333333334,0.9379173466894362,0.6866666666666666,0.9767108159595066,0.6555555555555556
hard,2,200002,1002,6000,32,5,relu,sgd,0.03,Xavier,3,0.6500455547514415,0.7976190476190477,0.835243281589614,0.7366666666666667,0.8626328221956889,0.73
hard,2,200002,1002,6000,32,5,relu,sgd,0.03,Xavier,4,0.5620702234903971,0.8252380952380952,0.7981680642896228,0.7511111111111111,0.847438977294498,0.7522222222222222
hard,2,200002,1002,6000,32,5,relu,sgd,0.03,Xavier,5,0.4671024431501116,0.8654761904761905,0.7562011623382568,0.78,0.8101515242788526,0.7633333333333333
hard,2,200002,1002,6000,32,5,relu,sgd,0.03,Xavier,6,0.3868949345179966,0.893095238095238,0.7600452343953981,0.7766666666666666,0.7829417888323466,0.7955555555555556
hard,2,200002,1002,6000,32,5,relu,sgd,0.03,Xavier,7,0.3300557772318522,0.9076190476190475,0.7748519129223294,0.7944444444444444,0.8023224499490526,0.7866666666666666
hard,2,200002,1002,6000,32,5,relu,sgd,0.03,Xavier,8,0.2904759425208682,0.9161904761904762,0.8279187133577135,0.7766666666666666,0.8312401886781057,0.7833333333333333
hard,2,200002,1002,6000,32,5,relu,sgd,0.03,Xavier,9,0.2426227142697289,0.93,0.8338003524806764,0.7922222222222223,0.8819045978122287,0.7744444444444445
hard,2,200002,1002,6000,32,5,relu,sgd,0.03,Xavier,10,0.2148973165239606,0.9402380952380952,0.8905055318276087,0.7677777777777778,0.9197450953059726,0.7677777777777778
hard,2,200002,1002,6000,32,5,relu,sgd,0.03,Xavier,11,0.1648006241662161,0.9578571428571429,0.9089674054251776,0.7744444444444445,0.9408320207066008,0.7744444444444445
hard,2,200002,1002,6000,32,5,relu,sgd,0.03,Xavier,12,0.1480435662042526,0.961904761904762,0.979949454665184,0.7711111111111111,0.9623696796099344,0.7755555555555556
hard,2,200002,1002,6000,32,5,relu,sgd,0.03,Xavier,13,0.1491687372752598,0.9566666666666668,1.0251377121607463,0.7711111111111111,1.051801897817188,0.7655555555555555
hard,2,200002,1002,6000,32,5,relu,sgd,0.03,Xavier,14,0.1333936141786121,0.9635714285714284,1.038914636770884,0.7766666666666666,1.090136899418301,0.7477777777777778
hard,2,200002,1002,6000,32,5,relu,sgd,0.03,Xavier,15,0.1015483479272751,0.9721428571428572,1.1116714032491049,0.7788888888888889,1.1375715895493823,0.7544444444444445
hard,2,200002,1002,6000,32,5,relu,sgd,0.03,Xavier,16,0.0808314488047645,0.98,1.1551887333393096,0.7755555555555556,1.1808088424470689,0.7722222222222223
hard,2,200002,1002,6000,32,5,relu,sgd,0.03,Xavier,17,0.0565540908631824,0.9885714285714284,1.1870542024903827,0.7688888888888888,1.1786466021007962,0.78
hard,2,200002,1002,6000,32,5,relu,sgd,0.03,Xavier,18,0.0501553169886271,0.9938095238095238,1.2255723929074076,0.7688888888888888,1.26653543776936,0.75
hard,2,200002,1002,6000,32,5,relu,sgd,0.03,Xavier,19,0.0376042004993983,0.9957142857142856,1.2948079678747388,0.77,1.3375772515932718,0.7522222222222222
hard,2,200002,1002,6000,32,5,relu,sgd,0.03,Xavier,20,0.0262352737926301,0.9983333333333332,1.3637869161698553,0.7655555555555555,1.3962577215830485,0.75
hard,2,200002,1002,6000,32,5,relu,sgd,0.03,Orthogonal,0,1.816488305954706,0.204047619047619,1.829308551152547,0.2055555555555555,1.8289652633666995,0.2133333333333333
hard,2,200002,1002,6000,32,5,relu,sgd,0.03,Orthogonal,1,1.1289642715454102,0.5792857142857143,1.1943801336818272,0.5533333333333333,1.1914085478252834,0.5522222222222222
hard,2,200002,1002,6000,32,5,relu,sgd,0.03,Orthogonal,2,0.8157891246250698,0.7295238095238096,0.9087321379449632,0.6944444444444444,0.916017951965332,0.6866666666666666
hard,2,200002,1002,6000,32,5,relu,sgd,0.03,Orthogonal,3,0.6079692913237073,0.8257142857142857,0.7745062796937094,0.7611111111111111,0.7703735250896878,0.7577777777777778
hard,2,200002,1002,6000,32,5,relu,sgd,0.03,Orthogonal,4,0.5233260091145834,0.8545238095238096,0.765963986284203,0.7766666666666666,0.7635139918327332,0.7666666666666667
hard,2,200002,1002,6000,32,5,relu,sgd,0.03,Orthogonal,5,0.4469405446733747,0.8771428571428571,0.7593394870890512,0.7888888888888889,0.7552691736486223,0.7855555555555556
hard,2,200002,1002,6000,32,5,relu,sgd,0.03,Orthogonal,6,0.3857814906892322,0.8942857142857142,0.7636120155122545,0.7855555555555556,0.7475173627005683,0.7977777777777778
hard,2,200002,1002,6000,32,5,relu,sgd,0.03,Orthogonal,7,0.3299413017999558,0.9061904761904762,0.776467271844546,0.7866666666666666,0.7546736868222554,0.8055555555555556
hard,2,200002,1002,6000,32,5,relu,sgd,0.03,Orthogonal,8,0.2893811561947777,0.9202380952380952,0.8047301622231802,0.7788888888888889,0.7583346876833174,0.81
hard,2,200002,1002,6000,32,5,relu,sgd,0.03,Orthogonal,9,0.2413693119230724,0.9338095238095238,0.824291539059745,0.7911111111111111,0.7957852914598254,0.8111111111111111
hard,2,200002,1002,6000,32,5,relu,sgd,0.03,Orthogonal,10,0.2052555034274146,0.945952380952381,0.867544788784451,0.7888888888888889,0.844521641963058,0.7988888888888889
hard,2,200002,1002,6000,32,5,relu,sgd,0.03,Orthogonal,11,0.193039781933739,0.9485714285714286,0.9213175894154444,0.7733333333333333,0.9053168764379288,0.7822222222222223
hard,2,200002,1002,6000,32,5,relu,sgd,0.03,Orthogonal,12,0.1763328783852713,0.9466666666666668,1.0262686631414626,0.7666666666666667,0.992053286631902,0.7755555555555556
hard,2,200002,1002,6000,32,5,relu,sgd,0.03,Orthogonal,13,0.1341021024613153,0.9671428571428572,1.0170999951660633,0.7811111111111111,1.0119047312604057,0.7711111111111111
hard,2,200002,1002,6000,32,5,relu,sgd,0.03,Orthogonal,14,0.1349397913614909,0.964047619047619,1.065013229234351,0.7588888888888888,1.0219373313585918,0.7811111111111111
hard,2,200002,1002,6000,32,5,relu,sgd,0.03,Orthogonal,15,0.1159992468924749,0.965,1.1715755469103657,0.7666666666666667,1.1081344542900722,0.7755555555555556
hard,2,200002,1002,6000,32,5,relu,sgd,0.03,Orthogonal,16,0.0972372344561985,0.9738095238095238,1.1438540996776687,0.7655555555555555,1.1176087908612358,0.7666666666666667
hard,2,200002,1002,6000,32,5,relu,sgd,0.03,Orthogonal,17,0.0753869377999078,0.9828571428571428,1.2373916125463116,0.7633333333333333,1.230784057776133,0.7666666666666667
hard,2,200002,1002,6000,32,5,relu,sgd,0.03,Orthogonal,18,0.0673322488012767,0.9859523809523808,1.3089927252050904,0.7655555555555555,1.2402250987291337,0.77
hard,2,200002,1002,6000,32,5,relu,sgd,0.03,Orthogonal,19,0.0486078027884165,0.9907142857142858,1.3743814610234566,0.7622222222222222,1.2451053853167429,0.7811111111111111
hard,2,200002,1002,6000,32,5,relu,sgd,0.03,Orthogonal,20,0.0501933220454624,0.9890476190476192,1.447896809205413,0.7588888888888888,1.3452557298872203,0.77
hard,3,200003,1003,6000,32,5,relu,sgd,0.03,RLCI,0,1.7486720312209356,0.205,1.741292027367486,0.1988888888888889,1.7203725555207994,0.23
hard,3,200003,1003,6000,32,5,relu,sgd,0.03,RLCI,1,1.3398507181803383,0.4702380952380952,1.3545476479000516,0.4477777777777778,1.3201564311981202,0.4944444444444444
hard,3,200003,1003,6000,32,5,relu,sgd,0.03,RLCI,2,1.004758086431594,0.6476190476190476,1.039441531499227,0.6188888888888889,1.016934923860762,0.6322222222222222
hard,3,200003,1003,6000,32,5,relu,sgd,0.03,RLCI,3,0.8079832204182943,0.7397619047619047,0.8685775068071153,0.7088888888888889,0.8971675411860148,0.6911111111111111
hard,3,200003,1003,6000,32,5,relu,sgd,0.03,RLCI,4,0.6618018786112467,0.8033333333333333,0.7778256723615858,0.74,0.8015937278005811,0.74
hard,3,200003,1003,6000,32,5,relu,sgd,0.03,RLCI,5,0.5825326519920713,0.835952380952381,0.7355629028214349,0.76,0.7828973727756077,0.7511111111111111
hard,3,200003,1003,6000,32,5,relu,sgd,0.03,RLCI,6,0.5161090814499628,0.8469047619047619,0.7065409225225449,0.7822222222222223,0.7643255760934617,0.7688888888888888
hard,3,200003,1003,6000,32,5,relu,sgd,0.03,RLCI,7,0.468153258732387,0.8714285714285714,0.7223801280392541,0.7722222222222223,0.7769327738549974,0.7644444444444445
hard,3,200003,1003,6000,32,5,relu,sgd,0.03,RLCI,8,0.3971414366222563,0.8952380952380953,0.7025470638275146,0.7811111111111111,0.7528139584594302,0.7777777777777778
hard,3,200003,1003,6000,32,5,relu,sgd,0.03,RLCI,9,0.3723063173748198,0.8942857142857142,0.7377826072772344,0.7766666666666666,0.7889903529485067,0.7722222222222223
hard,3,200003,1003,6000,32,5,relu,sgd,0.03,RLCI,10,0.316749187197004,0.913095238095238,0.7256042538748847,0.7844444444444445,0.7901131780942281,0.7811111111111111
hard,3,200003,1003,6000,32,5,relu,sgd,0.03,RLCI,11,0.2825070930662609,0.923809523809524,0.7728113810221354,0.7655555555555555,0.8258807380994161,0.7622222222222222
hard,3,200003,1003,6000,32,5,relu,sgd,0.03,RLCI,12,0.2526995311464582,0.9335714285714286,0.806066216495302,0.7644444444444445,0.8749318651358287,0.77
hard,3,200003,1003,6000,32,5,relu,sgd,0.03,RLCI,13,0.2172098366419474,0.9388095238095238,0.8189156089888678,0.7644444444444445,0.8955126643180847,0.7666666666666667
hard,3,200003,1003,6000,32,5,relu,sgd,0.03,RLCI,14,0.1977906633558727,0.9454761904761904,0.851093799802992,0.7577777777777778,0.9796671454111736,0.7577777777777778
hard,3,200003,1003,6000,32,5,relu,sgd,0.03,RLCI,15,0.166630535579863,0.956904761904762,0.8762307985623677,0.7544444444444445,0.9423549362685946,0.7622222222222222
hard,3,200003,1003,6000,32,5,relu,sgd,0.03,RLCI,16,0.1590120964958554,0.9542857142857144,0.9980762815475464,0.7533333333333333,1.0170230968793232,0.7377777777777778
hard,3,200003,1003,6000,32,5,relu,sgd,0.03,RLCI,17,0.1284539647329421,0.9657142857142856,0.993262714544932,0.7511111111111111,1.0493800542089675,0.7644444444444445
hard,3,200003,1003,6000,32,5,relu,sgd,0.03,RLCI,18,0.1019695540836879,0.9785714285714284,1.0172667619917128,0.7477777777777778,1.0472348512543572,0.7655555555555555
hard,3,200003,1003,6000,32,5,relu,sgd,0.03,RLCI,19,0.079091306413923,0.9838095238095238,1.0424598693847655,0.7666666666666667,1.1089660840564304,0.7544444444444445
hard,3,200003,1003,6000,32,5,relu,sgd,0.03,RLCI,20,0.0670322333063398,0.9866666666666668,1.0167824583583407,0.7711111111111111,1.191481320063273,0.7544444444444445
hard,3,200003,1003,6000,32,5,relu,sgd,0.03,He,0,2.293051390874953,0.205,2.257328821818034,0.1988888888888889,2.223358781602648,0.23
hard,3,200003,1003,6000,32,5,relu,sgd,0.03,He,1,1.312854977562314,0.4721428571428571,1.3303854121102228,0.4455555555555555,1.3180698988172743,0.4788888888888888
hard,3,200003,1003,6000,32,5,relu,sgd,0.03,He,2,1.0077375175839378,0.6311904761904762,1.058333281411065,0.5955555555555555,1.0577816571129692,0.6011111111111112
hard,3,200003,1003,6000,32,5,relu,sgd,0.03,He,3,0.8211486198788598,0.7280952380952381,0.9112560492091708,0.6777777777777778,0.9413551621966892,0.6744444444444444
hard,3,200003,1003,6000,32,5,relu,sgd,0.03,He,4,0.676279042561849,0.7983333333333333,0.8225918891694811,0.7211111111111111,0.8477727199925317,0.7155555555555555
hard,3,200003,1003,6000,32,5,relu,sgd,0.03,He,5,0.5925752657935733,0.8271428571428572,0.7804245209693909,0.7422222222222222,0.8299642613199022,0.7277777777777777
hard,3,200003,1003,6000,32,5,relu,sgd,0.03,He,6,0.5078670111156646,0.8497619047619047,0.7486031889915467,0.7677777777777778,0.8023088799582587,0.7433333333333333
hard,3,200003,1003,6000,32,5,relu,sgd,0.03,He,7,0.45490082967849,0.8714285714285714,0.7614045241143969,0.7722222222222223,0.8146470848719279,0.7344444444444445
hard,3,200003,1003,6000,32,5,relu,sgd,0.03,He,8,0.3994463248479934,0.8888095238095238,0.7771115157339308,0.7633333333333333,0.8117578954166836,0.7455555555555555
hard,3,200003,1003,6000,32,5,relu,sgd,0.03,He,9,0.3580422478630429,0.8969047619047619,0.7795115649700165,0.7666666666666667,0.8390788189570109,0.7544444444444445
hard,3,200003,1003,6000,32,5,relu,sgd,0.03,He,10,0.3090972546168736,0.9173809523809524,0.801718934641944,0.7655555555555555,0.8508010309272342,0.7411111111111112
hard,3,200003,1003,6000,32,5,relu,sgd,0.03,He,11,0.2705910628182547,0.9233333333333332,0.821715603934394,0.7822222222222223,0.8667180877923966,0.7533333333333333
hard,3,200003,1003,6000,32,5,relu,sgd,0.03,He,12,0.2591945934295654,0.9228571428571428,0.908113376961814,0.7388888888888889,0.9249767568376328,0.7355555555555555
hard,3,200003,1003,6000,32,5,relu,sgd,0.03,He,13,0.2027005213782901,0.945,0.900464706155989,0.7611111111111111,0.9415624621179368,0.7533333333333333
hard,3,200003,1003,6000,32,5,relu,sgd,0.03,He,14,0.1867095195679437,0.9476190476190476,0.9334502458572388,0.7611111111111111,1.0227448989285364,0.7466666666666667
hard,3,200003,1003,6000,32,5,relu,sgd,0.03,He,15,0.1797104308718726,0.9478571428571428,0.9996304029888576,0.7544444444444445,1.005694950554106,0.75
hard,3,200003,1003,6000,32,5,relu,sgd,0.03,He,16,0.1726717730930873,0.9485714285714286,1.0827294686105515,0.7244444444444444,1.085919525358412,0.7388888888888889
hard,3,200003,1003,6000,32,5,relu,sgd,0.03,He,17,0.1139053731872921,0.9738095238095238,1.0592264954249064,0.7366666666666667,1.099260787434048,0.7533333333333333
hard,3,200003,1003,6000,32,5,relu,sgd,0.03,He,18,0.0778605248814537,0.9883333333333332,1.0882711643642848,0.7477777777777778,1.1194325239128535,0.75
hard,3,200003,1003,6000,32,5,relu,sgd,0.03,He,19,0.0546937938531239,0.9921428571428572,1.1730047612720065,0.7544444444444445,1.1513058594200347,0.7622222222222222
hard,3,200003,1003,6000,32,5,relu,sgd,0.03,He,20,0.0534048099744887,0.9909523809523808,1.2298991945054796,0.7455555555555555,1.2639946687221526,0.7411111111111112
hard,3,200003,1003,6000,32,5,relu,sgd,0.03,Xavier,0,2.1219660441080728,0.205,2.095350815455119,0.1988888888888889,2.063299555248684,0.23
hard,3,200003,1003,6000,32,5,relu,sgd,0.03,Xavier,1,1.3050000690278554,0.4792857142857142,1.328143146302965,0.4622222222222222,1.2977735318077934,0.4988888888888889
hard,3,200003,1003,6000,32,5,relu,sgd,0.03,Xavier,2,0.9557202747889928,0.6633333333333333,0.9975151114993626,0.6388888888888888,0.9949665072229174,0.6411111111111111
hard,3,200003,1003,6000,32,5,relu,sgd,0.03,Xavier,3,0.7685106023152669,0.755,0.8633398935529921,0.7033333333333334,0.8879244433508979,0.6922222222222222
hard,3,200003,1003,6000,32,5,relu,sgd,0.03,Xavier,4,0.6119622039794922,0.8195238095238095,0.7605605986383226,0.7555555555555555,0.7809039092063904,0.7377777777777778
hard,3,200003,1003,6000,32,5,relu,sgd,0.03,Xavier,5,0.522673447018578,0.8559523809523809,0.711287078195148,0.7833333333333333,0.7643907401296828,0.7744444444444445
hard,3,200003,1003,6000,32,5,relu,sgd,0.03,Xavier,6,0.4538742337908064,0.8711904761904762,0.695393195019828,0.7977777777777778,0.7459288818306393,0.7666666666666667
hard,3,200003,1003,6000,32,5,relu,sgd,0.03,Xavier,7,0.4113792210533505,0.8876190476190476,0.7387761878967285,0.7711111111111111,0.7725993137889439,0.7655555555555555
hard,3,200003,1003,6000,32,5,relu,sgd,0.03,Xavier,8,0.3537635444459461,0.9014285714285716,0.7309989579518636,0.7855555555555556,0.7695473225911459,0.7822222222222223
hard,3,200003,1003,6000,32,5,relu,sgd,0.03,Xavier,9,0.3263734172639392,0.9042857142857142,0.7686297639211019,0.7644444444444445,0.8074321995841133,0.7655555555555555
hard,3,200003,1003,6000,32,5,relu,sgd,0.03,Xavier,10,0.2634185159774053,0.931904761904762,0.7710048831833733,0.7722222222222223,0.7948954737186432,0.7766666666666666
hard,3,200003,1003,6000,32,5,relu,sgd,0.03,Xavier,11,0.2439690403711228,0.9323809523809524,0.8007303068372938,0.7666666666666667,0.8383082172605727,0.7555555555555555
hard,3,200003,1003,6000,32,5,relu,sgd,0.03,Xavier,12,0.1882652768634614,0.956904761904762,0.8423643945323096,0.7644444444444445,0.856595575677024,0.7688888888888888
hard,3,200003,1003,6000,32,5,relu,sgd,0.03,Xavier,13,0.1709429781777518,0.9552380952380952,0.8639102493392097,0.76,0.8907898492283292,0.77
hard,3,200003,1003,6000,32,5,relu,sgd,0.03,Xavier,14,0.1436160839171636,0.9645238095238096,0.8728994262218476,0.7688888888888888,0.9345698441399468,0.7766666666666666
hard,3,200003,1003,6000,32,5,relu,sgd,0.03,Xavier,15,0.1271243392853509,0.9761904761904762,0.9471069409449896,0.7422222222222222,0.9497057814068264,0.7633333333333333
hard,3,200003,1003,6000,32,5,relu,sgd,0.03,Xavier,16,0.1680162684122721,0.9442857142857144,1.0912908482551575,0.7533333333333333,1.1143423695034451,0.7333333333333333
hard,3,200003,1003,6000,32,5,relu,sgd,0.03,Xavier,17,0.1142351761318388,0.9683333333333334,1.027101562552982,0.75,1.0536665815777249,0.7844444444444445
hard,3,200003,1003,6000,32,5,relu,sgd,0.03,Xavier,18,0.0998034394355047,0.974047619047619,1.08382965736919,0.7455555555555555,1.13684501197603,0.7555555555555555
hard,3,200003,1003,6000,32,5,relu,sgd,0.03,Xavier,19,0.0628654252915155,0.9873809523809524,1.0864391150077184,0.7666666666666667,1.139317705763711,0.75
hard,3,200003,1003,6000,32,5,relu,sgd,0.03,Xavier,20,0.0666597374280293,0.9854761904761904,1.117974749803543,0.7488888888888889,1.1850386048687829,0.7533333333333333
hard,3,200003,1003,6000,32,5,relu,sgd,0.03,Orthogonal,0,1.8688098834809803,0.2021428571428571,1.852480099995931,0.2033333333333333,1.836949830585056,0.22
hard,3,200003,1003,6000,32,5,relu,sgd,0.03,Orthogonal,1,1.2830084446498329,0.5107142857142857,1.304546275668674,0.4988888888888889,1.2781142658657498,0.5233333333333333
hard,3,200003,1003,6000,32,5,relu,sgd,0.03,Orthogonal,2,0.9047922316051664,0.6933333333333334,0.9459356292088826,0.6644444444444444,0.9586069973309836,0.6533333333333333
hard,3,200003,1003,6000,32,5,relu,sgd,0.03,Orthogonal,3,0.7050662994384765,0.7833333333333333,0.7946052053239611,0.7322222222222222,0.8335326690144009,0.7388888888888889
hard,3,200003,1003,6000,32,5,relu,sgd,0.03,Orthogonal,4,0.5686254991803851,0.8407142857142857,0.7129216872321235,0.7655555555555555,0.7438310472170512,0.7788888888888889
hard,3,200003,1003,6000,32,5,relu,sgd,0.03,Orthogonal,5,0.501850020090739,0.8583333333333333,0.6818778387705485,0.7811111111111111,0.75095840771993,0.7811111111111111
hard,3,200003,1003,6000,32,5,relu,sgd,0.03,Orthogonal,6,0.4298164485749744,0.8809523809523809,0.6826751809649997,0.78,0.745472846031189,0.7788888888888889
hard,3,200003,1003,6000,32,5,relu,sgd,0.03,Orthogonal,7,0.4007536556607201,0.8883333333333333,0.7151753860049778,0.7866666666666666,0.7552414888805813,0.7833333333333333
hard,3,200003,1003,6000,32,5,relu,sgd,0.03,Orthogonal,8,0.358012793858846,0.8926190476190476,0.7532752741707696,0.7722222222222223,0.7861501632796394,0.78
hard,3,200003,1003,6000,32,5,relu,sgd,0.03,Orthogonal,9,0.3138810779934837,0.911904761904762,0.7372716826862759,0.8044444444444444,0.7804552793502808,0.7866666666666666
hard,3,200003,1003,6000,32,5,relu,sgd,0.03,Orthogonal,10,0.2677225916726248,0.9271428571428572,0.7531699042850071,0.7855555555555556,0.8173034416304694,0.7744444444444445
hard,3,200003,1003,6000,32,5,relu,sgd,0.03,Orthogonal,11,0.2470319922765096,0.93,0.8039122120539347,0.7822222222222223,0.8936533127890692,0.7622222222222222
hard,3,200003,1003,6000,32,5,relu,sgd,0.03,Orthogonal,12,0.2123094769886561,0.9407142857142856,0.8386113402578566,0.7822222222222223,0.8977973257170783,0.7677777777777778
hard,3,200003,1003,6000,32,5,relu,sgd,0.03,Orthogonal,13,0.1822500555855887,0.9507142857142856,0.8535256683826447,0.7777777777777778,0.9155045228534274,0.7811111111111111
hard,3,200003,1003,6000,32,5,relu,sgd,0.03,Orthogonal,14,0.1913386083784557,0.9407142857142856,0.918939875761668,0.7633333333333333,1.0523311604393852,0.7377777777777778
hard,3,200003,1003,6000,32,5,relu,sgd,0.03,Orthogonal,15,0.1356607391720726,0.9664285714285714,0.9344097651375664,0.7655555555555555,1.0143654429912567,0.7677777777777778
hard,3,200003,1003,6000,32,5,relu,sgd,0.03,Orthogonal,16,0.1195741748809814,0.969047619047619,1.0179348791970146,0.7611111111111111,1.0449763464927673,0.7544444444444445
hard,3,200003,1003,6000,32,5,relu,sgd,0.03,Orthogonal,17,0.1007447007724217,0.9733333333333334,1.0518584609031678,0.7555555555555555,1.100987462732527,0.7722222222222223
hard,3,200003,1003,6000,32,5,relu,sgd,0.03,Orthogonal,18,0.0833596083096095,0.9816666666666668,1.1076684424612258,0.75,1.1518235039710998,0.7622222222222222
hard,3,200003,1003,6000,32,5,relu,sgd,0.03,Orthogonal,19,0.0740789531526111,0.981904761904762,1.1177812997500105,0.7644444444444445,1.1562473275926377,0.7666666666666667
hard,3,200003,1003,6000,32,5,relu,sgd,0.03,Orthogonal,20,0.0635285828227088,0.9840476190476192,1.191046458615197,0.7466666666666667,1.2240928774409825,0.7622222222222222
hard,4,200004,1004,6000,32,5,relu,sgd,0.03,RLCI,0,1.675346894037156,0.1878571428571428,1.7031348752975464,0.1622222222222222,1.672272876103719,0.1922222222222222
hard,4,200004,1004,6000,32,5,relu,sgd,0.03,RLCI,1,1.3343807874407088,0.4978571428571428,1.3660626602172852,0.4788888888888888,1.353038706249661,0.4977777777777777
hard,4,200004,1004,6000,32,5,relu,sgd,0.03,RLCI,2,0.98419067746117,0.65,1.0587828095753988,0.6288888888888889,1.0401000420252482,0.6188888888888889
hard,4,200004,1004,6000,32,5,relu,sgd,0.03,RLCI,3,0.8415731520879837,0.71,0.9550161107381184,0.65,0.9461350809203254,0.6855555555555556
hard,4,200004,1004,6000,32,5,relu,sgd,0.03,RLCI,4,0.6563365609305245,0.8066666666666666,0.827502310011122,0.7355555555555555,0.8033146029048496,0.7477777777777778
hard,4,200004,1004,6000,32,5,relu,sgd,0.03,RLCI,5,0.5758215749831427,0.830952380952381,0.7971437867482504,0.7655555555555555,0.7624593300289578,0.7711111111111111
hard,4,200004,1004,6000,32,5,relu,sgd,0.03,RLCI,6,0.4983241271972656,0.8621428571428571,0.7605149666468303,0.7744444444444445,0.7462516438961029,0.7777777777777778
hard,4,200004,1004,6000,32,5,relu,sgd,0.03,RLCI,7,0.459849434807187,0.8742857142857143,0.7761512446403503,0.7677777777777778,0.7634450399875641,0.7655555555555555
hard,4,200004,1004,6000,32,5,relu,sgd,0.03,RLCI,8,0.3884718059358142,0.8980952380952381,0.7679419538709853,0.7911111111111111,0.7055121318499247,0.7922222222222223
hard,4,200004,1004,6000,32,5,relu,sgd,0.03,RLCI,9,0.3533458964029948,0.9007142857142857,0.7802501397662692,0.79,0.7375214754210578,0.7844444444444445
hard,4,200004,1004,6000,32,5,relu,sgd,0.03,RLCI,10,0.3011948989686512,0.9202380952380952,0.7761161004172431,0.7866666666666666,0.7514197724395328,0.7911111111111111
hard,4,200004,1004,6000,32,5,relu,sgd,0.03,RLCI,11,0.3091400446210589,0.9138095238095238,0.8477662446763781,0.7688888888888888,0.8217328662342496,0.7677777777777778
hard,4,200004,1004,6000,32,5,relu,sgd,0.03,RLCI,12,0.2562813890547979,0.9283333333333332,0.8659353126419915,0.7722222222222223,0.8244780039787293,0.7711111111111111
hard,4,200004,1004,6000,32,5,relu,sgd,0.03,RLCI,13,0.2388325241633823,0.931904761904762,0.9231596342722574,0.7544444444444445,0.8536998256047567,0.7622222222222222
hard,4,200004,1004,6000,32,5,relu,sgd,0.03,RLCI,14,0.2106263047172909,0.9428571428571428,0.9233500952190824,0.7722222222222223,0.8926732444763184,0.7566666666666667
hard,4,200004,1004,6000,32,5,relu,sgd,0.03,RLCI,15,0.1743862254279,0.9538095238095238,0.9545408307181464,0.7822222222222223,0.9061436727311876,0.7788888888888889
hard,4,200004,1004,6000,32,5,relu,sgd,0.03,RLCI,16,0.1640606457846505,0.9545238095238096,1.0010088772243924,0.7566666666666667,0.93264284491539,0.7744444444444445
hard,4,200004,1004,6000,32,5,relu,sgd,0.03,RLCI,17,0.213440439133417,0.9304761904761903,1.071620970302158,0.7422222222222222,1.1026818537712098,0.7277777777777777
hard,4,200004,1004,6000,32,5,relu,sgd,0.03,RLCI,18,0.1224428083783104,0.9666666666666668,1.0816898102230497,0.7466666666666667,1.0234359084235298,0.7588888888888888
hard,4,200004,1004,6000,32,5,relu,sgd,0.03,RLCI,19,0.1005106517246791,0.9759523809523808,1.1272332382202148,0.7633333333333333,1.066844002670712,0.7522222222222222
hard,4,200004,1004,6000,32,5,relu,sgd,0.03,RLCI,20,0.083918437503633,0.9833333333333332,1.166558117336697,0.7577777777777778,1.0917495879862045,0.7555555555555555
hard,4,200004,1004,6000,32,5,relu,sgd,0.03,He,0,2.410955454508464,0.1878571428571428,2.543275646633572,0.1622222222222222,2.387565449608697,0.1922222222222222
hard,4,200004,1004,6000,32,5,relu,sgd,0.03,He,1,1.2627450634184338,0.4919047619047619,1.3180986828274197,0.4744444444444444,1.300509083535936,0.4744444444444444
hard,4,200004,1004,6000,32,5,relu,sgd,0.03,He,2,0.9627076684860956,0.6597619047619048,1.084988031387329,0.6066666666666667,1.0512047889497544,0.6177777777777778
hard,4,200004,1004,6000,32,5,relu,sgd,0.03,He,3,0.7854984882899693,0.7388095238095238,0.96454048315684,0.66,0.950857369767295,0.6744444444444444
hard,4,200004,1004,6000,32,5,relu,sgd,0.03,He,4,0.630972306387765,0.8054761904761905,0.8712352259953817,0.7122222222222222,0.8432559548483954,0.7133333333333334
hard,4,200004,1004,6000,32,5,relu,sgd,0.03,He,5,0.5529906817844936,0.8335714285714285,0.8676587631967333,0.7355555555555555,0.8465297178427378,0.7211111111111111
hard,4,200004,1004,6000,32,5,relu,sgd,0.03,He,6,0.4907706760224842,0.8590476190476191,0.8494398233625624,0.7433333333333333,0.8234461686346266,0.7522222222222222
hard,4,200004,1004,6000,32,5,relu,sgd,0.03,He,7,0.4283097457885742,0.8783333333333333,0.8781192538473341,0.7366666666666667,0.8294088268280029,0.7455555555555555
hard,4,200004,1004,6000,32,5,relu,sgd,0.03,He,8,0.3680688181377592,0.9,0.8787620774904887,0.7555555555555555,0.8083803570270538,0.7555555555555555
hard,4,200004,1004,6000,32,5,relu,sgd,0.03,He,9,0.323251466296968,0.9092857142857144,0.8882293531629775,0.7577777777777778,0.8372815737459395,0.7544444444444445
hard,4,200004,1004,6000,32,5,relu,sgd,0.03,He,10,0.2837389964149112,0.9266666666666666,0.9178401936425103,0.7644444444444445,0.8904801151487562,0.7522222222222222
hard,4,200004,1004,6000,32,5,relu,sgd,0.03,He,11,0.2656284972599574,0.9273809523809524,0.9842990191777548,0.7311111111111112,0.9250947708553738,0.7433333333333333
hard,4,200004,1004,6000,32,5,relu,sgd,0.03,He,12,0.2192224475315639,0.9404761904761904,0.9868518418735928,0.7477777777777778,0.8977529611852434,0.75
hard,4,200004,1004,6000,32,5,relu,sgd,0.03,He,13,0.1972240831738426,0.9476190476190476,1.038204714987013,0.7311111111111112,0.9449773706330192,0.7433333333333333
hard,4,200004,1004,6000,32,5,relu,sgd,0.03,He,14,0.1638912959325881,0.9621428571428572,1.0417204001214768,0.7366666666666667,0.929852514664332,0.7511111111111111
hard,4,200004,1004,6000,32,5,relu,sgd,0.03,He,15,0.1627183183034261,0.954047619047619,1.1159525485833486,0.7388888888888889,1.0509076873461405,0.7366666666666667
hard,4,200004,1004,6000,32,5,relu,sgd,0.03,He,16,0.1198749524071103,0.9688095238095238,1.1452147393756442,0.7488888888888889,0.999541863070594,0.7411111111111112
hard,4,200004,1004,6000,32,5,relu,sgd,0.03,He,17,0.1053218852906,0.9745238095238096,1.1821168708801268,0.7322222222222222,1.0682265419430204,0.7255555555555555
hard,4,200004,1004,6000,32,5,relu,sgd,0.03,He,18,0.0923576804569789,0.9804761904761904,1.23753100183275,0.7333333333333333,1.1354058048460218,0.72
hard,4,200004,1004,6000,32,5,relu,sgd,0.03,He,19,0.0715276724951607,0.9859523809523808,1.314593602816264,0.7322222222222222,1.1454464266035291,0.7466666666666667
hard,4,200004,1004,6000,32,5,relu,sgd,0.03,He,20,0.0619737364564623,0.9909523809523808,1.3390608417987824,0.7433333333333333,1.2111820809046427,0.7288888888888889
hard,4,200004,1004,6000,32,5,relu,sgd,0.03,Xavier,0,2.2092090643019904,0.1878571428571428,2.3195450994703504,0.1622222222222222,2.19058733092414,0.1922222222222222
hard,4,200004,1004,6000,32,5,relu,sgd,0.03,Xavier,1,1.2112655131022136,0.5328571428571428,1.2743781810336643,0.5,1.2557783447371589,0.5144444444444445
hard,4,200004,1004,6000,32,5,relu,sgd,0.03,Xavier,2,0.8764455395653135,0.7023809523809523,1.012893297407362,0.6555555555555556,0.9845527846283384,0.6488888888888888
hard,4,200004,1004,6000,32,5,relu,sgd,0.03,Xavier,3,0.7095644651140486,0.78,0.895627014901903,0.7011111111111111,0.8856481222311655,0.7
hard,4,200004,1004,6000,32,5,relu,sgd,0.03,Xavier,4,0.5649737657819476,0.8321428571428572,0.817761246893141,0.75,0.7945141837331984,0.7422222222222222
hard,4,200004,1004,6000,32,5,relu,sgd,0.03,Xavier,5,0.4861258288792201,0.8626190476190476,0.8024079916212293,0.7622222222222222,0.7779651869667901,0.77
hard,4,200004,1004,6000,32,5,relu,sgd,0.03,Xavier,6,0.4190611403329032,0.885,0.7869885375764635,0.7733333333333333,0.7749886637263828,0.77
hard,4,200004,1004,6000,32,5,relu,sgd,0.03,Xavier,7,0.3642500323341006,0.8973809523809524,0.8168045086330837,0.7711111111111111,0.7843778989050123,0.7622222222222222
hard,4,200004,1004,6000,32,5,relu,sgd,0.03,Xavier,8,0.3150382918403262,0.9171428571428571,0.8463805203967624,0.7711111111111111,0.7742102495829264,0.7755555555555556
hard,4,200004,1004,6000,32,5,relu,sgd,0.03,Xavier,9,0.2735490521930513,0.9266666666666666,0.8755884212917752,0.7622222222222222,0.8081878142886691,0.7744444444444445
hard,4,200004,1004,6000,32,5,relu,sgd,0.03,Xavier,10,0.2330583635965983,0.9383333333333334,0.903191803826226,0.7655555555555555,0.8582896539900038,0.7688888888888888
hard,4,200004,1004,6000,32,5,relu,sgd,0.03,Xavier,11,0.2156292556581043,0.9364285714285714,0.9342325327131484,0.7633333333333333,0.887340411345164,0.7622222222222222
hard,4,200004,1004,6000,32,5,relu,sgd,0.03,Xavier,12,0.1780982369468325,0.9554761904761904,0.958746915128496,0.7644444444444445,0.8948430434862773,0.75
hard,4,200004,1004,6000,32,5,relu,sgd,0.03,Xavier,13,0.1511014456976027,0.9633333333333334,1.007820898161994,0.77,0.9469882973035176,0.7577777777777778
hard,4,200004,1004,6000,32,5,relu,sgd,0.03,Xavier,14,0.1370113947277977,0.9666666666666668,1.040853141678704,0.7544444444444445,0.9525852190123664,0.7511111111111111
hard,4,200004,1004,6000,32,5,relu,sgd,0.03,Xavier,15,0.1298344069435482,0.9671428571428572,1.083462585873074,0.76,1.048481262789832,0.7477777777777778
hard,4,200004,1004,6000,32,5,relu,sgd,0.03,Xavier,16,0.1076057254700433,0.9747619047619048,1.1566503286361691,0.74,1.0467456788486904,0.7533333333333333
hard,4,200004,1004,6000,32,5,relu,sgd,0.03,Xavier,17,0.1054681134223938,0.9711904761904762,1.190187137921651,0.7444444444444445,1.103926231596205,0.7444444444444445
hard,4,200004,1004,6000,32,5,relu,sgd,0.03,Xavier,18,0.073709621542976,0.9859523809523808,1.2258308855692546,0.7377777777777778,1.1062042052216,0.7544444444444445
hard,4,200004,1004,6000,32,5,relu,sgd,0.03,Xavier,19,0.0567936548164912,0.9892857142857144,1.239719294442071,0.7455555555555555,1.1567801646391551,0.7477777777777778
hard,4,200004,1004,6000,32,5,relu,sgd,0.03,Xavier,20,0.041248607124601,0.9940476190476192,1.3043815252516004,0.7411111111111112,1.2028875221146478,0.75
hard,4,200004,1004,6000,32,5,relu,sgd,0.03,Orthogonal,0,1.8424510519845143,0.1821428571428571,1.881045144399007,0.1766666666666666,1.836440176433987,0.1788888888888888
hard,4,200004,1004,6000,32,5,relu,sgd,0.03,Orthogonal,1,1.195957149323963,0.5661904761904762,1.2561583518981934,0.5077777777777778,1.2330285983615452,0.5466666666666666
hard,4,200004,1004,6000,32,5,relu,sgd,0.03,Orthogonal,2,0.8519023931594122,0.7152380952380952,0.9684859074486628,0.6655555555555556,0.9411987455685934,0.6611111111111111
hard,4,200004,1004,6000,32,5,relu,sgd,0.03,Orthogonal,3,0.693002332051595,0.78,0.8550071011649237,0.7277777777777777,0.8346368075741661,0.7244444444444444
hard,4,200004,1004,6000,32,5,relu,sgd,0.03,Orthogonal,4,0.536570934114002,0.845,0.744862716462877,0.78,0.7206024175220066,0.77
hard,4,200004,1004,6000,32,5,relu,sgd,0.03,Orthogonal,5,0.4682947058904738,0.8690476190476191,0.7444352340698243,0.7955555555555556,0.7017139471901788,0.7622222222222222
hard,4,200004,1004,6000,32,5,relu,sgd,0.03,Orthogonal,6,0.4210863095238095,0.8821428571428571,0.7495394240485297,0.8055555555555556,0.7102742759386699,0.7788888888888889
hard,4,200004,1004,6000,32,5,relu,sgd,0.03,Orthogonal,7,0.3762815693446568,0.8933333333333333,0.753180521329244,0.7988888888888889,0.7225996111498939,0.7611111111111111
hard,4,200004,1004,6000,32,5,relu,sgd,0.03,Orthogonal,8,0.3237694622221447,0.909047619047619,0.7846454079945883,0.7966666666666666,0.6953975734445784,0.7955555555555556
hard,4,200004,1004,6000,32,5,relu,sgd,0.03,Orthogonal,9,0.3050276261284237,0.914047619047619,0.806982429822286,0.7788888888888889,0.750193801191118,0.7811111111111111
hard,4,200004,1004,6000,32,5,relu,sgd,0.03,Orthogonal,10,0.251929208664667,0.9321428571428572,0.805753665500217,0.7933333333333333,0.7450472736358642,0.7922222222222223
hard,4,200004,1004,6000,32,5,relu,sgd,0.03,Orthogonal,11,0.2348355161576044,0.9321428571428572,0.8722708834542169,0.7933333333333333,0.8263212683465746,0.7711111111111111
hard,4,200004,1004,6000,32,5,relu,sgd,0.03,Orthogonal,12,0.1954159259796142,0.9488095238095238,0.908382200135125,0.78,0.8165158685048421,0.7733333333333333
hard,4,200004,1004,6000,32,5,relu,sgd,0.03,Orthogonal,13,0.1763960429600307,0.95,0.9482840230729844,0.7688888888888888,0.874860751496421,0.7666666666666667
hard,4,200004,1004,6000,32,5,relu,sgd,0.03,Orthogonal,14,0.1593513370695568,0.956904761904762,0.9731794611612956,0.7766666666666666,0.8781633698940277,0.7733333333333333
hard,4,200004,1004,6000,32,5,relu,sgd,0.03,Orthogonal,15,0.1556005350748698,0.9516666666666668,1.0198993364969888,0.76,0.9819168419308132,0.7588888888888888
hard,4,200004,1004,6000,32,5,relu,sgd,0.03,Orthogonal,16,0.1157877268110002,0.9676190476190476,1.1013317351871066,0.7633333333333333,1.0025149606664976,0.7722222222222223
hard,4,200004,1004,6000,32,5,relu,sgd,0.03,Orthogonal,17,0.1057367137500218,0.9704761904761904,1.1064649274614122,0.7611111111111111,1.0274991910325155,0.7722222222222223
hard,4,200004,1004,6000,32,5,relu,sgd,0.03,Orthogonal,18,0.0923191075097946,0.9773809523809524,1.1460848479800754,0.7533333333333333,1.0815688469674851,0.7511111111111111
hard,4,200004,1004,6000,32,5,relu,sgd,0.03,Orthogonal,19,0.0800893081937517,0.9804761904761904,1.2288099161783854,0.7711111111111111,1.147600495947732,0.7666666666666667
hard,4,200004,1004,6000,32,5,relu,sgd,0.03,Orthogonal,20,0.0719086916106087,0.9809523809523808,1.212147562238905,0.77,1.1395321531097091,0.7588888888888888
hard,5,200005,1005,6000,32,5,relu,sgd,0.03,RLCI,0,1.724151120867048,0.2047619047619047,1.7270198816723294,0.2044444444444444,1.7260344081454806,0.2066666666666666
hard,5,200005,1005,6000,32,5,relu,sgd,0.03,RLCI,1,1.2958660561697823,0.5078571428571429,1.2783993832270304,0.5222222222222223,1.296067713631524,0.5022222222222222
hard,5,200005,1005,6000,32,5,relu,sgd,0.03,RLCI,2,0.9690508669898624,0.6526190476190477,1.0117265945010716,0.6344444444444445,0.9999123689863416,0.6311111111111111
hard,5,200005,1005,6000,32,5,relu,sgd,0.03,RLCI,3,0.785632560366676,0.7433333333333333,0.8555133575863308,0.7088888888888889,0.8669261513815986,0.7033333333333334
hard,5,200005,1005,6000,32,5,relu,sgd,0.03,RLCI,4,0.6325373277210053,0.8066666666666666,0.7556515185038248,0.76,0.7703743203481038,0.7611111111111111
hard,5,200005,1005,6000,32,5,relu,sgd,0.03,RLCI,5,0.5633882940383185,0.8385714285714285,0.7398508760664199,0.7566666666666667,0.7550080972247654,0.7722222222222223
hard,5,200005,1005,6000,32,5,relu,sgd,0.03,RLCI,6,0.481345887865339,0.8697619047619047,0.6929136795467801,0.7855555555555556,0.7321812788645427,0.79
hard,5,200005,1005,6000,32,5,relu,sgd,0.03,RLCI,7,0.4580368432544526,0.8647619047619047,0.7258750443988377,0.7733333333333333,0.7596312289767795,0.7988888888888889
hard,5,200005,1005,6000,32,5,relu,sgd,0.03,RLCI,8,0.3780503372918992,0.8997619047619048,0.6923866981930203,0.7844444444444445,0.7277363019519382,0.8144444444444444
hard,5,200005,1005,6000,32,5,relu,sgd,0.03,RLCI,9,0.3443046306428455,0.9102380952380952,0.7140389413303799,0.7955555555555556,0.7607876629299588,0.7955555555555556
hard,5,200005,1005,6000,32,5,relu,sgd,0.03,RLCI,10,0.3059422561100551,0.918809523809524,0.7191025482283698,0.7911111111111111,0.7640671263800727,0.8044444444444444
hard,5,200005,1005,6000,32,5,relu,sgd,0.03,RLCI,11,0.2628951953706287,0.9297619047619048,0.7631921402613322,0.7788888888888889,0.7767248243755764,0.7966666666666666
hard,5,200005,1005,6000,32,5,relu,sgd,0.03,RLCI,12,0.2282400914600917,0.94,0.7757279147042169,0.7844444444444445,0.8269061258104112,0.7922222222222223
hard,5,200005,1005,6000,32,5,relu,sgd,0.03,RLCI,13,0.1965051884878249,0.9473809523809524,0.8431352814038594,0.7666666666666667,0.8537152295642428,0.7855555555555556
hard,5,200005,1005,6000,32,5,relu,sgd,0.03,RLCI,14,0.1970301759810674,0.9471428571428572,0.9384362239307829,0.7411111111111112,0.9307540236579048,0.7722222222222223
hard,5,200005,1005,6000,32,5,relu,sgd,0.03,RLCI,15,0.1368574981462388,0.9709523809523808,0.881163354449802,0.7755555555555556,0.9248103597429064,0.7933333333333333
hard,5,200005,1005,6000,32,5,relu,sgd,0.03,RLCI,16,0.1370386019207182,0.9638095238095238,0.9649955700503456,0.7477777777777778,1.0162440141042073,0.7877777777777778
hard,5,200005,1005,6000,32,5,relu,sgd,0.03,RLCI,17,0.1315508243015834,0.959047619047619,1.0611243356598747,0.75,1.1068834114074706,0.7811111111111111
hard,5,200005,1005,6000,32,5,relu,sgd,0.03,RLCI,18,0.1052126076107933,0.9747619047619048,1.0772838727633158,0.7444444444444445,1.0383452934688993,0.7766666666666666
hard,5,200005,1005,6000,32,5,relu,sgd,0.03,RLCI,19,0.1099041743505568,0.9671428571428572,1.1430718194113838,0.7433333333333333,1.0926431602901885,0.7811111111111111
hard,5,200005,1005,6000,32,5,relu,sgd,0.03,RLCI,20,0.0691603856994992,0.9840476190476192,1.114647809267044,0.7611111111111111,1.1181768883599177,0.7933333333333333
hard,5,200005,1005,6000,32,5,relu,sgd,0.03,He,0,2.2301233491443453,0.2047619047619047,2.237020681169298,0.2044444444444444,2.2373094844818118,0.2066666666666666
hard,5,200005,1005,6000,32,5,relu,sgd,0.03,He,1,1.2502628798711868,0.5176190476190476,1.24014771355523,0.5288888888888889,1.258686301973131,0.5055555555555555
hard,5,200005,1005,6000,32,5,relu,sgd,0.03,He,2,0.9468919917515346,0.6678571428571428,1.001399462752872,0.6466666666666666,0.9816949049631756,0.6311111111111111
hard,5,200005,1005,6000,32,5,relu,sgd,0.03,He,3,0.7784426407586961,0.7371428571428571,0.8634286517567105,0.6966666666666667,0.8956038342581855,0.6833333333333333
hard,5,200005,1005,6000,32,5,relu,sgd,0.03,He,4,0.6436865579514276,0.7971428571428572,0.7885339869393243,0.7344444444444445,0.8073727618323432,0.73
hard,5,200005,1005,6000,32,5,relu,sgd,0.03,He,5,0.5683587310427711,0.8276190476190476,0.7795003978411357,0.7422222222222222,0.7993440066443549,0.7588888888888888
hard,5,200005,1005,6000,32,5,relu,sgd,0.03,He,6,0.4904628335861932,0.8609523809523809,0.729075574874878,0.7622222222222222,0.7706411255730523,0.7711111111111111
hard,5,200005,1005,6000,32,5,relu,sgd,0.03,He,7,0.4616459492274693,0.8628571428571429,0.7753704275025262,0.7455555555555555,0.8095941427018908,0.7555555555555555
hard,5,200005,1005,6000,32,5,relu,sgd,0.03,He,8,0.3803482741401309,0.8957142857142857,0.7458059216870202,0.77,0.7870336649152968,0.7755555555555556
hard,5,200005,1005,6000,32,5,relu,sgd,0.03,He,9,0.3464981233505975,0.9042857142857142,0.7465041563245985,0.7722222222222223,0.8156788534588284,0.76
hard,5,200005,1005,6000,32,5,relu,sgd,0.03,He,10,0.3026068119775681,0.9126190476190476,0.7549187077416314,0.7744444444444445,0.8251926157209608,0.7622222222222222
hard,5,200005,1005,6000,32,5,relu,sgd,0.03,He,11,0.2512705716632661,0.9373809523809524,0.7713298095597161,0.7644444444444445,0.8251558526357015,0.78
hard,5,200005,1005,6000,32,5,relu,sgd,0.03,He,12,0.2137385540916806,0.9445238095238097,0.8004363706376818,0.7744444444444445,0.8660575432247586,0.79
hard,5,200005,1005,6000,32,5,relu,sgd,0.03,He,13,0.18527718657539,0.9538095238095238,0.8725837400224474,0.7511111111111111,0.924715789688958,0.7755555555555556
hard,5,200005,1005,6000,32,5,relu,sgd,0.03,He,14,0.1611340677170526,0.9611904761904762,0.8868707950909932,0.7544444444444445,0.9674684524536132,0.7655555555555555
hard,5,200005,1005,6000,32,5,relu,sgd,0.03,He,15,0.1285921344302949,0.9747619047619048,0.8937285998132494,0.7555555555555555,0.9765583091311985,0.7877777777777778
hard,5,200005,1005,6000,32,5,relu,sgd,0.03,He,16,0.1240821025485084,0.9704761904761904,0.9597031079398262,0.7322222222222222,1.100122504764133,0.7522222222222222
hard,5,200005,1005,6000,32,5,relu,sgd,0.03,He,17,0.0983355888866242,0.9771428571428572,0.9702846296628316,0.7577777777777778,1.1414309904310438,0.7722222222222223
hard,5,200005,1005,6000,32,5,relu,sgd,0.03,He,18,0.0829986160142081,0.9821428571428572,1.0260121896531846,0.7555555555555555,1.1332987552218967,0.77
hard,5,200005,1005,6000,32,5,relu,sgd,0.03,He,19,0.0695840333756946,0.9859523809523808,1.0813015761640337,0.7488888888888889,1.1812427446577285,0.7766666666666666
hard,5,200005,1005,6000,32,5,relu,sgd,0.03,He,20,0.0534676156725202,0.9921428571428572,1.1133204187287224,0.7466666666666667,1.2060561688741047,0.7788888888888889
hard,5,200005,1005,6000,32,5,relu,sgd,0.03,Xavier,0,2.064875786190941,0.2047619047619047,2.0710892317030165,0.2044444444444444,2.070419138272604,0.2066666666666666
hard,5,200005,1005,6000,32,5,relu,sgd,0.03,Xavier,1,1.2091229175385976,0.5516666666666666,1.2039265635278489,0.5544444444444444,1.2209550189971925,0.5277777777777778
hard,5,200005,1005,6000,32,5,relu,sgd,0.03,Xavier,2,0.9055540357317244,0.6864285714285714,0.9682066543896992,0.6555555555555556,0.9574110190073648,0.6488888888888888
hard,5,200005,1005,6000,32,5,relu,sgd,0.03,Xavier,3,0.6975593058268229,0.7828571428571428,0.8032316851615906,0.73,0.8250512769487169,0.7233333333333334
hard,5,200005,1005,6000,32,5,relu,sgd,0.03,Xavier,4,0.5939712097531273,0.819047619047619,0.7525340329276191,0.7522222222222222,0.7863091892666287,0.7433333333333333
hard,5,200005,1005,6000,32,5,relu,sgd,0.03,Xavier,5,0.4984879511878604,0.8545238095238096,0.7325515227847629,0.7711111111111111,0.758203485276964,0.7755555555555556
hard,5,200005,1005,6000,32,5,relu,sgd,0.03,Xavier,6,0.426236332484654,0.8809523809523809,0.6984487377272712,0.7833333333333333,0.7602604791853163,0.7844444444444445
hard,5,200005,1005,6000,32,5,relu,sgd,0.03,Xavier,7,0.3924542408897763,0.8842857142857142,0.729112688170539,0.7877777777777778,0.7877397775650025,0.7744444444444445
hard,5,200005,1005,6000,32,5,relu,sgd,0.03,Xavier,8,0.3376305284954253,0.9035714285714286,0.7571300305260552,0.7711111111111111,0.8048926968044705,0.7666666666666667
hard,5,200005,1005,6000,32,5,relu,sgd,0.03,Xavier,9,0.2968803128742036,0.9161904761904762,0.7640921333101061,0.78,0.8370923815833198,0.7733333333333333
hard,5,200005,1005,6000,32,5,relu,sgd,0.03,Xavier,10,0.2560945211138044,0.928809523809524,0.7568622379832798,0.7866666666666666,0.8397689109378391,0.7822222222222223
hard,5,200005,1005,6000,32,5,relu,sgd,0.03,Xavier,11,0.2177092068535941,0.9464285714285714,0.8073676681518555,0.76,0.8850690894656711,0.77
hard,5,200005,1005,6000,32,5,relu,sgd,0.03,Xavier,12,0.1983350372314453,0.9452380952380952,0.8440444501241048,0.7711111111111111,0.9258048301272922,0.77
hard,5,200005,1005,6000,32,5,relu,sgd,0.03,Xavier,13,0.1887326976231166,0.9433333333333334,0.9180279424455432,0.7511111111111111,0.9872904131147596,0.7622222222222222
hard,5,200005,1005,6000,32,5,relu,sgd,0.03,Xavier,14,0.1270189816611154,0.9742857142857144,0.9215619609091016,0.7544444444444445,1.0073487175835505,0.7588888888888888
hard,5,200005,1005,6000,32,5,relu,sgd,0.03,Xavier,15,0.1006528130031767,0.98,0.9754035674201118,0.7488888888888889,1.0528230158487957,0.7744444444444445
hard,5,200005,1005,6000,32,5,relu,sgd,0.03,Xavier,16,0.0984945332436334,0.9757142857142858,1.0472746562957764,0.7544444444444445,1.1650076240963405,0.7422222222222222
hard,5,200005,1005,6000,32,5,relu,sgd,0.03,Xavier,17,0.0800400934900556,0.9821428571428572,1.0579086833530005,0.7655555555555555,1.170783332188924,0.7622222222222222
hard,5,200005,1005,6000,32,5,relu,sgd,0.03,Xavier,18,0.0796489730335417,0.9821428571428572,1.1636641624238755,0.7444444444444445,1.225173176659478,0.7455555555555555
hard,5,200005,1005,6000,32,5,relu,sgd,0.03,Xavier,19,0.0521821111156826,0.9909523809523808,1.141567500962151,0.7711111111111111,1.253122831980387,0.7777777777777778
hard,5,200005,1005,6000,32,5,relu,sgd,0.03,Xavier,20,0.0348170439402262,0.9966666666666668,1.182449877527025,0.7555555555555555,1.3090044116973878,0.7644444444444445
hard,5,200005,1005,6000,32,5,relu,sgd,0.03,Orthogonal,0,1.873650661650158,0.1995238095238095,1.8885503980848524,0.2022222222222222,1.9008141941494408,0.1988888888888889
hard,5,200005,1005,6000,32,5,relu,sgd,0.03,Orthogonal,1,1.2786475735618954,0.5326190476190477,1.2855630620320635,0.5333333333333333,1.3071707238091363,0.4855555555555556
hard,5,200005,1005,6000,32,5,relu,sgd,0.03,Orthogonal,2,0.8979701905023484,0.685952380952381,0.9432952496740552,0.6566666666666666,0.938848082224528,0.6533333333333333
hard,5,200005,1005,6000,32,5,relu,sgd,0.03,Orthogonal,3,0.6933216276622954,0.7838095238095238,0.7970458756552802,0.7366666666666667,0.7865006637573242,0.7422222222222222
hard,5,200005,1005,6000,32,5,relu,sgd,0.03,Orthogonal,4,0.5626087379455567,0.8392857142857143,0.7191951847076417,0.7688888888888888,0.732876738972134,0.7888888888888889
hard,5,200005,1005,6000,32,5,relu,sgd,0.03,Orthogonal,5,0.4949946884881882,0.861904761904762,0.7253131575054592,0.7622222222222222,0.7309032360712687,0.7922222222222223
hard,5,200005,1005,6000,32,5,relu,sgd,0.03,Orthogonal,6,0.4196367545354934,0.8807142857142857,0.717399116092258,0.77,0.7175429556104872,0.81
hard,5,200005,1005,6000,32,5,relu,sgd,0.03,Orthogonal,7,0.3973540796552385,0.8826190476190476,0.7506560018327502,0.7622222222222222,0.7451015732023452,0.7922222222222223
hard,5,200005,1005,6000,32,5,relu,sgd,0.03,Orthogonal,8,0.3251210671379452,0.9083333333333332,0.7101040967305501,0.7877777777777778,0.7377381314171685,0.8144444444444444
hard,5,200005,1005,6000,32,5,relu,sgd,0.03,Orthogonal,9,0.2943739850180489,0.9197619047619048,0.7691266059875488,0.78,0.7728595383961996,0.7977777777777778
hard,5,200005,1005,6000,32,5,relu,sgd,0.03,Orthogonal,10,0.2517568029676165,0.9292857142857144,0.7525574207305908,0.7811111111111111,0.7700662522845798,0.8011111111111111
hard,5,200005,1005,6000,32,5,relu,sgd,0.03,Orthogonal,11,0.2243125216166178,0.934047619047619,0.8028291887707181,0.7577777777777778,0.8107209184434678,0.7944444444444444
hard,5,200005,1005,6000,32,5,relu,sgd,0.03,Orthogonal,12,0.1919706160681588,0.944047619047619,0.8277698495652941,0.7622222222222222,0.8392423746320936,0.8011111111111111
hard,5,200005,1005,6000,32,5,relu,sgd,0.03,Orthogonal,13,0.1797445660545712,0.9447619047619048,0.8736048518286811,0.7622222222222222,0.9190971438090006,0.7888888888888889
hard,5,200005,1005,6000,32,5,relu,sgd,0.03,Orthogonal,14,0.1800747682934715,0.9476190476190476,0.97296293258667,0.7455555555555555,0.9910571034749348,0.7666666666666667
hard,5,200005,1005,6000,32,5,relu,sgd,0.03,Orthogonal,15,0.127430115654355,0.9623809523809524,0.9430146720674304,0.7633333333333333,0.9974627770317924,0.7822222222222223
hard,5,200005,1005,6000,32,5,relu,sgd,0.03,Orthogonal,16,0.1184760743095761,0.9678571428571427,1.0337435054779052,0.7455555555555555,1.0961725870768229,0.7555555555555555
hard,5,200005,1005,6000,32,5,relu,sgd,0.03,Orthogonal,17,0.1022137283143543,0.9723809523809523,1.0615596103668212,0.7555555555555555,1.142230241563585,0.7688888888888888
hard,5,200005,1005,6000,32,5,relu,sgd,0.03,Orthogonal,18,0.0816191948027837,0.9840476190476192,1.147394290500217,0.7366666666666667,1.1911921744876437,0.7666666666666667
hard,5,200005,1005,6000,32,5,relu,sgd,0.03,Orthogonal,19,0.0821752610660734,0.9771428571428572,1.1666956816779244,0.7533333333333333,1.2510617097218832,0.7677777777777778
hard,5,200005,1005,6000,32,5,relu,sgd,0.03,Orthogonal,20,0.0717004793030875,0.9823809523809524,1.2152826515833537,0.7333333333333333,1.2500856314765083,0.7655555555555555
hard,6,200006,1006,6000,32,5,relu,sgd,0.03,RLCI,0,1.6940333193824404,0.1954761904761904,1.682404147254096,0.1944444444444444,1.691143707699246,0.2033333333333333
hard,6,200006,1006,6000,32,5,relu,sgd,0.03,RLCI,1,1.348792332240513,0.4921428571428571,1.3564185041851466,0.48,1.364905768500434,0.4622222222222222
hard,6,200006,1006,6000,32,5,relu,sgd,0.03,RLCI,2,1.0139494269234794,0.6342857142857142,1.046309072971344,0.6144444444444445,1.0698754058943851,0.6077777777777778
hard,6,200006,1006,6000,32,5,relu,sgd,0.03,RLCI,3,0.7772983968825568,0.7473809523809524,0.8615278319517772,0.7066666666666667,0.8955620177586874,0.7166666666666667
hard,6,200006,1006,6000,32,5,relu,sgd,0.03,RLCI,4,0.6527706509544736,0.7997619047619048,0.8073989400598738,0.7255555555555555,0.8234201317363316,0.7433333333333333
hard,6,200006,1006,6000,32,5,relu,sgd,0.03,RLCI,5,0.5679657818022228,0.8335714285714285,0.7357321841186947,0.7655555555555555,0.8034606234232584,0.7455555555555555
hard,6,200006,1006,6000,32,5,relu,sgd,0.03,RLCI,6,0.479420413062686,0.8688095238095238,0.7448419496748182,0.7655555555555555,0.7788662815093994,0.7777777777777778
hard,6,200006,1006,6000,32,5,relu,sgd,0.03,RLCI,7,0.4230794479733422,0.8838095238095238,0.714455016652743,0.7933333333333333,0.7921779315339195,0.77
hard,6,200006,1006,6000,32,5,relu,sgd,0.03,RLCI,8,0.3772963310423351,0.8964285714285715,0.7126257693767548,0.7888888888888889,0.7932086845239004,0.7711111111111111
hard,6,200006,1006,6000,32,5,relu,sgd,0.03,RLCI,9,0.3368147677466983,0.9066666666666666,0.737299100028144,0.7722222222222223,0.8142887457211813,0.7733333333333333
hard,6,200006,1006,6000,32,5,relu,sgd,0.03,RLCI,10,0.2793198471977597,0.9247619047619048,0.7580403610070546,0.7955555555555556,0.8459424400329589,0.78
hard,6,200006,1006,6000,32,5,relu,sgd,0.03,RLCI,11,0.2566767856052944,0.930952380952381,0.7991450964079962,0.7766666666666666,0.8906953626539972,0.7566666666666667
hard,6,200006,1006,6000,32,5,relu,sgd,0.03,RLCI,12,0.2575876072474888,0.9247619047619048,0.8619113687674205,0.7611111111111111,0.9366611607207193,0.7644444444444445
hard,6,200006,1006,6000,32,5,relu,sgd,0.03,RLCI,13,0.204276464326041,0.9435714285714286,0.8329543847507901,0.7744444444444445,0.944687968591849,0.77
hard,6,200006,1006,6000,32,5,relu,sgd,0.03,RLCI,14,0.1681584144773937,0.9566666666666668,0.8822897863388062,0.7777777777777778,0.9625222582618396,0.7733333333333333
hard,6,200006,1006,6000,32,5,relu,sgd,0.03,RLCI,15,0.1298458326430547,0.9707142857142858,0.8929708843761021,0.7811111111111111,0.9952352663543488,0.7766666666666666
hard,6,200006,1006,6000,32,5,relu,sgd,0.03,RLCI,16,0.1160224947475251,0.97,0.9547078074349298,0.7811111111111111,1.055250259174241,0.7611111111111111
hard,6,200006,1006,6000,32,5,relu,sgd,0.03,RLCI,17,0.1008290246554783,0.9783333333333334,1.0365694281789992,0.7633333333333333,1.1005211124486394,0.7577777777777778
hard,6,200006,1006,6000,32,5,relu,sgd,0.03,RLCI,18,0.1152048558280581,0.9664285714285714,1.1344818035761517,0.7644444444444445,1.1903986551364265,0.7411111111111112
hard,6,200006,1006,6000,32,5,relu,sgd,0.03,RLCI,19,0.0772741700354076,0.9811904761904762,1.139535157415602,0.7622222222222222,1.2295101256834136,0.7577777777777778
hard,6,200006,1006,6000,32,5,relu,sgd,0.03,RLCI,20,0.0612940261477515,0.9857142857142858,1.1686299318737454,0.7655555555555555,1.249269626032975,0.7566666666666667
hard,6,200006,1006,6000,32,5,relu,sgd,0.03,He,0,2.0231942676362538,0.1954761904761904,1.996619453430176,0.1944444444444444,2.019050064086914,0.2033333333333333
hard,6,200006,1006,6000,32,5,relu,sgd,0.03,He,1,1.2849378531319755,0.5021428571428571,1.3303142648273043,0.4688888888888889,1.314349209997389,0.4811111111111111
hard,6,200006,1006,6000,32,5,relu,sgd,0.03,He,2,0.9556277284168062,0.6628571428571428,1.0274163015683493,0.6277777777777778,1.0155637396706476,0.6177777777777778
hard,6,200006,1006,6000,32,5,relu,sgd,0.03,He,3,0.7546713856288365,0.7473809523809524,0.8983986939986547,0.6844444444444444,0.885630518330468,0.7055555555555556
hard,6,200006,1006,6000,32,5,relu,sgd,0.03,He,4,0.6367432494390578,0.8057142857142857,0.8646373715003332,0.7066666666666667,0.8339208141962687,0.7311111111111112
hard,6,200006,1006,6000,32,5,relu,sgd,0.03,He,5,0.5684367561340332,0.8235714285714286,0.8461753961775038,0.7088888888888889,0.8343709568182628,0.7311111111111112
hard,6,200006,1006,6000,32,5,relu,sgd,0.03,He,6,0.477978397551037,0.861904761904762,0.8167484166887071,0.7344444444444445,0.7994886401295662,0.7433333333333333
hard,6,200006,1006,6000,32,5,relu,sgd,0.03,He,7,0.4178343391418457,0.8833333333333333,0.7886025267177158,0.7755555555555556,0.8109599792295032,0.7466666666666667
hard,6,200006,1006,6000,32,5,relu,sgd,0.03,He,8,0.361941906156994,0.9007142857142857,0.7875067077742682,0.7644444444444445,0.8335064182016585,0.75
hard,6,200006,1006,6000,32,5,relu,sgd,0.03,He,9,0.3257471152714321,0.9071428571428573,0.8434504229492611,0.7533333333333333,0.8712540531820722,0.7433333333333333
hard,6,200006,1006,6000,32,5,relu,sgd,0.03,He,10,0.2740196595873151,0.925952380952381,0.8725816501511467,0.7455555555555555,0.9013562065031794,0.7577777777777778
hard,6,200006,1006,6000,32,5,relu,sgd,0.03,He,11,0.2484163911002022,0.93,0.897673437860277,0.7488888888888889,0.9156409240100118,0.7466666666666667
hard,6,200006,1006,6000,32,5,relu,sgd,0.03,He,12,0.2535334094365438,0.9221428571428572,0.9780212373203702,0.7233333333333334,1.0233347829348511,0.7355555555555555
hard,6,200006,1006,6000,32,5,relu,sgd,0.03,He,13,0.2121705382210867,0.9385714285714286,0.9415597870614794,0.7644444444444445,1.0168646939098835,0.7422222222222222
hard,6,200006,1006,6000,32,5,relu,sgd,0.03,He,14,0.1800400134495326,0.9495238095238095,1.0255412239498565,0.7433333333333333,1.0426179690410693,0.7444444444444445
hard,6,200006,1006,6000,32,5,relu,sgd,0.03,He,15,0.1344537548791794,0.965,0.998482011159261,0.7488888888888889,1.0518611693051123,0.7477777777777778
hard,6,200006,1006,6000,32,5,relu,sgd,0.03,He,16,0.1157747647875831,0.9714285714285714,1.063726774321662,0.7588888888888888,1.1147333091373246,0.7488888888888889
hard,6,200006,1006,6000,32,5,relu,sgd,0.03,He,17,0.0987226504371279,0.975,1.1689871366818745,0.7433333333333333,1.1961938233342435,0.74
hard,6,200006,1006,6000,32,5,relu,sgd,0.03,He,18,0.0810907313937232,0.9814285714285714,1.2532905546824138,0.7388888888888889,1.2593162132137352,0.7366666666666667
hard,6,200006,1006,6000,32,5,relu,sgd,0.03,He,19,0.0690904471987769,0.985,1.2658200807041593,0.7377777777777778,1.3110412407500875,0.7466666666666667
hard,6,200006,1006,6000,32,5,relu,sgd,0.03,He,20,0.0585014274574461,0.9902380952380953,1.399632813135783,0.7344444444444445,1.3449307897190252,0.7444444444444445
hard,6,200006,1006,6000,32,5,relu,sgd,0.03,Xavier,0,1.917227020263672,0.1954761904761904,1.8945494164360892,0.1944444444444444,1.912884661356608,0.2033333333333333
hard,6,200006,1006,6000,32,5,relu,sgd,0.03,Xavier,1,1.2670079076857794,0.5247619047619048,1.3048273340861003,0.4977777777777777,1.2974868218104043,0.5088888888888888
hard,6,200006,1006,6000,32,5,relu,sgd,0.03,Xavier,2,0.9248879205612908,0.6761904761904762,1.0054236767027114,0.6333333333333333,1.0006745704015096,0.6422222222222222
hard,6,200006,1006,6000,32,5,relu,sgd,0.03,Xavier,3,0.6989255105881463,0.7788095238095238,0.8301812607049942,0.7155555555555555,0.8463083193037245,0.7244444444444444
hard,6,200006,1006,6000,32,5,relu,sgd,0.03,Xavier,4,0.5808024342854817,0.83,0.795471331278483,0.7322222222222222,0.7894081917073992,0.7588888888888888
hard,6,200006,1006,6000,32,5,relu,sgd,0.03,Xavier,5,0.5138675844101679,0.8495238095238096,0.7578837479485406,0.7466666666666667,0.7873814929856194,0.75
hard,6,200006,1006,6000,32,5,relu,sgd,0.03,Xavier,6,0.4264636248633975,0.8795238095238095,0.7611435759067535,0.7622222222222222,0.7711349177360535,0.77
hard,6,200006,1006,6000,32,5,relu,sgd,0.03,Xavier,7,0.387069446018764,0.8914285714285715,0.7509532810582055,0.7922222222222223,0.7975262271033393,0.7788888888888889
hard,6,200006,1006,6000,32,5,relu,sgd,0.03,Xavier,8,0.3136391344524565,0.9152380952380952,0.7256198991669549,0.7877777777777778,0.7783182667361366,0.7866666666666666
hard,6,200006,1006,6000,32,5,relu,sgd,0.03,Xavier,9,0.2901218959263393,0.920952380952381,0.7772175253762139,0.7688888888888888,0.8055500767628352,0.7811111111111111
hard,6,200006,1006,6000,32,5,relu,sgd,0.03,Xavier,10,0.2314637829008556,0.9395238095238096,0.8122686323854659,0.7777777777777778,0.8519482438762983,0.7922222222222223
hard,6,200006,1006,6000,32,5,relu,sgd,0.03,Xavier,11,0.2197089122590564,0.9421428571428572,0.8837088326613108,0.7688888888888888,0.8898833495047357,0.7722222222222223
hard,6,200006,1006,6000,32,5,relu,sgd,0.03,Xavier,12,0.2034261617206391,0.9421428571428572,0.9139659157064226,0.7677777777777778,0.9737446295552784,0.7644444444444445
hard,6,200006,1006,6000,32,5,relu,sgd,0.03,Xavier,13,0.154687370345706,0.963095238095238,0.8961988965670268,0.7644444444444445,0.9536640073855718,0.7766666666666666
hard,6,200006,1006,6000,32,5,relu,sgd,0.03,Xavier,14,0.1236183920360746,0.9695238095238096,0.9461689019203186,0.7666666666666667,1.0157361492183474,0.7844444444444445
hard,6,200006,1006,6000,32,5,relu,sgd,0.03,Xavier,15,0.1044303383146013,0.9759523809523808,0.9560540584723156,0.78,1.0408539086580275,0.79
hard,6,200006,1006,6000,32,5,relu,sgd,0.03,Xavier,16,0.0960404254141308,0.9773809523809524,1.0030771187941234,0.7855555555555556,1.1338321796390745,0.7788888888888889
hard,6,200006,1006,6000,32,5,relu,sgd,0.03,Xavier,17,0.0696787014461699,0.9876190476190476,1.0923337219821083,0.7622222222222222,1.1363473610745536,0.7766666666666666
hard,6,200006,1006,6000,32,5,relu,sgd,0.03,Xavier,18,0.0639705661364964,0.9890476190476192,1.1559250009059907,0.7555555555555555,1.2331020367145538,0.7711111111111111
hard,6,200006,1006,6000,32,5,relu,sgd,0.03,Xavier,19,0.050643758489972,0.991904761904762,1.1909026230706108,0.76,1.2774986616108153,0.7722222222222223
hard,6,200006,1006,6000,32,5,relu,sgd,0.03,Xavier,20,0.0408963597388494,0.9942857142857144,1.2039739350477854,0.7733333333333333,1.288265943610006,0.7611111111111111
hard,6,200006,1006,6000,32,5,relu,sgd,0.03,Orthogonal,0,1.7379301016671318,0.1976190476190476,1.7153345235188802,0.1911111111111111,1.7270829847123887,0.1722222222222222
hard,6,200006,1006,6000,32,5,relu,sgd,0.03,Orthogonal,1,1.17717099689302,0.5771428571428572,1.1955525096257529,0.5488888888888889,1.1995839738845826,0.5622222222222222
hard,6,200006,1006,6000,32,5,relu,sgd,0.03,Orthogonal,2,0.8436598605201358,0.715952380952381,0.9331365282005734,0.6744444444444444,0.9345493917995028,0.6911111111111111
hard,6,200006,1006,6000,32,5,relu,sgd,0.03,Orthogonal,3,0.6276917285010928,0.81,0.780193416873614,0.7655555555555555,0.8111142957210541,0.7377777777777778
hard,6,200006,1006,6000,32,5,relu,sgd,0.03,Orthogonal,4,0.5077356974283854,0.8561904761904762,0.7480122752984365,0.7755555555555556,0.7530739241176181,0.7711111111111111
hard,6,200006,1006,6000,32,5,relu,sgd,0.03,Orthogonal,5,0.4507065627688453,0.8761904761904762,0.6998260160287221,0.8077777777777778,0.7763346242904663,0.7711111111111111
hard,6,200006,1006,6000,32,5,relu,sgd,0.03,Orthogonal,6,0.3764633178710937,0.9011904761904762,0.7107154026296404,0.8111111111111111,0.7394464846452077,0.7977777777777778
hard,6,200006,1006,6000,32,5,relu,sgd,0.03,Orthogonal,7,0.3353556682949974,0.9054761904761904,0.7337562899457084,0.8033333333333333,0.7660255580809381,0.8011111111111111
hard,6,200006,1006,6000,32,5,relu,sgd,0.03,Orthogonal,8,0.2889113199143183,0.9264285714285714,0.7335780660311381,0.7955555555555556,0.7855948907799191,0.7922222222222223
hard,6,200006,1006,6000,32,5,relu,sgd,0.03,Orthogonal,9,0.2695737757001604,0.9257142857142856,0.7755330978499518,0.7677777777777778,0.8362483898798625,0.7788888888888889
hard,6,200006,1006,6000,32,5,relu,sgd,0.03,Orthogonal,10,0.2161614976610456,0.945,0.7997099005513721,0.7922222222222223,0.852418933543894,0.7911111111111111
hard,6,200006,1006,6000,32,5,relu,sgd,0.03,Orthogonal,11,0.2097647053854806,0.9428571428571428,0.8347582754823897,0.7888888888888889,0.8640683797829681,0.7866666666666666
hard,6,200006,1006,6000,32,5,relu,sgd,0.03,Orthogonal,12,0.1858685940787905,0.9485714285714286,0.8971213820907805,0.7677777777777778,0.9337262880802154,0.7711111111111111
hard,6,200006,1006,6000,32,5,relu,sgd,0.03,Orthogonal,13,0.1663131518591017,0.9526190476190476,0.8985453106297387,0.7755555555555556,0.952400895572371,0.7677777777777778
hard,6,200006,1006,6000,32,5,relu,sgd,0.03,Orthogonal,14,0.1300709772109985,0.9661904761904762,0.95440227177408,0.7777777777777778,0.9854377854532664,0.7755555555555556
hard,6,200006,1006,6000,32,5,relu,sgd,0.03,Orthogonal,15,0.1033455787386213,0.9738095238095238,0.9716845133569504,0.8,1.0412406527002651,0.7677777777777778
hard,6,200006,1006,6000,32,5,relu,sgd,0.03,Orthogonal,16,0.0902037319682893,0.9792857142857144,1.024834143916766,0.78,1.0915206761492624,0.7722222222222223
hard,6,200006,1006,6000,32,5,relu,sgd,0.03,Orthogonal,17,0.0843316993259248,0.98,1.0650049516558646,0.78,1.1445299580030972,0.7577777777777778
hard,6,200006,1006,6000,32,5,relu,sgd,0.03,Orthogonal,18,0.0694483842168535,0.9840476190476192,1.1554133996698592,0.7544444444444445,1.2177973586652011,0.7566666666666667
hard,6,200006,1006,6000,32,5,relu,sgd,0.03,Orthogonal,19,0.0598150353204636,0.9876190476190476,1.2171984933482276,0.7722222222222223,1.3156293596161737,0.7566666666666667
hard,6,200006,1006,6000,32,5,relu,sgd,0.03,Orthogonal,20,0.0392643889359065,0.9947619047619048,1.2313970952563815,0.77,1.2603969288700156,0.76
hard,7,200007,1007,6000,32,5,relu,sgd,0.03,RLCI,0,1.6967015874953495,0.1911904761904762,1.7002386146121555,0.2077777777777777,1.6975893031226263,0.1788888888888888
hard,7,200007,1007,6000,32,5,relu,sgd,0.03,RLCI,1,1.2807239278157552,0.4873809523809523,1.319728619787428,0.4444444444444444,1.3203360663519963,0.4688888888888889
hard,7,200007,1007,6000,32,5,relu,sgd,0.03,RLCI,2,0.988637444632394,0.6411904761904762,1.0653410784403483,0.5988888888888889,1.0812092436684502,0.6088888888888889
hard,7,200007,1007,6000,32,5,relu,sgd,0.03,RLCI,3,0.7475936907813663,0.7576190476190476,0.8703738890753852,0.7133333333333334,0.8896544498867459,0.7211111111111111
hard,7,200007,1007,6000,32,5,relu,sgd,0.03,RLCI,4,0.6145780436197916,0.8076190476190476,0.7970540669229296,0.7277777777777777,0.8270280128055149,0.7522222222222222
hard,7,200007,1007,6000,32,5,relu,sgd,0.03,RLCI,5,0.5384120695931571,0.8338095238095238,0.7744873725043403,0.7433333333333333,0.8170722697840797,0.7611111111111111
hard,7,200007,1007,6000,32,5,relu,sgd,0.03,RLCI,6,0.4682188161214192,0.8635714285714285,0.7459823702441322,0.7822222222222223,0.7912211398283641,0.7688888888888888
hard,7,200007,1007,6000,32,5,relu,sgd,0.03,RLCI,7,0.4373641159420922,0.8721428571428571,0.7660939535829756,0.7777777777777778,0.821088979906506,0.7677777777777778
hard,7,200007,1007,6000,32,5,relu,sgd,0.03,RLCI,8,0.3651258455004011,0.8895238095238095,0.778371022939682,0.7811111111111111,0.8369945764541626,0.7588888888888888
hard,7,200007,1007,6000,32,5,relu,sgd,0.03,RLCI,9,0.3329695806049165,0.8997619047619048,0.7945368056827121,0.7688888888888888,0.8802033476034801,0.7655555555555555
hard,7,200007,1007,6000,32,5,relu,sgd,0.03,RLCI,10,0.2704024392082577,0.9226190476190476,0.8332078689336777,0.7566666666666667,0.8518606344196531,0.7655555555555555
hard,7,200007,1007,6000,32,5,relu,sgd,0.03,RLCI,11,0.2293704752694992,0.9378571428571428,0.8224453050560422,0.7788888888888889,0.8790002957979838,0.7811111111111111
hard,7,200007,1007,6000,32,5,relu,sgd,0.03,RLCI,12,0.1953586458024524,0.945952380952381,0.867784533219205,0.7755555555555556,0.93701777405209,0.7622222222222222
hard,7,200007,1007,6000,32,5,relu,sgd,0.03,RLCI,13,0.1596003253119332,0.9583333333333334,0.8950137044654952,0.7833333333333333,0.9761296062999302,0.7666666666666667
hard,7,200007,1007,6000,32,5,relu,sgd,0.03,RLCI,14,0.1492844243276687,0.9607142857142856,0.9881326934364107,0.7677777777777778,1.059301018913587,0.7666666666666667
hard,7,200007,1007,6000,32,5,relu,sgd,0.03,RLCI,15,0.1222346344448271,0.9692857142857144,1.0096674875418346,0.7611111111111111,1.0760650482442644,0.7566666666666667
hard,7,200007,1007,6000,32,5,relu,sgd,0.03,RLCI,16,0.1223350493113199,0.9635714285714284,1.0655465088950262,0.7622222222222222,1.13757385108206,0.7577777777777778
hard,7,200007,1007,6000,32,5,relu,sgd,0.03,RLCI,17,0.0985805372964768,0.9764285714285714,1.0964601912183891,0.7677777777777778,1.2054908694161308,0.7522222222222222
hard,7,200007,1007,6000,32,5,relu,sgd,0.03,RLCI,18,0.0991384986468723,0.9683333333333334,1.1495214315421052,0.7511111111111111,1.2625877854559158,0.7522222222222222
hard,7,200007,1007,6000,32,5,relu,sgd,0.03,RLCI,19,0.068767575990586,0.9838095238095238,1.1614778551956018,0.7711111111111111,1.23912610106998,0.7533333333333333
hard,7,200007,1007,6000,32,5,relu,sgd,0.03,RLCI,20,0.0495619297027587,0.99,1.168261118705074,0.7722222222222223,1.2670972463819716,0.7555555555555555
hard,7,200007,1007,6000,32,5,relu,sgd,0.03,He,0,2.0713969094412668,0.1911904761904762,2.0818654007381863,0.2077777777777777,2.074679022894965,0.1788888888888888
hard,7,200007,1007,6000,32,5,relu,sgd,0.03,He,1,1.2409088243756976,0.503095238095238,1.3045401371849907,0.4555555555555555,1.2971942573123507,0.48
hard,7,200007,1007,6000,32,5,relu,sgd,0.03,He,2,0.9460685003371466,0.6585714285714286,1.0533141936196222,0.6,1.0716757289568584,0.6288888888888889
hard,7,200007,1007,6000,32,5,relu,sgd,0.03,He,3,0.7234412438528879,0.7588095238095238,0.9014940378401014,0.6822222222222222,0.9207479455735949,0.6944444444444444
hard,7,200007,1007,6000,32,5,relu,sgd,0.03,He,4,0.611695298694429,0.7995238095238095,0.863532018661499,0.7133333333333334,0.8866921945412953,0.7233333333333334
hard,7,200007,1007,6000,32,5,relu,sgd,0.03,He,5,0.5132707604907808,0.8373809523809523,0.8302430497275458,0.7355555555555555,0.8592765613396962,0.7411111111111112
hard,7,200007,1007,6000,32,5,relu,sgd,0.03,He,6,0.4414927046639578,0.8680952380952381,0.8052489872773488,0.7422222222222222,0.8370620999071333,0.7522222222222222
hard,7,200007,1007,6000,32,5,relu,sgd,0.03,He,7,0.4225098028637114,0.8745238095238095,0.832441734208001,0.7444444444444445,0.8627773083580865,0.73
hard,7,200007,1007,6000,32,5,relu,sgd,0.03,He,8,0.3353745533171154,0.8971428571428571,0.8353520407941606,0.7633333333333333,0.8974110494719612,0.7411111111111112
hard,7,200007,1007,6000,32,5,relu,sgd,0.03,He,9,0.2925046711876279,0.9145238095238096,0.8533384283383687,0.74,0.9099706382221646,0.7444444444444445
hard,7,200007,1007,6000,32,5,relu,sgd,0.03,He,10,0.2521360678899856,0.9273809523809524,0.8994617634349399,0.7466666666666667,0.919341343773736,0.75
hard,7,200007,1007,6000,32,5,relu,sgd,0.03,He,11,0.2013700494312104,0.9466666666666668,0.887804230120447,0.7444444444444445,0.9257511644893224,0.7555555555555555
hard,7,200007,1007,6000,32,5,relu,sgd,0.03,He,12,0.155542342095148,0.9616666666666668,0.93870223250654,0.7577777777777778,0.9806361969312032,0.7533333333333333
hard,7,200007,1007,6000,32,5,relu,sgd,0.03,He,13,0.1306340312957763,0.9695238095238096,0.981914184888204,0.7544444444444445,1.0310540268156263,0.7544444444444445
hard,7,200007,1007,6000,32,5,relu,sgd,0.03,He,14,0.1193741675785609,0.9697619047619048,1.0718981514539982,0.7311111111111112,1.1000924878650242,0.75
hard,7,200007,1007,6000,32,5,relu,sgd,0.03,He,15,0.0954882412865048,0.9771428571428572,1.1238142417205703,0.7455555555555555,1.155480635960897,0.7466666666666667
hard,7,200007,1007,6000,32,5,relu,sgd,0.03,He,16,0.0924146303676423,0.9764285714285714,1.1687034295002618,0.7311111111111112,1.186292045381334,0.7488888888888889
hard,7,200007,1007,6000,32,5,relu,sgd,0.03,He,17,0.1120446482158842,0.9666666666666668,1.3020230831040276,0.7166666666666667,1.287825403213501,0.7455555555555555
hard,7,200007,1007,6000,32,5,relu,sgd,0.03,He,18,0.1246535305749802,0.9564285714285714,1.3138292571074432,0.7311111111111112,1.3875730625788372,0.7388888888888889
hard,7,200007,1007,6000,32,5,relu,sgd,0.03,He,19,0.0552123261633373,0.9902380952380953,1.329406389262941,0.7244444444444444,1.3552444138791826,0.7422222222222222
hard,7,200007,1007,6000,32,5,relu,sgd,0.03,He,20,0.0382875896635509,0.9940476190476192,1.3567090923504697,0.73,1.385962683359782,0.7388888888888889
hard,7,200007,1007,6000,32,5,relu,sgd,0.03,Xavier,0,1.950334225609189,0.1911904761904762,1.9589334286583795,0.2077777777777777,1.953132010565864,0.1788888888888888
hard,7,200007,1007,6000,32,5,relu,sgd,0.03,Xavier,1,1.1990625345139276,0.5192857142857142,1.263877886666192,0.4711111111111111,1.2655323102739122,0.4922222222222222
hard,7,200007,1007,6000,32,5,relu,sgd,0.03,Xavier,2,0.8770454860868908,0.6983333333333334,0.9832450252109104,0.6422222222222222,1.0189739169014824,0.6644444444444444
hard,7,200007,1007,6000,32,5,relu,sgd,0.03,Xavier,3,0.6712634640648252,0.7857142857142857,0.8583047193951077,0.7222222222222222,0.886649380657408,0.7333333333333333
hard,7,200007,1007,6000,32,5,relu,sgd,0.03,Xavier,4,0.5605337796892439,0.8280952380952381,0.8142806243896484,0.7422222222222222,0.8504326184590657,0.7388888888888889
hard,7,200007,1007,6000,32,5,relu,sgd,0.03,Xavier,5,0.4588247362772624,0.8640476190476191,0.7788799153433905,0.7511111111111111,0.8180413982603285,0.7644444444444445
hard,7,200007,1007,6000,32,5,relu,sgd,0.03,Xavier,6,0.3978131021772112,0.8804761904761905,0.7604321151309543,0.77,0.810151718656222,0.7866666666666666
hard,7,200007,1007,6000,32,5,relu,sgd,0.03,Xavier,7,0.3701627172742571,0.8919047619047619,0.7996188828680251,0.7544444444444445,0.8458183832301034,0.7655555555555555
hard,7,200007,1007,6000,32,5,relu,sgd,0.03,Xavier,8,0.3017355174110049,0.9111904761904762,0.8012585598892635,0.7633333333333333,0.8780617985460494,0.7755555555555556
hard,7,200007,1007,6000,32,5,relu,sgd,0.03,Xavier,9,0.2660163911183675,0.9226190476190476,0.8115461544195811,0.7666666666666667,0.9150629820426304,0.76
hard,7,200007,1007,6000,32,5,relu,sgd,0.03,Xavier,10,0.2116934344882056,0.9388095238095238,0.8223662935362922,0.7644444444444445,0.9116422781017092,0.7633333333333333
hard,7,200007,1007,6000,32,5,relu,sgd,0.03,Xavier,11,0.1724338722229003,0.9571428571428572,0.8308041711648305,0.7766666666666666,0.9545816598667038,0.7555555555555555
hard,7,200007,1007,6000,32,5,relu,sgd,0.03,Xavier,12,0.1406291023890177,0.9638095238095238,0.8638100597924656,0.7733333333333333,1.0119690275854534,0.7577777777777778
hard,7,200007,1007,6000,32,5,relu,sgd,0.03,Xavier,13,0.1210087830679757,0.9704761904761904,0.9379115727212692,0.7622222222222222,1.079458168413904,0.7588888888888888
hard,7,200007,1007,6000,32,5,relu,sgd,0.03,Xavier,14,0.104541596685137,0.9754761904761904,1.0084288582536909,0.7588888888888888,1.1304038952787716,0.7666666666666667
hard,7,200007,1007,6000,32,5,relu,sgd,0.03,Xavier,15,0.0785839469092232,0.9838095238095238,1.013138060569763,0.7722222222222223,1.193722455435329,0.7477777777777778
hard,7,200007,1007,6000,32,5,relu,sgd,0.03,Xavier,16,0.0652077584039597,0.9876190476190476,1.0698959151075946,0.7666666666666667,1.2294693028264576,0.7488888888888889
hard,7,200007,1007,6000,32,5,relu,sgd,0.03,Xavier,17,0.0878836167426336,0.974047619047619,1.1462190371089511,0.7655555555555555,1.3172895587152904,0.7333333333333333
hard,7,200007,1007,6000,32,5,relu,sgd,0.03,Xavier,18,0.0720766343389238,0.9804761904761904,1.2139427697327403,0.7511111111111111,1.339259291489919,0.7488888888888889
hard,7,200007,1007,6000,32,5,relu,sgd,0.03,Xavier,19,0.0433223668734232,0.9938095238095238,1.215150281853146,0.7611111111111111,1.345697091155582,0.7377777777777778
hard,7,200007,1007,6000,32,5,relu,sgd,0.03,Xavier,20,0.0313941439560481,0.9954761904761904,1.2173923150698345,0.7588888888888888,1.4011330155531565,0.7533333333333333
hard,7,200007,1007,6000,32,5,relu,sgd,0.03,Orthogonal,0,1.792861764090402,0.219047619047619,1.7962046421898736,0.2177777777777777,1.7767337375217014,0.2122222222222222
hard,7,200007,1007,6000,32,5,relu,sgd,0.03,Orthogonal,1,1.1748652776082358,0.5616666666666666,1.2380378188027277,0.5066666666666667,1.2169975143008762,0.5333333333333333
hard,7,200007,1007,6000,32,5,relu,sgd,0.03,Orthogonal,2,0.8353681854974656,0.7169047619047619,0.9445946349038018,0.6477777777777778,0.9536142534679836,0.6688888888888889
hard,7,200007,1007,6000,32,5,relu,sgd,0.03,Orthogonal,3,0.6336158089410691,0.8135714285714286,0.7733515016237895,0.7488888888888889,0.8140033358997769,0.7544444444444445
hard,7,200007,1007,6000,32,5,relu,sgd,0.03,Orthogonal,4,0.5396608143761045,0.8366666666666667,0.7283150127198961,0.7777777777777778,0.7827091937594943,0.7766666666666666
hard,7,200007,1007,6000,32,5,relu,sgd,0.03,Orthogonal,5,0.4443600018819173,0.8790476190476191,0.7009571038352118,0.7911111111111111,0.7638615965843201,0.7911111111111111
hard,7,200007,1007,6000,32,5,relu,sgd,0.03,Orthogonal,6,0.4024080530802409,0.8835714285714286,0.7117661792702145,0.7733333333333333,0.7905503336588542,0.7866666666666666
hard,7,200007,1007,6000,32,5,relu,sgd,0.03,Orthogonal,7,0.3566484569367908,0.8935714285714286,0.7290175178315904,0.7811111111111111,0.808252256181505,0.7788888888888889
hard,7,200007,1007,6000,32,5,relu,sgd,0.03,Orthogonal,8,0.3177387183053153,0.9047619047619048,0.7820269580019845,0.7744444444444445,0.8442425040404001,0.78
hard,7,200007,1007,6000,32,5,relu,sgd,0.03,Orthogonal,9,0.2720100470951625,0.9207142857142856,0.7954474768373702,0.7611111111111111,0.8584532398647732,0.7855555555555556
hard,7,200007,1007,6000,32,5,relu,sgd,0.03,Orthogonal,10,0.258863715217227,0.9257142857142856,0.851864411301083,0.76,0.9051026431719462,0.7677777777777778
hard,7,200007,1007,6000,32,5,relu,sgd,0.03,Orthogonal,11,0.2006876931871686,0.946190476190476,0.8198732495307922,0.7844444444444445,0.9112587213516236,0.7733333333333333
hard,7,200007,1007,6000,32,5,relu,sgd,0.03,Orthogonal,12,0.1984037923812866,0.940952380952381,0.9241708548863729,0.7555555555555555,1.0254878118303088,0.76
hard,7,200007,1007,6000,32,5,relu,sgd,0.03,Orthogonal,13,0.1452164425168718,0.9611904761904762,0.8706762670146094,0.7955555555555556,1.0051655824979149,0.7677777777777778
hard,7,200007,1007,6000,32,5,relu,sgd,0.03,Orthogonal,14,0.1352614268802461,0.9666666666666668,0.9746320373482176,0.7733333333333333,1.0838369554943508,0.7677777777777778
hard,7,200007,1007,6000,32,5,relu,sgd,0.03,Orthogonal,15,0.1072099322364443,0.9709523809523808,0.9957912498050264,0.7733333333333333,1.1051339348157247,0.7622222222222222
hard,7,200007,1007,6000,32,5,relu,sgd,0.03,Orthogonal,16,0.0869422167823428,0.9804761904761904,1.0752234396007323,0.7733333333333333,1.1607659855153825,0.7633333333333333
hard,7,200007,1007,6000,32,5,relu,sgd,0.03,Orthogonal,17,0.0803406513304937,0.9809523809523808,1.081001583735148,0.7633333333333333,1.1856209515200722,0.7511111111111111
hard,7,200007,1007,6000,32,5,relu,sgd,0.03,Orthogonal,18,0.0763404949506123,0.9785714285714284,1.2043681695395043,0.7566666666666667,1.2999038594298893,0.7455555555555555
hard,7,200007,1007,6000,32,5,relu,sgd,0.03,Orthogonal,19,0.0568523269607907,0.9871428571428572,1.1518516051769256,0.7722222222222223,1.3181515034039817,0.7666666666666667
hard,7,200007,1007,6000,32,5,relu,sgd,0.03,Orthogonal,20,0.0531027712140764,0.9890476190476192,1.233798074523608,0.7577777777777778,1.3226710764567058,0.7533333333333333
hard,8,200008,1008,6000,32,5,relu,sgd,0.03,RLCI,0,1.6937852369035993,0.1978571428571428,1.675014508565267,0.2111111111111111,1.6854588582780623,0.2211111111111111
hard,8,200008,1008,6000,32,5,relu,sgd,0.03,RLCI,1,1.3464166768391927,0.4945238095238095,1.356833261913723,0.4844444444444444,1.3559675211376614,0.49
hard,8,200008,1008,6000,32,5,relu,sgd,0.03,RLCI,2,1.0006311053321475,0.6411904761904762,1.0721215624279443,0.5944444444444444,1.0552339760462444,0.6044444444444445
hard,8,200008,1008,6000,32,5,relu,sgd,0.03,RLCI,3,0.7887831333705357,0.7404761904761905,0.9118917412228056,0.6855555555555556,0.9002802345487807,0.6777777777777778
hard,8,200008,1008,6000,32,5,relu,sgd,0.03,RLCI,4,0.626713136945452,0.8073809523809524,0.7973338789410062,0.7422222222222222,0.7969760296079847,0.7433333333333333
hard,8,200008,1008,6000,32,5,relu,sgd,0.03,RLCI,5,0.5401591001238142,0.8445238095238096,0.7834257915284899,0.7522222222222222,0.7823649594518873,0.7544444444444445
hard,8,200008,1008,6000,32,5,relu,sgd,0.03,RLCI,6,0.4924316869463239,0.8519047619047619,0.7937009641859266,0.7477777777777778,0.7819943449232314,0.7755555555555556
hard,8,200008,1008,6000,32,5,relu,sgd,0.03,RLCI,7,0.4240973272777739,0.8752380952380953,0.8014643102222019,0.7644444444444445,0.7904173231124878,0.7677777777777778
hard,8,200008,1008,6000,32,5,relu,sgd,0.03,RLCI,8,0.3710260096050444,0.8940476190476191,0.813071543375651,0.7711111111111111,0.7922172350353665,0.79
hard,8,200008,1008,6000,32,5,relu,sgd,0.03,RLCI,9,0.327968042918614,0.9052380952380952,0.8443597020043268,0.7544444444444445,0.8222466765509712,0.7811111111111111
hard,8,200008,1008,6000,32,5,relu,sgd,0.03,RLCI,10,0.2714826561155773,0.924047619047619,0.8344774309794109,0.7677777777777778,0.8072590674294365,0.7955555555555556
hard,8,200008,1008,6000,32,5,relu,sgd,0.03,RLCI,11,0.2468440755208333,0.9323809523809524,0.9048077646891276,0.7544444444444445,0.9162538210550945,0.7766666666666666
hard,8,200008,1008,6000,32,5,relu,sgd,0.03,RLCI,12,0.2178552627563476,0.9407142857142856,0.914763725068834,0.7633333333333333,0.8865989918178983,0.7788888888888889
hard,8,200008,1008,6000,32,5,relu,sgd,0.03,RLCI,13,0.1895674510229201,0.944047619047619,0.9493761910332574,0.7644444444444445,0.9415494325425888,0.7744444444444445
hard,8,200008,1008,6000,32,5,relu,sgd,0.03,RLCI,14,0.150778329031808,0.9595238095238096,1.0251550239986844,0.7466666666666667,0.9777659469180636,0.7688888888888888
hard,8,200008,1008,6000,32,5,relu,sgd,0.03,RLCI,15,0.1289879158564976,0.9683333333333334,1.0675111802419026,0.7488888888888889,1.0537484412723117,0.7677777777777778
hard,8,200008,1008,6000,32,5,relu,sgd,0.03,RLCI,16,0.1097042338053385,0.9711904761904762,1.1815492969089083,0.7611111111111111,1.1114543024698893,0.7655555555555555
hard,8,200008,1008,6000,32,5,relu,sgd,0.03,RLCI,17,0.0914788643519083,0.98,1.1929498449961344,0.7477777777777778,1.1852939722273086,0.7677777777777778
hard,8,200008,1008,6000,32,5,relu,sgd,0.03,RLCI,18,0.0701825701055072,0.9854761904761904,1.3156245697869196,0.7466666666666667,1.261434022055732,0.7677777777777778
hard,8,200008,1008,6000,32,5,relu,sgd,0.03,RLCI,19,0.052834935983022,0.9909523809523808,1.3085180727640788,0.7522222222222222,1.2693023109436037,0.7711111111111111
hard,8,200008,1008,6000,32,5,relu,sgd,0.03,RLCI,20,0.0557609186853681,0.9888095238095238,1.3744706047905817,0.7511111111111111,1.3159285985098943,0.7633333333333333
hard,8,200008,1008,6000,32,5,relu,sgd,0.03,He,0,2.052788743518648,0.1978571428571428,2.0118822876612343,0.2111111111111111,2.0374067952897814,0.2211111111111111
hard,8,200008,1008,6000,32,5,relu,sgd,0.03,He,1,1.2538699268159412,0.5247619047619048,1.291663261519538,0.4877777777777777,1.278564442528619,0.51
hard,8,200008,1008,6000,32,5,relu,sgd,0.03,He,2,0.9486267380487352,0.665,1.0543565358055962,0.5977777777777777,1.0230212399694654,0.6088888888888889
hard,8,200008,1008,6000,32,5,relu,sgd,0.03,He,3,0.7380821246192569,0.7623809523809524,0.9268210993872747,0.6755555555555556,0.8855322252379524,0.7
hard,8,200008,1008,6000,32,5,relu,sgd,0.03,He,4,0.6104040018717448,0.8107142857142857,0.8481853379143609,0.7077777777777777,0.8240328391393026,0.73
hard,8,200008,1008,6000,32,5,relu,sgd,0.03,He,5,0.538671810513451,0.8373809523809523,0.84975288550059,0.7244444444444444,0.8206606022516887,0.7333333333333333
hard,8,200008,1008,6000,32,5,relu,sgd,0.03,He,6,0.4808058793204171,0.8523809523809524,0.8702413638432821,0.7155555555555555,0.8275974210103353,0.7555555555555555
hard,8,200008,1008,6000,32,5,relu,sgd,0.03,He,7,0.4181468672979446,0.8728571428571429,0.8773950237698025,0.7233333333333334,0.8175533617867364,0.7544444444444445
hard,8,200008,1008,6000,32,5,relu,sgd,0.03,He,8,0.3499473499116443,0.895952380952381,0.8898077196545071,0.7366666666666667,0.8416715992821587,0.7511111111111111
hard,8,200008,1008,6000,32,5,relu,sgd,0.03,He,9,0.3390254047938755,0.8978571428571429,0.9452560244666206,0.7188888888888889,0.8822608449723985,0.7422222222222222
hard,8,200008,1008,6000,32,5,relu,sgd,0.03,He,10,0.2710596752166748,0.9223809523809524,0.930251562330458,0.7366666666666667,0.8746265835232205,0.7611111111111111
hard,8,200008,1008,6000,32,5,relu,sgd,0.03,He,11,0.233529219400315,0.9342857142857144,0.9702256022559272,0.7411111111111112,0.9300871562957764,0.75
hard,8,200008,1008,6000,32,5,relu,sgd,0.03,He,12,0.2477255507877895,0.9264285714285714,1.0284977393680148,0.7166666666666667,0.9831428633795845,0.7188888888888889
hard,8,200008,1008,6000,32,5,relu,sgd,0.03,He,13,0.1580369234085083,0.9614285714285714,1.0307651768790351,0.7488888888888889,0.9747270276811388,0.76
hard,8,200008,1008,6000,32,5,relu,sgd,0.03,He,14,0.1270887772242228,0.9714285714285714,1.0984742938147651,0.7211111111111111,1.0660319879319933,0.7488888888888889
hard,8,200008,1008,6000,32,5,relu,sgd,0.03,He,15,0.1187906885147094,0.9702380952380952,1.1870615821414523,0.7122222222222222,1.144999328189426,0.7333333333333333
hard,8,200008,1008,6000,32,5,relu,sgd,0.03,He,16,0.083522633370899,0.9826190476190476,1.2459122032589385,0.7211111111111111,1.1480159494611952,0.7411111111111112
hard,8,200008,1008,6000,32,5,relu,sgd,0.03,He,17,0.0627229377201625,0.9909523809523808,1.2615854114956326,0.7322222222222222,1.2226967196994358,0.7333333333333333
hard,8,200008,1008,6000,32,5,relu,sgd,0.03,He,18,0.0609529804048084,0.988095238095238,1.3629708353678385,0.7177777777777777,1.2990548706054688,0.7388888888888889
hard,8,200008,1008,6000,32,5,relu,sgd,0.03,He,19,0.0449040541194734,0.9942857142857144,1.4149669541252985,0.7266666666666667,1.3511513010660807,0.7388888888888889
hard,8,200008,1008,6000,32,5,relu,sgd,0.03,He,20,0.0297945286546434,0.9985714285714286,1.4396985700395373,0.7322222222222222,1.3868126508924696,0.7333333333333333
hard,8,200008,1008,6000,32,5,relu,sgd,0.03,Xavier,0,1.936796050298781,0.1978571428571428,1.9013596683078344,0.2111111111111111,1.922843713760376,0.2211111111111111
hard,8,200008,1008,6000,32,5,relu,sgd,0.03,Xavier,1,1.2397345951625278,0.5342857142857143,1.2716047732035318,0.51,1.2636716153886582,0.5222222222222223
hard,8,200008,1008,6000,32,5,relu,sgd,0.03,Xavier,2,0.8918888273693266,0.6971428571428572,0.9861114067501492,0.6288888888888889,0.9748617137802972,0.6488888888888888
hard,8,200008,1008,6000,32,5,relu,sgd,0.03,Xavier,3,0.676386246454148,0.7978571428571428,0.8461858426200018,0.7122222222222222,0.8455757125218709,0.7266666666666667
hard,8,200008,1008,6000,32,5,relu,sgd,0.03,Xavier,4,0.5611539631798154,0.8352380952380952,0.7971227714750502,0.7322222222222222,0.7992661807272169,0.7388888888888889
hard,8,200008,1008,6000,32,5,relu,sgd,0.03,Xavier,5,0.4749102828616188,0.865,0.7711950132581923,0.7655555555555555,0.7990726115968493,0.7511111111111111
hard,8,200008,1008,6000,32,5,relu,sgd,0.03,Xavier,6,0.4280782563345773,0.8726190476190476,0.7972624837027655,0.7422222222222222,0.8149289549721612,0.7611111111111111
hard,8,200008,1008,6000,32,5,relu,sgd,0.03,Xavier,7,0.3551806831359863,0.8995238095238095,0.7929750410715739,0.7633333333333333,0.799441024992201,0.7622222222222222
hard,8,200008,1008,6000,32,5,relu,sgd,0.03,Xavier,8,0.3110652233305431,0.9126190476190476,0.8095260938008626,0.7655555555555555,0.8197984684838189,0.7622222222222222
hard,8,200008,1008,6000,32,5,relu,sgd,0.03,Xavier,9,0.2802413817814418,0.9211904761904762,0.8737983391020033,0.7422222222222222,0.864275901582506,0.76
hard,8,200008,1008,6000,32,5,relu,sgd,0.03,Xavier,10,0.2299735441662016,0.9352380952380952,0.860941653251648,0.7755555555555556,0.8705715221828885,0.7688888888888888
hard,8,200008,1008,6000,32,5,relu,sgd,0.03,Xavier,11,0.1928246797834124,0.9485714285714286,0.9272284481260512,0.7677777777777778,0.9407170475853814,0.7811111111111111
hard,8,200008,1008,6000,32,5,relu,sgd,0.03,Xavier,12,0.1890527316502162,0.9464285714285714,0.9610655307769777,0.7422222222222222,0.919522933959961,0.7655555555555555
hard,8,200008,1008,6000,32,5,relu,sgd,0.03,Xavier,13,0.1561044188908168,0.956190476190476,1.0077476851145426,0.7544444444444445,0.9884497833251952,0.7544444444444445
hard,8,200008,1008,6000,32,5,relu,sgd,0.03,Xavier,14,0.118165028208778,0.9728571428571428,1.0525777848561604,0.7433333333333333,1.0333159255981446,0.7677777777777778
hard,8,200008,1008,6000,32,5,relu,sgd,0.03,Xavier,15,0.088170675663721,0.9840476190476192,1.0664399920569525,0.7611111111111111,1.0897657118903266,0.7644444444444445
hard,8,200008,1008,6000,32,5,relu,sgd,0.03,Xavier,16,0.0689479865346636,0.988095238095238,1.1487137264675564,0.7566666666666667,1.1421457205878365,0.7622222222222222
hard,8,200008,1008,6000,32,5,relu,sgd,0.03,Xavier,17,0.0611904592741103,0.9909523809523808,1.1931950865851508,0.7566666666666667,1.2181936603122288,0.7744444444444445
hard,8,200008,1008,6000,32,5,relu,sgd,0.03,Xavier,18,0.053990219888233,0.9895238095238096,1.3028862232632108,0.7466666666666667,1.28069124645657,0.7488888888888889
hard,8,200008,1008,6000,32,5,relu,sgd,0.03,Xavier,19,0.0426051432178134,0.9947619047619048,1.3234012836880154,0.7455555555555555,1.3284092670016818,0.7566666666666667
hard,8,200008,1008,6000,32,5,relu,sgd,0.03,Xavier,20,0.0296026724293118,0.9978571428571428,1.342244373957316,0.7488888888888889,1.3817999606662326,0.7555555555555555
hard,8,200008,1008,6000,32,5,relu,sgd,0.03,Orthogonal,0,1.671372836884998,0.2071428571428571,1.6647884400685629,0.2211111111111111,1.6616156673431397,0.2177777777777777
hard,8,200008,1008,6000,32,5,relu,sgd,0.03,Orthogonal,1,1.2191510046096077,0.549047619047619,1.2467682149675157,0.5344444444444445,1.2352561728159586,0.5544444444444444
hard,8,200008,1008,6000,32,5,relu,sgd,0.03,Orthogonal,2,0.8410334432692755,0.7211904761904762,0.9282503684361776,0.6666666666666666,0.9315362575319078,0.6877777777777778
hard,8,200008,1008,6000,32,5,relu,sgd,0.03,Orthogonal,3,0.6292500750223795,0.8183333333333334,0.803181087176005,0.75,0.7924226225747002,0.7455555555555555
hard,8,200008,1008,6000,32,5,relu,sgd,0.03,Orthogonal,4,0.5120199130830311,0.8571428571428571,0.7466877253850301,0.7611111111111111,0.7422545658217536,0.7866666666666666
hard,8,200008,1008,6000,32,5,relu,sgd,0.03,Orthogonal,5,0.4489634132385254,0.8761904761904762,0.7578993686040243,0.7688888888888888,0.7629807721243964,0.7844444444444445
hard,8,200008,1008,6000,32,5,relu,sgd,0.03,Orthogonal,6,0.3856038297925677,0.8938095238095238,0.7663075436486139,0.7722222222222223,0.7450482734044392,0.7866666666666666
hard,8,200008,1008,6000,32,5,relu,sgd,0.03,Orthogonal,7,0.3373586232321603,0.9107142857142856,0.7892308055029975,0.7644444444444445,0.7780516613854302,0.7877777777777778
hard,8,200008,1008,6000,32,5,relu,sgd,0.03,Orthogonal,8,0.2883699217296782,0.9214285714285714,0.8137634023030599,0.7744444444444445,0.787607803079817,0.79
hard,8,200008,1008,6000,32,5,relu,sgd,0.03,Orthogonal,9,0.2682301884605771,0.9235714285714286,0.877316026157803,0.7633333333333333,0.8529809432559543,0.7866666666666666
hard,8,200008,1008,6000,32,5,relu,sgd,0.03,Orthogonal,10,0.2184832654680524,0.9376190476190476,0.8887048562367758,0.7666666666666667,0.8715848016738892,0.7766666666666666
hard,8,200008,1008,6000,32,5,relu,sgd,0.03,Orthogonal,11,0.2034899752480643,0.9411904761904762,0.941023966471354,0.7588888888888888,0.952651408513387,0.7755555555555556
hard,8,200008,1008,6000,32,5,relu,sgd,0.03,Orthogonal,12,0.2206340567270914,0.9252380952380952,0.9875359185536704,0.7455555555555555,0.980196336110433,0.7588888888888888
hard,8,200008,1008,6000,32,5,relu,sgd,0.03,Orthogonal,13,0.1648305259432111,0.950952380952381,1.0175328763326008,0.7633333333333333,1.020666266547309,0.7711111111111111
hard,8,200008,1008,6000,32,5,relu,sgd,0.03,Orthogonal,14,0.1189633051554362,0.9709523809523808,1.0624537150065103,0.7422222222222222,1.054567699962192,0.7755555555555556
hard,8,200008,1008,6000,32,5,relu,sgd,0.03,Orthogonal,15,0.0993352582341148,0.9757142857142858,1.107697639465332,0.7588888888888888,1.0789990790685018,0.7588888888888888
hard,8,200008,1008,6000,32,5,relu,sgd,0.03,Orthogonal,16,0.0909681801568894,0.9778571428571428,1.1530417601267495,0.7666666666666667,1.167928147845798,0.7688888888888888
hard,8,200008,1008,6000,32,5,relu,sgd,0.03,Orthogonal,17,0.0663972920463198,0.9854761904761904,1.1552592383490667,0.7688888888888888,1.1669031074311995,0.7744444444444445
hard,8,200008,1008,6000,32,5,relu,sgd,0.03,Orthogonal,18,0.0473889680135817,0.9914285714285714,1.2881735059950086,0.7611111111111111,1.2849104415045844,0.7877777777777778
hard,8,200008,1008,6000,32,5,relu,sgd,0.03,Orthogonal,19,0.0379106431347983,0.9961904761904762,1.3165311813354492,0.7588888888888888,1.3379602241516113,0.7688888888888888
hard,8,200008,1008,6000,32,5,relu,sgd,0.03,Orthogonal,20,0.0310217692170824,0.9964285714285714,1.3551737636990018,0.7711111111111111,1.323565124935574,0.7744444444444445
hard,9,200009,1009,6000,32,5,relu,sgd,0.03,RLCI,0,1.6946732984270367,0.2192857142857142,1.7025377040439182,0.2022222222222222,1.6966045602162678,0.2222222222222222
hard,9,200009,1009,6000,32,5,relu,sgd,0.03,RLCI,1,1.3473570324125743,0.4659523809523809,1.3773828808466593,0.4455555555555555,1.3582941341400143,0.45
hard,9,200009,1009,6000,32,5,relu,sgd,0.03,RLCI,2,1.017948731921968,0.6416666666666667,1.060674523247613,0.6011111111111112,1.062351909743415,0.6222222222222222
hard,9,200009,1009,6000,32,5,relu,sgd,0.03,RLCI,3,0.7871366482689267,0.7438095238095238,0.864927860101064,0.7044444444444444,0.8839555785391066,0.7
hard,9,200009,1009,6000,32,5,relu,sgd,0.03,RLCI,4,0.6496860921950567,0.8019047619047619,0.7939884928862254,0.7455555555555555,0.8087318290604485,0.7511111111111111
hard,9,200009,1009,6000,32,5,relu,sgd,0.03,RLCI,5,0.5494697543552943,0.8442857142857143,0.7532108804914687,0.7677777777777778,0.7623817618687948,0.7766666666666666
hard,9,200009,1009,6000,32,5,relu,sgd,0.03,RLCI,6,0.4761511602855864,0.8695238095238095,0.7458801194032033,0.7866666666666666,0.7718388218349881,0.7744444444444445
hard,9,200009,1009,6000,32,5,relu,sgd,0.03,RLCI,7,0.4320982406252906,0.8795238095238095,0.7279285193151898,0.7988888888888889,0.7383767557144165,0.7777777777777778
hard,9,200009,1009,6000,32,5,relu,sgd,0.03,RLCI,8,0.3755084537324451,0.8973809523809524,0.7346649373902215,0.8011111111111111,0.7507978452576531,0.7944444444444444
hard,9,200009,1009,6000,32,5,relu,sgd,0.03,RLCI,9,0.3510458215077718,0.9011904761904762,0.7885894658168157,0.7811111111111111,0.7710583342446221,0.7855555555555556
hard,9,200009,1009,6000,32,5,relu,sgd,0.03,RLCI,10,0.3069853650955926,0.9157142857142856,0.7760436875621478,0.7955555555555556,0.7882991743087768,0.7888888888888889
hard,9,200009,1009,6000,32,5,relu,sgd,0.03,RLCI,11,0.2651223804837181,0.9261904761904762,0.7769838228490618,0.8022222222222222,0.8289532174004449,0.7844444444444445
hard,9,200009,1009,6000,32,5,relu,sgd,0.03,RLCI,12,0.2492700063614618,0.9276190476190476,0.8453603085544374,0.7866666666666666,0.8742602120505439,0.7888888888888889
hard,9,200009,1009,6000,32,5,relu,sgd,0.03,RLCI,13,0.2297401596250988,0.9361904761904762,0.930374798907174,0.7766666666666666,0.9413399322827656,0.7788888888888889
hard,9,200009,1009,6000,32,5,relu,sgd,0.03,RLCI,14,0.1796518150965372,0.9552380952380952,0.9334430886639488,0.7766666666666666,0.972458168665568,0.7666666666666667
hard,9,200009,1009,6000,32,5,relu,sgd,0.03,RLCI,15,0.182189458211263,0.946190476190476,0.9808661833736632,0.7644444444444445,0.989475138982137,0.7544444444444445
hard,9,200009,1009,6000,32,5,relu,sgd,0.03,RLCI,16,0.1378293262209211,0.961904761904762,1.0393702265951368,0.7711111111111111,1.0437922641966078,0.7733333333333333
hard,9,200009,1009,6000,32,5,relu,sgd,0.03,RLCI,17,0.1412976507913498,0.9578571428571429,1.1597406372759078,0.7555555555555555,1.1169842471016778,0.7633333333333333
hard,9,200009,1009,6000,32,5,relu,sgd,0.03,RLCI,18,0.1060320413680303,0.9726190476190476,1.1596305293507043,0.7577777777777778,1.1684043158425226,0.7733333333333333
hard,9,200009,1009,6000,32,5,relu,sgd,0.03,RLCI,19,0.0754160699390229,0.9833333333333332,1.1862087965011596,0.7622222222222222,1.2247391335169475,0.7511111111111111
hard,9,200009,1009,6000,32,5,relu,sgd,0.03,RLCI,20,0.1013830087298438,0.9714285714285714,1.2407910060882568,0.7566666666666667,1.258528980149163,0.7488888888888889
hard,9,200009,1009,6000,32,5,relu,sgd,0.03,He,0,2.865028381347656,0.2192857142857142,2.9168404409620496,0.2022222222222222,2.865293539894952,0.2222222222222222
hard,9,200009,1009,6000,32,5,relu,sgd,0.03,He,1,1.320974117460705,0.4571428571428571,1.3581740050845676,0.4577777777777778,1.335990549723307,0.4611111111111111
hard,9,200009,1009,6000,32,5,relu,sgd,0.03,He,2,1.0274264471871513,0.6240476190476191,1.0877729574839274,0.5811111111111111,1.0916353220409818,0.5944444444444444
hard,9,200009,1009,6000,32,5,relu,sgd,0.03,He,3,0.805792952037993,0.7342857142857143,0.918475963274638,0.6711111111111111,0.9301203706529404,0.6644444444444444
hard,9,200009,1009,6000,32,5,relu,sgd,0.03,He,4,0.6906791269211542,0.7752380952380953,0.8630063107278612,0.7,0.8631259836090935,0.7155555555555555
hard,9,200009,1009,6000,32,5,relu,sgd,0.03,He,5,0.5638134883698963,0.8316666666666667,0.8096845498349932,0.7355555555555555,0.8067347464296553,0.74
hard,9,200009,1009,6000,32,5,relu,sgd,0.03,He,6,0.4969285338265555,0.8504761904761905,0.8147739087210761,0.7522222222222222,0.8144481194019317,0.7577777777777778
hard,9,200009,1009,6000,32,5,relu,sgd,0.03,He,7,0.445546954018729,0.8697619047619047,0.80939499007331,0.7577777777777778,0.8219509540663825,0.7577777777777778
hard,9,200009,1009,6000,32,5,relu,sgd,0.03,He,8,0.3836506598336356,0.8954761904761904,0.8176886834700903,0.7555555555555555,0.8125763048066034,0.76
hard,9,200009,1009,6000,32,5,relu,sgd,0.03,He,9,0.3315953536260695,0.9102380952380952,0.8394552171230316,0.7611111111111111,0.8220709742440118,0.77
hard,9,200009,1009,6000,32,5,relu,sgd,0.03,He,10,0.2968377799079532,0.9185714285714286,0.8755339622497559,0.7555555555555555,0.8590103350745307,0.7655555555555555
hard,9,200009,1009,6000,32,5,relu,sgd,0.03,He,11,0.2614850303104946,0.9283333333333332,0.9182613884078132,0.7466666666666667,0.9298909404542712,0.7444444444444445
hard,9,200009,1009,6000,32,5,relu,sgd,0.03,He,12,0.2354514489855085,0.9328571428571428,0.958173345790969,0.7355555555555555,0.9314728946155972,0.7577777777777778
hard,9,200009,1009,6000,32,5,relu,sgd,0.03,He,13,0.2043275369916643,0.9447619047619048,1.0392079416910809,0.7422222222222222,0.990276210837894,0.7377777777777778
hard,9,200009,1009,6000,32,5,relu,sgd,0.03,He,14,0.1790145567485264,0.951190476190476,1.0427277506722343,0.7377777777777778,1.0196654568778143,0.7433333333333333
hard,9,200009,1009,6000,32,5,relu,sgd,0.03,He,15,0.1379240526471819,0.9683333333333334,1.0874726744492849,0.75,1.0679955699708727,0.7444444444444445
hard,9,200009,1009,6000,32,5,relu,sgd,0.03,He,16,0.1153642554510207,0.9716666666666668,1.148047219713529,0.7522222222222222,1.120532422065735,0.7444444444444445
hard,9,200009,1009,6000,32,5,relu,sgd,0.03,He,17,0.0986038559959048,0.9776190476190476,1.2370495467715794,0.7488888888888889,1.219752271440294,0.74
hard,9,200009,1009,6000,32,5,relu,sgd,0.03,He,18,0.0692872719537644,0.9888095238095238,1.2364918253156874,0.7522222222222222,1.2598020479414198,0.7344444444444445
hard,9,200009,1009,6000,32,5,relu,sgd,0.03,He,19,0.0690933858780633,0.9873809523809524,1.3511190207799275,0.7377777777777778,1.336233705414666,0.7388888888888889
hard,9,200009,1009,6000,32,5,relu,sgd,0.03,He,20,0.0519916565077645,0.9914285714285714,1.3880994021892548,0.7488888888888889,1.3708970504336886,0.7333333333333333
hard,9,200009,1009,6000,32,5,relu,sgd,0.03,Xavier,0,2.5636197044735862,0.2192857142857142,2.6056849649217395,0.2022222222222222,2.5644987191094293,0.2222222222222222
hard,9,200009,1009,6000,32,5,relu,sgd,0.03,Xavier,1,1.25962033589681,0.5233333333333333,1.3060870334837171,0.4888888888888889,1.2859878857930502,0.5
hard,9,200009,1009,6000,32,5,relu,sgd,0.03,Xavier,2,0.9249126961117698,0.6814285714285714,1.0060089259677465,0.6266666666666667,0.9997959648238288,0.6411111111111111
hard,9,200009,1009,6000,32,5,relu,sgd,0.03,Xavier,3,0.715285895211356,0.7723809523809524,0.8409152415063647,0.7255555555555555,0.8803017944759792,0.7022222222222222
hard,9,200009,1009,6000,32,5,relu,sgd,0.03,Xavier,4,0.596697822752453,0.8192857142857143,0.7996433324284024,0.7477777777777778,0.8277764452828301,0.7311111111111112
hard,9,200009,1009,6000,32,5,relu,sgd,0.03,Xavier,5,0.4891837910243443,0.8633333333333333,0.7579572533236609,0.7788888888888889,0.7915173774295383,0.7522222222222222
hard,9,200009,1009,6000,32,5,relu,sgd,0.03,Xavier,6,0.4274946049281529,0.8773809523809524,0.7840645607312521,0.7744444444444445,0.8155156535572475,0.76
hard,9,200009,1009,6000,32,5,relu,sgd,0.03,Xavier,7,0.3849286215645926,0.8876190476190476,0.7832258452309503,0.7866666666666666,0.8246240237024095,0.7722222222222223
hard,9,200009,1009,6000,32,5,relu,sgd,0.03,Xavier,8,0.3135340213775635,0.918095238095238,0.8034027104907565,0.7811111111111111,0.8322422991858588,0.7644444444444445
hard,9,200009,1009,6000,32,5,relu,sgd,0.03,Xavier,9,0.2733790574754987,0.9271428571428572,0.8353981688949796,0.7777777777777778,0.8433743937810262,0.7722222222222223
hard,9,200009,1009,6000,32,5,relu,sgd,0.03,Xavier,10,0.2306007444290887,0.9416666666666668,0.8468007160557641,0.7866666666666666,0.8781699270672269,0.7611111111111111
hard,9,200009,1009,6000,32,5,relu,sgd,0.03,Xavier,11,0.2134138293493361,0.946190476190476,0.8833097607559628,0.7677777777777778,0.9716878668467204,0.7288888888888889
hard,9,200009,1009,6000,32,5,relu,sgd,0.03,Xavier,12,0.17228119350615,0.955952380952381,0.944831727412012,0.7711111111111111,0.9997763919830324,0.7433333333333333
hard,9,200009,1009,6000,32,5,relu,sgd,0.03,Xavier,13,0.1505051292691911,0.961904761904762,1.0249379995134142,0.7622222222222222,1.0449264976713393,0.7533333333333333
hard,9,200009,1009,6000,32,5,relu,sgd,0.03,Xavier,14,0.1246763635817028,0.971904761904762,1.0815559916363822,0.7611111111111111,1.1185561519198948,0.7366666666666667
hard,9,200009,1009,6000,32,5,relu,sgd,0.03,Xavier,15,0.1086674871898832,0.9754761904761904,1.140093252129025,0.7577777777777778,1.1565076933966745,0.7388888888888889
hard,9,200009,1009,6000,32,5,relu,sgd,0.03,Xavier,16,0.0865498218082246,0.9797619047619048,1.1960412000616392,0.7655555555555555,1.208339982562595,0.7511111111111111
hard,9,200009,1009,6000,32,5,relu,sgd,0.03,Xavier,17,0.0769533932776678,0.9838095238095238,1.2428461957640118,0.7677777777777778,1.239658972422282,0.7477777777777778
hard,9,200009,1009,6000,32,5,relu,sgd,0.03,Xavier,18,0.0613985350018455,0.9890476190476192,1.2917376783159045,0.7466666666666667,1.3266948943667942,0.7422222222222222
hard,9,200009,1009,6000,32,5,relu,sgd,0.03,Xavier,19,0.0502346169948577,0.9911904761904762,1.3043758804268306,0.7544444444444445,1.3821388922797309,0.7322222222222222
hard,9,200009,1009,6000,32,5,relu,sgd,0.03,Xavier,20,0.0443639961878458,0.9923809523809524,1.3740691022078195,0.7622222222222222,1.420642817815145,0.7377777777777778
hard,9,200009,1009,6000,32,5,relu,sgd,0.03,Orthogonal,0,1.952378867013114,0.2295238095238095,1.9513155841827392,0.2088888888888889,1.948054281870524,0.2222222222222222
hard,9,200009,1009,6000,32,5,relu,sgd,0.03,Orthogonal,1,1.2485628182547432,0.5328571428571428,1.2977683300442169,0.4822222222222222,1.2652812136544125,0.5255555555555556
hard,9,200009,1009,6000,32,5,relu,sgd,0.03,Orthogonal,2,0.877383531842913,0.7069047619047619,0.9651205870840284,0.6722222222222223,0.9345668143696256,0.6777777777777778
hard,9,200009,1009,6000,32,5,relu,sgd,0.03,Orthogonal,3,0.6632965324038551,0.8016666666666666,0.7966860185729133,0.7422222222222222,0.7823793776830037,0.75
hard,9,200009,1009,6000,32,5,relu,sgd,0.03,Orthogonal,4,0.5614724767775763,0.8347619047619048,0.7853622602091895,0.7511111111111111,0.7616609546873304,0.7766666666666666
hard,9,200009,1009,6000,32,5,relu,sgd,0.03,Orthogonal,5,0.4738736488705589,0.8676190476190476,0.7411159327957365,0.7855555555555556,0.7259039089414808,0.7966666666666666
hard,9,200009,1009,6000,32,5,relu,sgd,0.03,Orthogonal,6,0.4130468495686848,0.8852380952380953,0.780338884194692,0.78,0.7557044416003758,0.7888888888888889
hard,9,200009,1009,6000,32,5,relu,sgd,0.03,Orthogonal,7,0.3558455149332682,0.9033333333333332,0.7558078428109487,0.7977777777777778,0.7300180906719632,0.8055555555555556
hard,9,200009,1009,6000,32,5,relu,sgd,0.03,Orthogonal,8,0.304184634799049,0.914047619047619,0.7648167794280581,0.7944444444444444,0.7417267402013142,0.81
hard,9,200009,1009,6000,32,5,relu,sgd,0.03,Orthogonal,9,0.2857705842880975,0.918809523809524,0.8199212114347352,0.7866666666666666,0.7765286058849759,0.8033333333333333
hard,9,200009,1009,6000,32,5,relu,sgd,0.03,Orthogonal,10,0.2466901938120524,0.9283333333333332,0.8223217051890161,0.7933333333333333,0.8135098218917847,0.8033333333333333
hard,9,200009,1009,6000,32,5,relu,sgd,0.03,Orthogonal,11,0.2326662935529436,0.9278571428571428,0.8266271430916257,0.7855555555555556,0.8413608800040351,0.7888888888888889
hard,9,200009,1009,6000,32,5,relu,sgd,0.03,Orthogonal,12,0.2200483876182919,0.9307142857142856,0.8962028234700362,0.77,0.9006414108806187,0.7966666666666666
hard,9,200009,1009,6000,32,5,relu,sgd,0.03,Orthogonal,13,0.1785765759150187,0.9473809523809524,0.9485574206047588,0.7711111111111111,0.9548654619852702,0.7888888888888889
hard,9,200009,1009,6000,32,5,relu,sgd,0.03,Orthogonal,14,0.1263821331659952,0.97,0.972371463212702,0.7644444444444445,0.951326937145657,0.7911111111111111
hard,9,200009,1009,6000,32,5,relu,sgd,0.03,Orthogonal,15,0.1069882306598481,0.9759523809523808,1.017494027449025,0.7566666666666667,1.0076638825734456,0.7744444444444445
hard,9,200009,1009,6000,32,5,relu,sgd,0.03,Orthogonal,16,0.1045051064945402,0.9757142857142858,1.0754017089969583,0.7688888888888888,1.090742025375366,0.7777777777777778
hard,9,200009,1009,6000,32,5,relu,sgd,0.03,Orthogonal,17,0.0708296087809971,0.9871428571428572,1.1364924950732125,0.7588888888888888,1.1125370894538031,0.7811111111111111
hard,9,200009,1009,6000,32,5,relu,sgd,0.03,Orthogonal,18,0.0681694008055187,0.9876190476190476,1.158990608950456,0.7677777777777778,1.1572495153215197,0.7766666666666666
hard,9,200009,1009,6000,32,5,relu,sgd,0.03,Orthogonal,19,0.0497523759660266,0.9928571428571428,1.1994314799747534,0.7633333333333333,1.20750080426534,0.7744444444444445
hard,9,200009,1009,6000,32,5,relu,sgd,0.03,Orthogonal,20,0.0533635667959849,0.9885714285714284,1.2309230010790957,0.77,1.2731774881150988,0.78
